rank,brand,brand_ar,name_en,name_ar,rating,longevity,projection,year,price_ref,keyword_ar,keyword_en
1,Amado,امادو,Veneno,فينينو,5,5,3.8,2023,270,عطر فينينو,Veneno
2,Louis Vuitton,لويس فيتون,Pur Ambre,بور عنبر,4.63,4.8,4.6,2024,3100,عطر بور عنبر,Pur Ambre
3,Amado,امادو,Nuit de Reve,أمادو نوي ريف,4.88,4.2,4.1,2020,600,عطر أمادو نوي ريف,Nuit de Reve
4,Amado,امادو,Sublime,سوبليم,4.67,4,4.7,2017,17,عطر سوبليم,Sublime
5,Amado,امادو,Cuir Sublime,كيور سوبليم أمادو,5,4,3.8,2023,650,عطر كيور سوبليم أمادو,Cuir Sublime
6,Amado,امادو,Opulent,اوبيلنت,5,4,3.8,2017,320,عطر اوبيلنت,Opulent
7,Ramon Monegal,رامون مونيجال,Alhambra Oud,مونيغال الحمراء عود,4.63,4.5,4,2019,1050,عطر مونيغال الحمراء عود,Alhambra Oud
8,Unique'e Luxury,يونيك لاكجري,Woud And Mood Absolute,لكجري وود اند مود ابسلوتي,4.52,4.5,4.2,2024,1200,عطر لكجري وود اند مود ابسلوتي,Woud And Mood Absolute
9,Louis Vuitton,لويس فيتون,Stellar Times,ستيلار تايمز,4.44,4.5,4.3,2021,500,عطر ستيلار تايمز,Stellar Times
10,Louis Vuitton,لويس فيتون,RHAPSODY,رابسودي,4.14,4.7,4.5,2021,35,عطر رابسودي,RHAPSODY
11,Unique'e Luxury,يونيك لاكجري,Kutay,لكجري كوتاي,4.24,4.6,4.4,2019,240,عطر لكجري كوتاي,Kutay
12,Unique'e Luxury,يونيك لاكجري,Crush On Me,كراش اون مي لكجري,4.25,4.6,4.3,2021,900,عطر كراش اون مي لكجري,Crush On Me
13,Giorgio Armani,ارماني,You Intensely,يو انتنسلي,4.58,4.2,4,2018,12,عطر يو انتنسلي,You Intensely
14,Zegna,زينيا,Indonesian Oud Ermenegildo,اندونيسيان عود,4.58,4.3,3.9,2019,290,عطر اندونيسيان عود,Indonesian Oud Ermenegildo
15,Louis Vuitton,لويس فيتون,Ombre Nomade,عنبر نوماد,4.26,4.5,4.3,2018,440,عطر عنبر نوماد,Ombre Nomade
16,Nishane,نيشاني,Mana,مانا,4.21,4.6,4.3,2022,900,عطر مانا,Mana
17,Tory Burch,توري بورش,Daring Rose,ديرينج روز ليذر,4.75,4,3.8,2024,550,عطر ديرينج روز ليذر,Daring Rose
18,Provenzano,بروفينزانو,Inspirato Christian,كريستيان بروفنزانو انسبيراتو دى,4.53,4.4,3.8,2023,800,عطر كريستيان بروفنزانو انسبيراتو دى,Inspirato Christian
19,Montale,مونتال,Arabians Tonka,ارابيانز تونكا,4.22,4.5,4.3,2019,370,عطر ارابيانز تونكا,Arabians Tonka
20,FREDERIC MALLE,فريدريك مال,The Moon,القمر,4.25,4.5,4.2,2019,750,عطر القمر,The Moon
21,Roja Parfums,روجا بارفيومز,Enigma Pour Homme Dove,انجما الرجالي,4.58,4.3,3.7,2013,1800,عطر انجما الرجالي,Enigma Pour Homme Dove
22,Roja Parfums,روجا بارفيومز,Enigma Pour Homme Parfum,انيجما بور هوم,4.58,4.3,3.7,2013,17,عطر انيجما بور هوم,Enigma Pour Homme Parfum
23,XERJOFF,زيرجوف,Alexandria II Anniversary,الكسندريا انيفيرسري,4.28,4.5,4.1,2024,1350,عطر الكسندريا انيفيرسري,Alexandria II Anniversary
24,Boadicea,بوديسيا ذا فيكتوريوس,Alkout,الكوت,4.22,4.6,4.1,2020,1850,عطر الكوت,Alkout
25,Bois,بويس,D’AKSUM,اوشال بوا داكسوم,4.67,4,3.8,2024,260,عطر اوشال بوا داكسوم,D’AKSUM
26,Louis Vuitton,لويس فيتون,Sables Roses,لي سابيلس روزيس,4.42,4.3,4,2019,1300,عطر لي سابيلس روزيس,Sables Roses
27,Unique'e Luxury,يونيك لاكجري,Beverly Hills Exclusive,بيفرلي هيلز اكسليوسف لكجري,4.42,4.4,3.9,2021,900,عطر بيفرلي هيلز اكسليوسف لكجري,Beverly Hills Exclusive
28,Unique'e Luxury,يونيك لاكجري,Akdeniz,اكدنيز لكجري,4.1,4.5,4.4,2019,240,عطر اكدنيز لكجري,Akdeniz
29,Montale,مونتال,Arabians,ارابيانز,3.89,4.7,4.6,2019,360,عطر ارابيانز,Arabians
30,Montale,مونتال,Black Aoud,بلاك عود,3.93,4.6,4.6,2006,350,عطر بلاك عود,Black Aoud
31,Nilafar du Nil,نيلافار دو نيل,Catamaran,كاتاماران,4.38,4.5,3.8,2024,11,عطر كاتاماران,Catamaran
32,Louis Vuitton,لويس فيتون,Fleur du Desert,فلور ديزرت,4.36,4.3,4,2022,1180,عطر فلور ديزرت,Fleur du Desert
33,AMOUAGE,امواج,Interlude,انترلود النسائي,3.9,4.6,4.6,2012,730,عطر انترلود النسائي,Interlude
34,Amado,امادو,Immortal Oud,امورتال عود من أمادو,4.6,4,3.8,2014,17,عطر امورتال عود من أمادو,Immortal Oud
35,Dior,كريستيان ديور,Sauvage Elixir,سوفاج إلكسير,4.3,4.5,3.9,2021,15,عطر سوفاج إلكسير,Sauvage Elixir
36,FREDERIC MALLE,فريدريك مال,Promise,الوعد من,4.2,4.5,4.1,2017,370,عطر الوعد من,Promise
37,Kilian,كيليان,Musk Oud BY,باي مسك عود,4.35,4.3,4,2013,20,عطر باي مسك عود,Musk Oud BY
38,Nilafar du Nil,نيلافار دو نيل,Merit,ميرت ادو,4.2,4.5,4.1,2022,11,عطر ميرت ادو,Merit
39,Unique'e Luxury,يونيك لاكجري,Zen’gi,لكجري زينجي اكسترايت,4.25,4.5,4,2023,320,عطر لكجري زينجي اكسترايت,Zen’gi
40,BVLGARI,بولغاري,Falkar,جيمي فالكار,4.39,4.4,3.8,2019,375,عطر جيمي فالكار,Falkar
41,Maison Crivelli,مايزون كريفيلي,Oud Maracuja,كريفيل عود ماراكوجا,4.19,4.5,4.1,2023,1100,عطر كريفيل عود ماراكوجا,Oud Maracuja
42,Mancera,مانسيرا,Black To Black,بلاك تو,4.04,4.5,4.4,,350,عطر بلاك تو,Black To Black
43,Mancera,مانسيرا,Gold Prestigium,قولد بريستيجيوم,4.14,4.4,4.3,2016,330,عطر قولد بريستيجيوم,Gold Prestigium
44,Nishane,نيشاني,Nefs,نيفس,4.34,4.4,3.9,2019,1150,عطر نيفس,Nefs
45,Vertus,فيرتس,Rouge Rebel,روج ريبيل,4.13,4.5,4.2,2025,670,عطر روج ريبيل,Rouge Rebel
46,BVLGARI,بولغاري,Gemme Astrea,بلغاري لو جيم آستريا,4.43,4.2,3.9,2021,950,عطر بلغاري لو جيم آستريا,Gemme Astrea
47,AMOUAGE,امواج,Interlude 53,انترلود,4.12,4.5,4.2,2012,320,عطر انترلود,Interlude 53
48,AMOUAGE,امواج,Interlude Man,انترلود الرجالي,4.12,4.5,4.2,2012,500,عطر انترلود الرجالي,Interlude Man
49,AMOUAGE,امواج,X10ML ATOMIZERS,طقم أنترلود,4.12,4.5,4.2,2012,440,عطر طقم أنترلود,X10ML ATOMIZERS
50,Unique'e Luxury,يونيك لاكجري,Chypre Toscano,تشيبر توسكانو من لكجري,4.37,4.3,3.9,2018,650,عطر تشيبر توسكانو من لكجري,Chypre Toscano
51,Viktor Rolf,فيكتور اند رولف,& Spicebomb,سبايس بومب,4.31,4.2,4.1,2015,380,عطر سبايس بومب,& Spicebomb
52,XERJOFF,زيرجوف,Homme Anniversary,هوم انيفيرسري,4.56,4.2,3.6,2024,850,عطر هوم انيفيرسري,Homme Anniversary
53,Amado,امادو,L'amateur,لاماتور من أمادو,4.75,4,3.4,2020,750,عطر لاماتور من أمادو,L'amateur
54,Louis Vuitton,لويس فيتون,Nouveau Monde,نوفا موند من,4.24,4.4,4,2018,1000,عطر نوفا موند من,Nouveau Monde
55,Louis Vuitton,لويس فيتون,Pur Oud,بيور عود,3.79,4.7,4.6,2021,1400,عطر بيور عود,Pur Oud
56,Boadicea,بوديسيا ذا فيكتوريوس,THE VICTORIOUS Carbon Sapphire,كاربون سافير,4.58,4.1,3.6,2019,2900,عطر كاربون سافير,THE VICTORIOUS Carbon Sapphire
57,Louis Vuitton,لويس فيتون,Symphony,سيمفوني,4.47,4.2,3.7,2021,35,عطر سيمفوني,Symphony
58,Lorenzo,لورينزو بازاليا,Black Sea Pazzaglia,لورنزو بازاجليا بلاك سي اكسترايت,4.16,4.4,4.1,2019,570,عطر لورنزو بازاجليا بلاك سي اكسترايت,Black Sea Pazzaglia
59,Maison Crivelli,مايزون كريفيلي,Oud Stallion,كريفيل عود ستاليون,4.21,4.5,3.9,2023,1130,عطر كريفيل عود ستاليون,Oud Stallion
60,Mancera,مانسيرا,Aoud Vanille,عود فانيلا,4.16,4.3,4.2,2015,350,عطر عود فانيلا,Aoud Vanille
61,Mizensir,ميزنسير,Golden Oud,جولدن عود,4.51,4.2,3.6,2020,670,عطر جولدن عود,Golden Oud
62,Pazzaglia,لورنزو بازاجليا,Black Sea Lorenzo,بلاك سي,4.16,4.4,4.1,2019,20,عطر بلاك سي,Black Sea Lorenzo
63,Vertus,فيرتس,Bengal,فيرتوس بنغال,4.21,4.4,4,2023,650,عطر فيرتوس بنغال,Bengal
64,jar,رامون بيجار,Luz Infinita Ramon Bejar,لوز إنفينيتا,4.26,4.3,4,2025,1250,عطر لوز إنفينيتا,Luz Infinita Ramon Bejar
65,Amado,امادو,Velvet Patchouli,فيلفت باتشولي,4.5,4,3.8,2020,320,عطر فيلفت باتشولي,Velvet Patchouli
66,Ramon Monegal,رامون مونيجال,Soul Of Oud,سول أوف عود من,4.45,4.2,3.7,2017,1050,عطر سول أوف عود من,Soul Of Oud
67,TOM FORD,توم فورد,Tobacco Vanille,توباكو فانيل,4.15,4.3,4.2,2007,350,عطر توباكو فانيل,Tobacco Vanille
68,Orto Parisi,اورتو باريسي,Megamare,ميغاماري من,3.9,4.6,4.4,2019,550,عطر ميغاماري من,Megamare
69,Giorgio Armani,ارماني,Emporio Stronger With You,امبوريو سترونجر ويذ يو الرجالي,4.29,4.2,4,2018,360,عطر امبوريو سترونجر ويذ يو الرجالي,Emporio Stronger With You
70,Ormonde Jayne,اورموند جين,Nawab of Oudh Intensivo,ارموند نواب أوف عود اينتينسيفو,4.59,4,3.6,2015,950,عطر ارموند نواب أوف عود اينتينسيفو,Nawab of Oudh Intensivo
71,XERJOFF,زيرجوف,Alexandria II,الكسندريا,4.24,4.4,3.9,2012,750,عطر الكسندريا,Alexandria II
72,XERJOFF,زيرجوف,Oud Stars Alexandria II Perfumed Hair,عود ستارز أليكساندريا للشعر,4.24,4.4,3.9,2012,375,عطر عود ستارز أليكساندريا للشعر,Oud Stars Alexandria II Perfumed Hair
73,XERJOFF,زيرجوف,discovery II 2,طقم ديسكفري,4.24,4.4,3.9,2012,670,عطر طقم ديسكفري,discovery II 2
74,Provenzano,بروفينزانو,Oud Al Fayed Christian,كريستيان بروفنزانو عود الفايد,4.53,4.1,3.6,2018,550,عطر كريستيان بروفنزانو عود الفايد,Oud Al Fayed Christian
75,jar,رامون بيجار,Black Stone Ramon Bejar,بلاك ستون,4.48,4.1,3.7,2023,21,عطر بلاك ستون,Black Stone Ramon Bejar
76,Orto Parisi,اورتو باريسي,Terroni,تيروني,4.18,4.4,4,2017,620,عطر تيروني,Terroni
77,Vertus,فيرتس,Sole Patchouli,فيرتوس سول باتشولي,4.22,4.2,4.1,2017,240,عطر فيرتوس سول باتشولي,Sole Patchouli
78,AMOUAGE,امواج,Decision,ديسيجن,4.31,4.3,3.8,2025,360,عطر ديسيجن,Decision
79,Boadicea,بوديسيا ذا فيكتوريوس,Nebulous THE VICTORIOUS,نيبولوس,4.21,4.4,3.9,2017,3600,عطر نيبولوس,Nebulous THE VICTORIOUS
80,Boadicea,بوديسيا ذا فيكتوريوس,THE VICTORIOUS MIDNIGHT,ميدنايت,4.21,4.4,3.9,2017,1100,عطر ميدنايت,THE VICTORIOUS MIDNIGHT
81,Guerlain,غيرلان,Mon Intense,مون انتنس,4.31,4.1,4,2019,465,عطر مون انتنس,Mon Intense
82,Viktor Rolf,فيكتور اند رولف,& Spicebomb Extreme,سبايس بومب اكستريم,4.2,4.2,4.1,2015,13,عطر سبايس بومب اكستريم,& Spicebomb Extreme
83,BVLGARI,بولغاري,Gemme Sahare,لوجيم صحاري,4.25,4.3,3.9,2024,950,عطر لوجيم صحاري,Gemme Sahare
84,Cartier,كارتير,Eau Concentree,كونسنتريه,4.25,4.2,4,1981,310,عطر كونسنتريه,Eau Concentree
85,Nasomatto,ناسوماتو,Duro,دورو,4.05,4.4,4.2,2007,25,عطر دورو,Duro
86,AMOUAGE,امواج,Overture Man,اوفرتشر مان,4.24,4.3,3.9,2019,320,عطر اوفرتشر مان,Overture Man
87,Initio,انيشيو,Oud for Greatness Parfums Prives,عود فور جريتنس,4.24,4.3,3.9,2018,18,عطر عود فور جريتنس,Oud for Greatness Parfums Prives
88,Mancera,مانسيرا,Red Tobacco,رد توباكو,4.03,4.5,4.1,2017,350,عطر رد توباكو,Red Tobacco
89,AMOUAGE,امواج,Outlands,اوتلاندس,4.32,4.3,3.7,2024,1600,عطر اوتلاندس,Outlands
90,Maison Crivelli,مايزون كريفيلي,Cuir InfraRouge,كريفيل كوين انفراروج,4.32,4.3,3.7,2024,28,عطر كريفيل كوين انفراروج,Cuir InfraRouge
91,Rosendo Mateu,روسيندو ماتيو,No 5 Elixir Olfactive Expressions and men,نمبر اليكسير,4.37,4.2,3.7,2024,750,عطر نمبر اليكسير,No 5 Elixir Olfactive Expressions and men
92,Valentino,فالنتينو,Valentina Myrrh Assoluto,ميرا اسولوتو الرصاصي,4.42,4,3.8,2016,395,عطر ميرا اسولوتو الرصاصي,Valentina Myrrh Assoluto
93,Mancera,مانسيرا,Aoud Exclusif,عود اكسيكلوسف,4.22,4.3,3.9,2018,360,عطر عود اكسيكلوسف,Aoud Exclusif
94,AMOUAGE,امواج,The Library Collection Opus VI,اوبس السادس,4.26,4.3,3.8,2012,14,عطر اوبس السادس,The Library Collection Opus VI
95,Clive Christian,كلايف كريستيان,C by,سي النسائي,4.36,4.2,3.7,2010,750,عطر سي النسائي,C by
96,Maison Crivelli,مايزون كريفيلي,Hibiscus Mahajad,كريفيل هيبيسكيس مهاجاد,4.16,4.4,3.9,2021,30,عطر كريفيل هيبيسكيس مهاجاد,Hibiscus Mahajad
97,jar,رامون بيجار,Deep Amber Ramon Bejar,ديب عمبر,4.41,4.1,3.7,2014,660,عطر ديب عمبر,Deep Amber Ramon Bejar
98,Gucci,قوتشي,Guilty Oud,غليتي عود,4.15,4.2,4.1,2018,260,عطر غليتي عود,Guilty Oud
99,Provenzano,بروفينزانو,Cuir Elite CHRISTIAN,كريستيان بروفنزانو كوير إيليت,4.4,4.2,3.6,2019,16,عطر كريستيان بروفنزانو كوير إيليت,Cuir Elite CHRISTIAN
100,XERJOFF,زيرجوف,Knots,عقدة,4.25,4.1,4,2012,900,عطر عقدة,Knots
101,Lux,لوكس,Roja Haute Luxe Roja Dove,روجا هوت,4.2,4.3,3.9,2013,3450,عطر روجا هوت,Roja Haute Luxe Roja Dove
102,Roja Parfums,روجا بارفيومز,Haute Luxe Dove,هوت لوكس,4.2,4.3,3.9,2013,11800,عطر هوت لوكس,Haute Luxe Dove
103,Lorenzo,لورينزو بازاليا,Evil Angel a.k.a. 28.09 Pazzaglia,لورنزو بازاجليا ايفل انجل اكسترايت,4.29,4.2,3.8,2022,600,عطر لورنزو بازاجليا ايفل انجل اكسترايت,Evil Angel a.k.a. 28.09 Pazzaglia
104,Pazzaglia,لورنزو بازاجليا,Evil Angel a.k.a. 28.09 Lorenzo,ايفل انجل,4.29,4.2,3.8,2022,20,عطر ايفل انجل,Evil Angel a.k.a. 28.09 Lorenzo
105,Unique'e Luxury,يونيك لاكجري,Mashumaro,ماشومارو من لكجري,3.94,4.5,4.2,2023,980,عطر ماشومارو من لكجري,Mashumaro
106,Tauer Perfumes,اندي تاور,Sert,قلب الصحراء المغربية آندي,4.48,4.1,3.5,2016,27,عطر قلب الصحراء المغربية آندي,Sert
107,Lorenzo,لورينزو بازاليا,Pazzaglia Fom,لورنزو بازاجليا فوم,4.13,4.3,4,2022,750,عطر لورنزو بازاجليا فوم,Pazzaglia Fom
108,MDCI Parfums,ام دي سي آي,Chypre Palatin,تشيبر بلاتين اي,4.43,4.2,3.5,2012,900,عطر تشيبر بلاتين اي,Chypre Palatin
109,Pazzaglia,لورنزو بازاجليا,Lorenzo Fom,فوم,4.13,4.3,4,2022,20,عطر فوم,Lorenzo Fom
110,Roja Parfums,روجا بارفيومز,Diaghilev Dove,دياغيليف,4.28,4.3,3.7,,3600,عطر دياغيليف,Diaghilev Dove
111,Pana Dora,بانا دورا,Oud Republic,بانادورا عود ريبابلك,4.37,4.2,3.6,2023,780,عطر بانادورا عود ريبابلك,Oud Republic
112,Boadicea,بوديسيا ذا فيكتوريوس,Blue Sapphire THE VICTORIOUS,بلو سافير,4.17,4.3,3.9,2013,550,عطر بلو سافير,Blue Sapphire THE VICTORIOUS
113,Paco Rabanne,باكو رابان,Invictus Victory Elixir,انفكتوس اليكسير,4.52,4,3.5,2023,430,عطر انفكتوس اليكسير,Invictus Victory Elixir
114,Sospiro,سوسبيرو,Erba Pura Magica,ايربا بورا ماجيكا,4.27,4.2,3.8,2022,770,عطر ايربا بورا ماجيكا,Erba Pura Magica
115,Van Cleef,فان كليف اند اربلز,Murmure Ylang de Madagascar & Arpels,اربل مورمور,4.27,4.1,3.9,2004,240,عطر اربل مورمور,Murmure Ylang de Madagascar & Arpels
116,Cartier,كارتير,Oud & Rose,عود آند روز,4.36,4.2,3.6,2014,1050,عطر عود آند روز,Oud & Rose
117,AMOUAGE,امواج,Myths Man,ميث الرجالي,4.31,4.2,3.7,2016,750,عطر ميث الرجالي,Myths Man
118,AMOUAGE,امواج,ROYAL TOBACCO,اوبس رويال توباكو,4.21,4.3,3.8,2022,20,عطر اوبس رويال توباكو,ROYAL TOBACCO
119,Boucheron,بوشرون,Jaipur Homme,جايبور هوم الرجالي,4.26,4.1,3.9,1998,220,عطر جايبور هوم الرجالي,Jaipur Homme
120,Giorgio Armani,ارماني,Rouge Malachite,روج ملاكيت,4.21,4.1,4,2016,1050,عطر روج ملاكيت,Rouge Malachite
121,Givenchy,جيفنشي,L’interdit Intense,لا انترديت انتنس,4.16,4.2,4,2020,360,عطر لا انترديت انتنس,L’interdit Intense
122,Jean Paul Gaultier,غوتييه,Beau,جان بول غولتير لو بو الرجالي,4.31,4,3.9,2022,480,عطر جان بول غولتير لو بو الرجالي,Beau
123,JeanPaulGaultie,جان بول غولتير,Jean Paul Gaultier Ultra Male Intense,الترا ميل الرجالي انتنس,4.51,4,3.5,2023,385,عطر الترا ميل الرجالي انتنس,Jean Paul Gaultier Ultra Male Intense
124,JeanPaulGaultie,جان بول غولتير,Male Elixir Jean Paul Gaultier,غوتييه لي مال الكسير الرجالي,4.51,4,3.5,2023,480,عطر غوتييه لي مال الكسير الرجالي,Male Elixir Jean Paul Gaultier
125,Nishane,نيشاني,Hacivat,هاشيفات اكسترايت,4.31,4.2,3.7,2017,230,عطر هاشيفات اكسترايت,Hacivat
126,Nishane,نيشاني,Hacivat Hair And Body Oil,زيت الشعر والجسم من نيشان هاشيفات,4.31,4.2,3.7,2017,360,عطر زيت الشعر والجسم من نيشان هاشيفات,Hacivat Hair And Body Oil
127,Sospiro,سوسبيرو,Aira and men,ايرا,4.46,4,3.6,2025,770,عطر ايرا,Aira and men
128,AMOUAGE,امواج,Interlude Black Iris,انترلود بلاك ايريس الرجالي,4.2,4.3,3.8,2020,260,عطر انترلود بلاك ايريس الرجالي,Interlude Black Iris
129,Dior,كريستيان ديور,Addict,اديكت الكحلي,4.15,4.2,4,2014,550,عطر اديكت الكحلي,Addict
130,Gucci,قوتشي,Oud,عود النسائي,4.15,4.2,4,2015,390,عطر عود النسائي,Oud
131,Jesus Del Pozo,خيسوس دل بوزو,Mystic Leather Nights,جي ديل ميستك ليذر نايتس,4.35,4.1,3.7,2017,285,عطر جي ديل ميستك ليذر نايتس,Mystic Leather Nights
132,Maison Crivelli,مايزون كريفيلي,Sana,ميزون كريفلي مسك نوراسانا,4.1,4.4,3.9,2026,950,عطر ميزون كريفلي مسك نوراسانا,Sana
133,Provenzano,بروفينزانو,Christian,طقم عينات عطور كريستيان بروفنزانو,4,4.4,4.1,2025,170,عطر طقم عينات عطور كريستيان بروفنزانو,Christian
134,Roberto Cavalli,روبرتو كفالي,Sumptuous Rose,كافالي سامبتوس روز,4.35,4.3,3.5,2016,690,عطر كافالي سامبتوس روز,Sumptuous Rose
135,Sospiro,سوسبيرو,Erba Leather,ايربا ليذر,4.1,4.4,3.9,2022,850,عطر ايربا ليذر,Erba Leather
136,Unique'e Luxury,يونيك لاكجري,Mangonifiscent,لكجري مانغونيفسنت,4,4.4,4.1,2023,310,عطر لكجري مانغونيفسنت,Mangonifiscent
137,Valentino,فالنتينو,Donna Noir Absolu,دونا نوار ابسولو النسائي,4.15,4.2,4,2017,490,عطر دونا نوار ابسولو النسائي,Donna Noir Absolu
138,Valentino,فالنتينو,Uomo,اومو,4.15,4.2,4,2016,470,عطر اومو,Uomo
139,Valentino,فالنتينو,Uomo Intense,اومو انتنس,4.15,4.2,4,2016,500,عطر اومو انتنس,Uomo Intense
140,Alghabra,الغبرا,Eye of Seven Hills Parfums,اي سفن هيلز,4.49,4,3.5,2019,450,عطر اي سفن هيلز,Eye of Seven Hills Parfums
141,Boadicea,بوديسيا ذا فيكتوريوس,Legend THE VICTORIOUS,ليجند,4.34,4.1,3.7,2014,570,عطر ليجند,Legend THE VICTORIOUS
142,Cartier,كارتير,Oud & Ambre,عود اند عنبر,4.59,4,3.3,2020,1100,عطر عود اند عنبر,Oud & Ambre
143,Lorenzo,لورينزو بازاليا,Pax Pazzaglia and men,لورنزو بازاجليا باكس,4.09,4.3,4,2017,570,عطر لورنزو بازاجليا باكس,Pax Pazzaglia and men
144,Lorenzo,لورينزو بازاليا,Pazzaglia,طقم عينات لجميع عطور لورنزو بازاجليا,4.09,4.3,4,2017,220,عطر طقم عينات لجميع عطور لورنزو بازاجليا,Pazzaglia
145,Nilafar du Nil,نيلافار دو نيل,TOWA,طوى,4.34,4.2,3.6,2022,11,عطر طوى,TOWA
146,XERJOFF,زيرجوف,Alexandria III,عود ستارز الكسندريا,4.24,4.2,3.8,2019,26,عطر عود ستارز الكسندريا,Alexandria III
147,XERJOFF,زيرجوف,Naxos,ناكسوس,4.49,4,3.5,2015,740,عطر ناكسوس,Naxos
148,XERJOFF,زيرجوف,discovery III 3,طقم ديسكفري,4.24,4.2,3.8,2019,680,عطر طقم ديسكفري,discovery III 3
149,Boadicea,بوديسيا ذا فيكتوريوس,Dasman THE VICTORIOUS,دسمان,4.28,4.2,3.7,2018,25,عطر دسمان,Dasman THE VICTORIOUS
150,Dior,كريستيان ديور,Christian Hypnotic Poison,هيبنوتيك بويزن,4.08,4.2,4.1,1998,600,عطر هيبنوتيك بويزن,Christian Hypnotic Poison
151,FREDERIC MALLE,فريدريك مال,The Night,الليل من فردريك,3.98,4.4,4.1,2014,1200,عطر الليل من فردريك,The Night
152,Louis Vuitton,لويس فيتون,Nuit de Feu,نوي فو,4.08,4.3,4,2020,1200,عطر نوي فو,Nuit de Feu
153,Nishane,نيشاني,Hacivat Oud,هاشيفات عود,4.03,4.4,4,2023,910,عطر هاشيفات عود,Hacivat Oud
154,Boadicea,بوديسيا ذا فيكتوريوس,Amber Sapphire,عنبر سافير,4.22,4.2,3.8,2015,1600,عطر عنبر سافير,Amber Sapphire
155,FREDERIC MALLE,فريدريك مال,Hope,أمل,4.17,4.3,3.8,2024,2600,عطر أمل,Hope
156,Louis Vuitton,لويس فيتون,Au Hasard,هاسارد,4.37,4,3.7,2018,950,عطر هاسارد,Au Hasard
157,Nishane,نيشاني,Shem,شيم اكسترايت,4.07,4.4,3.9,2021,920,عطر شيم اكسترايت,Shem
158,Unique'e Luxury,يونيك لاكجري,Istanbul,اسطنبول لكجري,4.32,4.1,3.7,2018,240,عطر اسطنبول لكجري,Istanbul
159,XERJOFF,زيرجوف,Richwood,ريتش وود,4.42,4,3.6,2010,1120,عطر ريتش وود,Richwood
160,Lorenzo,لورينزو بازاليا,Dangerous Maryx Pazzaglia,بازاجليا دينجوريس ماريكس,4.17,4.1,4,2021,570,عطر بازاجليا دينجوريس ماريكس,Dangerous Maryx Pazzaglia
161,Pazzaglia,لورنزو بازاجليا,Dangerous Maryx Lorenzo,لورينزو دينجوريس ماريكس,4.17,4.1,4,2021,20,عطر لورينزو دينجوريس ماريكس,Dangerous Maryx Lorenzo
162,XERJOFF,زيرجوف,Tony Iommi Monkey Speciail,توني ايومي مونكي سبيشيال,4.27,4.2,3.7,2021,25,عطر توني ايومي مونكي سبيشيال,Tony Iommi Monkey Speciail
163,XERJOFF,زيرجوف,Tony Iommi Monkey Special,توني ايومي مونكي سبيشيال,4.27,4.2,3.7,2021,750,عطر توني ايومي مونكي سبيشيال,Tony Iommi Monkey Special
164,Etat,ايتات ليبر دي اورانج,Rien Intense Incense Libre d'Orange,ايتا ليبري رين انتنس,3.96,4.4,4.1,2014,14,عطر ايتا ليبري رين انتنس,Rien Intense Incense Libre d'Orange
165,Parfums de Marly,مارلي,Carlisle,كارلايل,4.36,4.1,3.6,2015,280,عطر كارلايل,Carlisle
166,Initio,انيشيو,Atomic Rose Parfums Prives,اتوميك روز,4.26,4.1,3.8,2019,860,عطر اتوميك روز,Atomic Rose Parfums Prives
167,Lorenzo,لورينزو بازاليا,Dream Sea Pazzaglia,لورنزو بازاجليا دريم سي اكسترايت,4.15,4.3,3.8,2021,600,عطر لورنزو بازاجليا دريم سي اكسترايت,Dream Sea Pazzaglia
168,Nilafar du Nil,نيلافار دو نيل,Tiba,طيبة,4.3,4.2,3.6,2022,420,عطر طيبة,Tiba
169,Pazzaglia,لورنزو بازاجليا,Dream Sea Lorenzo,دريم سي,4.15,4.3,3.8,2021,20,عطر دريم سي,Dream Sea Lorenzo
170,Amado,امادو,MAGIC SAPPHIRE,اوماجيك سافير,4.1,4,4.2,2026,661,عطر اوماجيك سافير,MAGIC SAPPHIRE
171,Bentley,بنتلي,Intense,انتنس الرجالي,4.1,4.2,4,2013,230,عطر انتنس الرجالي,Intense
172,Chanel,شانيل,Coco Mademoiselle Intense,كوكو مودموزيل انتنس,4.1,4.2,4,2018,520,عطر كوكو مودموزيل انتنس,Coco Mademoiselle Intense
173,Mancera,مانسيرا,The Aoud,ذا عود,3.9,4.4,4.2,2011,340,عطر ذا عود,The Aoud
174,Widian,ويديان,London,وديان أيه جاي أرابيا نيو يورك,4.35,4.1,3.6,2018,580,عطر وديان أيه جاي أرابيا نيو يورك,London
175,XERJOFF,زيرجوف,1888,كاساموراتي,4.2,4.3,3.7,2026,850,عطر كاساموراتي,1888
176,XERJOFF,زيرجوف,Alexandria Orientale,اليكسندريا اورينتال,4.1,4.3,3.9,2018,850,عطر اليكسندريا اورينتال,Alexandria Orientale
177,XERJOFF,زيرجوف,Orientale Oud Stars Alexandria UAE Exclusive Edition,عود ستارز اليكسندريا اورينتال,4.1,4.3,3.9,2018,1100,عطر عود ستارز اليكسندريا اورينتال,Orientale Oud Stars Alexandria UAE Exclusive Edition
178,Gucci,قوتشي,The Voice Of The Snake,ذا فويس أوف سناك,4.14,4.2,3.9,2019,868,عطر ذا فويس أوف سناك,The Voice Of The Snake
179,Nilafar du Nil,نيلافار دو نيل,Tuya,تايا ادو للسيدات,4.24,4.1,3.8,2022,420,عطر تايا ادو للسيدات,Tuya
180,Orto Parisi,اورتو باريسي,Cuoium,كويوم من,3.94,4.5,4,2021,690,عطر كويوم من,Cuoium
181,Clive Christian,كلايف كريستيان,Blonde Amber,بلوند عنبر,4.53,3.9,3.4,2022,800,عطر بلوند عنبر,Blonde Amber
182,ELIE SAAB,ايلي ساب,Parfum Intense,صعب لي انتنس النسائي,4.28,4,3.8,2013,390,عطر صعب لي انتنس النسائي,Parfum Intense
183,Lancome,لانكوم,Sor,لانوي تريزور,4.08,4.2,4,2015,440,عطر لانوي تريزور,Sor
184,Sospiro,سوسبيرو,Vibrato,فيبراتو,4.53,3.9,3.4,2022,1020,عطر فيبراتو,Vibrato
185,Dior,كريستيان ديور,Oud Ispahan,عود اصفهان,4.07,4.3,3.9,2012,15,عطر عود اصفهان,Oud Ispahan
186,Lancome,لانكوم,Nuit Tresor a La Folie,لانوي تريزور الا فولي,4.22,4,3.9,2018,390,عطر لانوي تريزور الا فولي,Nuit Tresor a La Folie
187,Naomi Goodsir,نعومي قودسير,Nuit de Bakelite,نويت باكيليت,4.02,4.3,4,2017,750,عطر نويت باكيليت,Nuit de Bakelite
188,Parfums de Marly,مارلي,Oajan,اوجان,4.42,4,3.5,2013,240,عطر اوجان,Oajan
189,Roja Parfums,روجا بارفيومز,United Arab Emirates Dove,الإمارات,4.32,4.1,3.6,2017,30,عطر الإمارات,United Arab Emirates Dove
190,Van Cleef,فان كليف اند اربلز,& Arpels Collection Extraordinaire Reve D'encens Parfum,ريف دانسنز,4.32,3.9,3.8,2018,780,عطر ريف دانسنز,& Arpels Collection Extraordinaire Reve D'encens Parfum
191,XERJOFF,زيرجوف,Via Cavour 1 Parfum,فيا كافور,4.27,4,3.8,2017,750,عطر فيا كافور,Via Cavour 1 Parfum
192,Guerlain,غيرلان,al Forte,لوم إيديال فورته جيرلان,4.46,4,3.4,2025,770,عطر لوم إيديال فورته جيرلان,al Forte
193,TOM FORD,توم فورد,Oud Wood Intense,عود وود انتنس,4.16,4.2,3.8,2017,12580,عطر عود وود انتنس,Oud Wood Intense
194,Viktor Rolf,فيكتور اند رولف,& Flowerbomb Nectar,فلاوربومب نكتار,4.11,4.1,4,2018,380,عطر فلاوربومب نكتار,& Flowerbomb Nectar
195,XERJOFF,زيرجوف,Deified Tony Iommi Parfum,توني ايومي ديفايد,4.26,4.1,3.7,2024,900,عطر توني ايومي ديفايد,Deified Tony Iommi Parfum
196,AMOUAGE,امواج,Sequence,أمواج سيكوينس,3.9,4.3,4.2,2025,20,عطر أمواج سيكوينس,Sequence
197,Armaf,ارماف,Club de Nuit Intense Man Limited,كلوب نوي انتنس مان ليميتد ايديشن,4.45,3.9,3.5,2021,295,عطر كلوب نوي انتنس مان ليميتد ايديشن,Club de Nuit Intense Man Limited
198,Giorgio Armani,ارماني,Emporio Stronger With You Powerfully,سترونجر ويذ يو من امبريو,4.5,3.9,3.4,2026,470,عطر سترونجر ويذ يو من امبريو,Emporio Stronger With You Powerfully
199,S T Dupont,ديبون,Oud & Rose S.T.,اس تي عود آند روز,3.9,4.3,4.2,2016,230,عطر اس تي عود آند روز,Oud & Rose S.T.
200,The Lover's Tale,ذا لوفرز تيل,Francesca Bianchi,فرانشيسكا بيانكي إكتسريت,4,4.5,3.8,2018,450,عطر فرانشيسكا بيانكي إكتسريت,Francesca Bianchi
201,Unique'e Luxury,يونيك لاكجري,Hidden Accords,لكجري هيدن اكورس,4.35,4,3.6,2018,600,عطر لكجري هيدن اكورس,Hidden Accords
202,Valentino,فالنتينو,Uomo Noir Absolu,اومو نوار ابسولو الرجالي,4.05,4.2,4,2017,490,عطر اومو نوار ابسولو الرجالي,Uomo Noir Absolu
203,Dior,كريستيان ديور,Hypnotic Poison,هيبنوتيك بويزن الاحمر الكلاسيكي,4,4.2,4.1,1998,480,عطر هيبنوتيك بويزن الاحمر الكلاسيكي,Hypnotic Poison
204,Lorenzo,لورينزو بازاليا,Van Py Rhum Pazzaglia,لورنزو بازاجليا فان باي روم اكسترايت,4.29,4.1,3.6,2022,600,عطر لورنزو بازاجليا فان باي روم اكسترايت,Van Py Rhum Pazzaglia
205,Mancera,مانسيرا,Black Gold,بلاك قولد,4.09,4.1,4,2017,360,عطر بلاك قولد,Black Gold
206,Montale,مونتال,Honey Aoud,هوني عود من,4.14,4.2,3.8,2015,350,عطر هوني عود من,Honey Aoud
207,Pazzaglia,لورنزو بازاجليا,Van Py Rhum Lorenzo,فان باي روم,4.29,4.1,3.6,2022,20,عطر فان باي روم,Van Py Rhum Lorenzo
208,Prada,برادا,Femme Absolu,لا فيمي ابسولو النسائي,4.09,4.1,4,2018,320,عطر لا فيمي ابسولو النسائي,Femme Absolu
209,The Woods,ذا وودز كوليكشن,Royal Night Collection,رويال نايت كولكشن,4.39,3.9,3.6,2020,12,عطر رويال نايت كولكشن,Royal Night Collection
210,Unique'e Luxury,يونيك لاكجري,Beril,بيريل لكجري,4.24,4.1,3.7,2019,800,عطر بيريل لكجري,Beril
211,Sospiro,سوسبيرو,Diapason,ديباسون,4.14,4.1,3.9,2017,850,عطر ديباسون,Diapason
212,Guerlain,غيرلان,Absolus d'Orient Santal Royal,سانتال رويال,4.23,4.1,3.7,2014,160,عطر سانتال رويال,Absolus d'Orient Santal Royal
213,Montale,مونتال,Roses Musk Intense,الفوشي روز مسك انتنس,4.03,4.2,4,2015,370,عطر الفوشي روز مسك انتنس,Roses Musk Intense
214,Nilafar du Nil,نيلافار دو نيل,Narmar,نارمار,4.33,4,3.6,2020,420,عطر نارمار,Narmar
215,Nishane,نيشاني,Pachuli Kozha,باتشولي كوزها,4.13,4.3,3.7,2015,480,عطر باتشولي كوزها,Pachuli Kozha
216,Nishane,نيشاني,Suede et Safran,سويد اي سافرون,4.22,4.2,3.6,2015,440,عطر سويد اي سافرون,Suede et Safran
217,Ormonde Jayne,اورموند جين,Black Gold,بلاك جولد ارموند,4.42,3.9,3.5,2014,1250,عطر بلاك جولد ارموند,Black Gold
218,Versace,فرزاتشي,Eros Flame,ايروس فلام,4.32,3.8,3.8,2018,320,عطر ايروس فلام,Eros Flame
219,Giorgio Armani,ارماني,Emporio Stronger With You Absolutely,سترونجر وذ يو أبسولوتلي من جورجيو,4.52,3.9,3.3,2021,390,عطر سترونجر وذ يو أبسولوتلي من جورجيو,Emporio Stronger With You Absolutely
220,JeanPaulGaultie,جان بول غولتير,Scandal Absolu Jean Paul Gaultier,غوتييه سكاندال ابسولو الرجالي,4.47,3.9,3.4,2024,485,عطر غوتييه سكاندال ابسولو الرجالي,Scandal Absolu Jean Paul Gaultier
221,JeanPaulGaultie,جان بول غولتير,Scandal Pour Homme Jean Paul Gaultier,غوتييه سكاندال الرجالي,4.27,3.9,3.8,2021,10,عطر غوتييه سكاندال الرجالي,Scandal Pour Homme Jean Paul Gaultier
222,Lancome,لانكوم,Magie Noire,ماجي نوير,4.07,4.2,3.9,1978,420,عطر ماجي نوير,Magie Noire
223,Unique'e Luxury,يونيك لاكجري,Woud And Mood,لكجري وود اند مود,4.22,4.1,3.7,2018,250,عطر لكجري وود اند مود,Woud And Mood
224,XERJOFF,زيرجوف,More Than Words,جوين ذا كلوب مور ذان وردز,4.02,4.3,3.9,2012,19,عطر جوين ذا كلوب مور ذان وردز,More Than Words
225,AMOUAGE,امواج,The Library Collection Opus VII,ليبراري كوليكشن أوبس السابع,4.16,4.2,3.7,2013,740,عطر ليبراري كوليكشن أوبس السابع,The Library Collection Opus VII
226,Gucci,قوتشي,Intense Oud,انتنس عود الرجالي,4.46,3.9,3.4,2016,460,عطر انتنس عود الرجالي,Intense Oud
227,Lorenzo,لورينزو بازاليا,Esco Pazzo Pazzaglia,لورنزو بازاجليا ايسكو بازو,4.01,4.3,3.9,2018,570,عطر لورنزو بازاجليا ايسكو بازو,Esco Pazzo Pazzaglia
228,Nasomatto,ناسوماتو,Baraonda,باروندا اكسترايت,4.41,4,3.4,2016,490,عطر باروندا اكسترايت,Baraonda
229,Van Cleef,فان كليف اند اربلز,& Arples Pour Homme,بورهوم,4.26,4,3.7,1978,400,عطر بورهوم,& Arples Pour Homme
230,AMOUAGE,امواج,Bracken,براكن النسائي,4,4.2,4,2016,730,عطر براكن النسائي,Bracken
231,Costume Natio,كوستوم ناشونال,National Homme Parfum,أوم,4.25,4,3.7,2009,350,عطر أوم,National Homme Parfum
232,Estee Lauder,استي لودر,E,إستي أزوري,4.25,3.9,3.8,1969,290,عطر إستي أزوري,E
233,Giorgio Armani,ارماني,Code Cashmere,كود كشمير النسائي,4.1,4.1,3.9,2016,330,عطر كود كشمير النسائي,Code Cashmere
234,Guerlain,غيرلان,Cuir Intense,كيور انتنس,4.05,4.3,3.8,2024,680,عطر كيور انتنس,Cuir Intense
235,Lorenzo,لورينزو بازاليا,Pazzaglia Narcotix Citrus,لورنزو بازاجليا ناركوتكس سترس,4.2,4.1,3.7,2022,750,عطر لورنزو بازاجليا ناركوتكس سترس,Pazzaglia Narcotix Citrus
236,Lorenzo,لورينزو بازاليا,Sex Sea Pazzaglia,لورنزو بازاجليا سكس سي اكسترايت,4.25,4.1,3.6,2022,600,عطر لورنزو بازاجليا سكس سي اكسترايت,Sex Sea Pazzaglia
237,Mancera,مانسيرا,Aoud Sandroses,عود ساند روز,4.1,4.2,3.8,2015,320,عطر عود ساند روز,Aoud Sandroses
238,Masque Milano,ماسك ميلانو,Tango Oud,تانجو عود,4.1,4.4,3.6,2023,950,عطر تانجو عود,Tango Oud
239,Nasomatto,ناسوماتو,Black Afgano,بلاك أفغانو اكسترايت,4.05,4.3,3.8,2009,29,عطر بلاك أفغانو اكسترايت,Black Afgano
240,Paco Rabanne,باكو رابان,1 Million Absolutely Gold,ون مليون ابسولوتلي قولد,3.8,4.4,4.2,2012,200,عطر ون مليون ابسولوتلي قولد,1 Million Absolutely Gold
241,nasamat najd,نسمات نجد,BIRRA PURA,بيرا بورا,4.5,3.4,3.8,2023,250,عطر بيرا بورا,BIRRA PURA
242,AMOUAGE,امواج,Beach Hut Man,بيتش هات الرجالي,4.19,4.2,3.6,2017,395,عطر بيتش هات الرجالي,Beach Hut Man
243,BVLGARI,بولغاري,Azaran,ازاران,4.24,4,3.7,2021,1450,عطر ازاران,Azaran
244,BVLGARI,بولغاري,Gemme Azaran,لوجيم ازاران,4.24,4,3.7,2021,950,عطر لوجيم ازاران,Gemme Azaran
245,Jesus Del Pozo,خيسوس دل بوزو,Tobacco Wood Nights,جي ديل توباكو وود نايتس,4.54,3.6,3.5,2019,285,عطر جي ديل توباكو وود نايتس,Tobacco Wood Nights
246,Paradis,باردايس,Bliss des Sens,بليس,4.29,4,3.6,2020,370,عطر بليس,Bliss des Sens
247,Paradis,باردايس,des Sens and men,اكستاسي,4.29,4,3.6,2020,370,عطر اكستاسي,des Sens and men
248,Pazzaglia,لورنزو بازاجليا,Lorenzo Narcotix Citrus,ناركوتكس سترس,4.19,4.1,3.7,2022,20,عطر ناركوتكس سترس,Lorenzo Narcotix Citrus
249,YSL,ايف سان لوران,Yves Saint Laurent Manifesto,مانفيستو,3.89,4.3,4.1,2013,450,عطر مانفيستو,Yves Saint Laurent Manifesto
250,Givenchy,جيفنشي,FAUX SEMBLANT,فو سومبلان,4.18,3.9,3.9,2023,950,عطر فو سومبلان,FAUX SEMBLANT
251,Initio,انيشيو,Parfums,طقم عينات برايف كولكشن ديسكفر,4.33,4,3.5,2016,230,عطر طقم عينات برايف كولكشن ديسكفر,Parfums
252,Initio,انيشيو,Side Effect Parfums Prives,سايد افكت,4.33,4,3.5,2016,290,عطر سايد افكت,Side Effect Parfums Prives
253,Issey Miyake,ايسي مياكي,L'Eau d' Pour Homme Noir Ambre,ليو دا بور هوم نوار عنبر,4.53,3.8,3.3,2016,13,عطر ليو دا بور هوم نوار عنبر,L'Eau d' Pour Homme Noir Ambre
254,Lorenzo,لورينزو بازاليا,Passion Rose Pazzaglia,لورنزو بازاجليا باسيون روز,4.23,4,3.7,2022,570,عطر لورنزو بازاجليا باسيون روز,Passion Rose Pazzaglia
255,Lorenzo,لورينزو بازاليا,Pazzaglia Ficus in Fabula,لورنزو بازاجليا فيكوس ان فابيولا,4.13,4.1,3.8,2021,570,عطر لورنزو بازاجليا فيكوس ان فابيولا,Pazzaglia Ficus in Fabula
256,Pana Dora,بانا دورا,SWEDEN - TRAVEL SET -,طقم من عطور بانادورا,3.93,4.4,3.9,2024,850,عطر طقم من عطور بانادورا,SWEDEN - TRAVEL SET -
257,Pazzaglia,لورنزو بازاجليا,Adam & Eve's Dress Lorenzo,لورينزو ادم اند ايفز دريس اكسترايت,4.18,4.1,3.7,2020,20,عطر لورينزو ادم اند ايفز دريس اكسترايت,Adam & Eve's Dress Lorenzo
258,Trussardi,تروساردي,Uomo,اومو الاسود,4.13,4,3.9,1983,220,عطر اومو الاسود,Uomo
259,Boadicea,بوديسيا ذا فيكتوريوس,Violet Sapphire,فيوليت سافير,4.17,4.2,3.6,2018,2900,عطر فيوليت سافير,Violet Sapphire
260,Cartier,كارتير,Santos,سانتوس,4.22,4,3.7,1981,434,عطر سانتوس,Santos
261,Lorenzo,لورينزو بازاليا,Adam and Eve's Dress Pazzaglia,لورنزو بازاجليا ادم اند ايفز دريس,4.17,4.1,3.7,2020,570,عطر لورنزو بازاجليا ادم اند ايفز دريس,Adam and Eve's Dress Pazzaglia
262,S T Dupont,ديبون,Perfect Tobacco S.T.,اس تي بيرفكت توباكو,4.32,3.9,3.6,2019,280,عطر اس تي بيرفكت توباكو,Perfect Tobacco S.T.
263,Burberry,بربري,My Black,ماي بلاك,4.02,4.2,3.9,2016,340,عطر ماي بلاك,My Black
264,Mugler,موغلر,A Men,إي مان رابير فلاسك,4.02,4.2,3.9,1996,360,عطر إي مان رابير فلاسك,A Men
265,Alghabra,الغبرا,Poem of Damas Parfums,بويم اوف داماس,4.11,4.1,3.8,2018,450,عطر بويم اوف داماس,Poem of Damas Parfums
266,Emporio Armani,امبوريو ارماني,Stronger With You Leather,سترونجر ويذ يو ليذر,4.51,3.8,3.3,2020,10,عطر سترونجر ويذ يو ليذر,Stronger With You Leather
267,Francesca Bia,فرانشيسكا بيانكي,The Black Knight Bianchi,بلاك نايت,4.11,4.3,3.6,2019,450,عطر بلاك نايت,The Black Knight Bianchi
268,Nishane,نيشاني,Favonius Harrods Exclusive -,فافونيوس,4.26,4,3.6,2021,28,عطر فافونيوس,Favonius Harrods Exclusive -
269,Tauer Perfumes,اندي تاور,Golestan,جولستان,4.11,4.1,3.8,2022,27,عطر جولستان,Golestan
270,XERJOFF,زيرجوف,Zefiro,أكس جي زيفيرو,4.16,4,3.8,2015,18,عطر أكس جي زيفيرو,Zefiro
271,Chanel,شانيل,No.5,نمبر,4.01,4.2,3.9,1921,580,عطر نمبر,No.5
272,Mancera,مانسيرا,Velvet Vanilla,فيلفيت فانيلا,3.91,4.2,4.1,2016,360,عطر فيلفيت فانيلا,Velvet Vanilla
273,TizianaTerenzi,تيزيانا تيرينزي,Laudano Nero TIZIANA TERENZI,لودانو نيرو,4.06,4.3,3.7,2014,550,عطر لودانو نيرو,Laudano Nero TIZIANA TERENZI
274,Boadicea,بوديسيا ذا فيكتوريوس,Imperial THE VICTORIOUS,امبريال,4.25,4,3.6,2012,230,عطر امبريال,Imperial THE VICTORIOUS
275,Chanel,شانيل,Coco,كوكو من,4.25,4,3.6,1984,14,عطر كوكو من,Coco
276,Giorgio Armani,ارماني,Rose d'Arabie,روز ارابيا,4.35,3.9,3.5,2010,220,عطر روز ارابيا,Rose d'Arabie
277,JeanPaulGaultie,جان بول غولتير,Scandal Pour Homme Absolu Jean Paul Gaultier,سكاندال بور أوم أبسولو,4,4.1,4,2024,12,عطر سكاندال بور أوم أبسولو,Scandal Pour Homme Absolu Jean Paul Gaultier
278,Kilian,كيليان,Angels' Share Paradis BY and men,انجيلز شير برادايس,4.35,3.9,3.5,2025,1100,عطر انجيلز شير برادايس,Angels' Share Paradis BY and men
279,Montale,مونتال,Aoud Musk,عود مسك,3.75,4.4,4.2,2010,270,عطر عود مسك,Aoud Musk
280,Montale,مونتال,Intense Cafe,انتنس كافيه,3.85,4.3,4.1,2013,350,عطر انتنس كافيه,Intense Cafe
281,Ormonde Jayne,اورموند جين,Montabaco Intensivo,ارموند مونتباكو إينتينسيفو,4.5,3.9,3.2,2013,1200,عطر ارموند مونتباكو إينتينسيفو,Montabaco Intensivo
282,Orto Parisi,اورتو باريسي,Bergamask,بيرقامسك,3.95,4.4,3.8,2014,18,عطر بيرقامسك,Bergamask
283,S T Dupont,ديبون,Noble Wood S.T.,اس تي نوبل وود,3.95,4.2,4,2016,230,عطر اس تي نوبل وود,Noble Wood S.T.
284,Sospiro,سوسبيرو,Soprano,سوبرانو,4,4,4.1,2018,800,عطر سوبرانو,Soprano
285,Vertus,فيرتس,Chaos,فيرتوس كايوس,3.6,4.6,4.3,2021,650,عطر فيرتوس كايوس,Chaos
286,XERJOFF,زيرجوف,JTC 400,جي تي سي,4.15,4.1,3.7,2018,800,عطر جي تي سي,JTC 400
287,imperial,امبريل,Boadicea the Victorious,امبريال بوديسيا,4.25,4,3.6,2012,1000,عطر امبريال بوديسيا,Boadicea the Victorious
288,Dior,كريستيان ديور,Licieuse,فيف ديليسيوز,4.1,4.1,3.8,2015,800,عطر فيف ديليسيوز,Licieuse
289,JeanPaulGaultie,جان بول غولتير,Jean Paul Gaultier Ultra Male,الترا ميل الرجالي,4.45,3.8,3.4,2015,12,عطر الترا ميل الرجالي,Jean Paul Gaultier Ultra Male
290,Hugo Boss,هوغو بوس,Bottled Elixir,بوتلد إليكسير بيرفيوم,4.34,4,3.4,2023,395,عطر بوتلد إليكسير بيرفيوم,Bottled Elixir
291,Roja Parfums,روجا بارفيومز,Amber Aoud Dove,عنبر عود,4.39,3.9,3.4,2012,35,عطر عنبر عود,Amber Aoud Dove
292,XERJOFF,زيرجوف,XJ 17/17 STONE LABEL HOMME,اكس جي ستون ليبل هوم,4.09,4.2,3.7,2007,1450,عطر اكس جي ستون ليبل هوم,XJ 17/17 STONE LABEL HOMME
293,Boadicea,بوديسيا ذا فيكتوريوس,Complex THE VICTORIOUS,كومبلكس,3.78,4.4,4.1,,670,عطر كومبلكس,Complex THE VICTORIOUS
294,Clive Christian,كلايف كريستيان,C Woody Leather With Oudh Intense,سي وودي ليذر,4.28,4,3.5,2017,690,عطر سي وودي ليذر,C Woody Leather With Oudh Intense
295,Giorgio Armani,ارماني,Noir Kogane,بريفيه نوار كوجان,4.23,4.1,3.5,2024,18,عطر بريفيه نوار كوجان,Noir Kogane
296,Givenchy,جيفنشي,Xeryus Rouge,اكسيروس روج الاحمر,4.23,3.9,3.7,1995,270,عطر اكسيروس روج الاحمر,Xeryus Rouge
297,Ormonde Jayne,اورموند جين,Royal Elixir,ارموند رويال اليكسير,4.23,4.1,3.5,2019,750,عطر ارموند رويال اليكسير,Royal Elixir
298,Hugo Boss,هوغو بوس,The Scent Elixir,ذا سنت إلكسير,4.38,3.9,3.4,2024,560,عطر ذا سنت إلكسير,The Scent Elixir
299,MDCI Parfums,ام دي سي آي,Invasion barber,اي انفزيون بابار,4.38,4,3.3,2005,350,عطر اي انفزيون بابار,Invasion barber
300,Unique'e Luxury,يونيك لاكجري,SoScentific,لكجري سوسنتيفك,4.13,4.1,3.7,2019,675,عطر لكجري سوسنتيفك,SoScentific
301,Afnan,افنان,Supremacy in Oud,أفنان سوبريماسي إن عود,4.22,4,3.6,2021,175,عطر أفنان سوبريماسي إن عود,Supremacy in Oud
302,Azzaro,ازارو,The Most Wanted,ذا موست وانتيد انتنس,4.57,3.7,3.2,,360,عطر ذا موست وانتيد انتنس,The Most Wanted
303,Azzaro,ازارو,The Most Wanted Parfum,ذا موست وانتيد,4.57,3.7,3.2,,370,عطر ذا موست وانتيد,The Most Wanted Parfum
304,Boadicea,بوديسيا ذا فيكتوريوس,Harmonious THE VICTORIOUS,هارمونيس من فيكتوريس,4.42,3.9,3.3,2022,750,عطر هارمونيس من فيكتوريس,Harmonious THE VICTORIOUS
305,Dior,كريستيان ديور,Tobacolor,توباكولور,4.17,4.1,3.6,2021,240,عطر توباكولور,Tobacolor
306,Francesca Bia,فرانشيسكا بيانكي,Sex And The Sea Neroli Bianchi,سكس اند ذا سي نيرولي,3.87,4.3,4,2019,27,عطر سكس اند ذا سي نيرولي,Sex And The Sea Neroli Bianchi
307,Jean Paul Gaultier,غوتييه,Classique,جان بول غولتير كلاسيك النسائي,3.92,4.2,4,1993,350,عطر جان بول غولتير كلاسيك النسائي,Classique
308,Kilian,كيليان,Pearl Oud BY,بيرل عود,4.17,4,3.7,2015,900,عطر بيرل عود,Pearl Oud BY
309,Montale,مونتال,Chocolate Greedy,شوكلت غريدي,3.92,4.2,4,2007,330,عطر شوكلت غريدي,Chocolate Greedy
310,Montale,مونتال,Dark Vanilla,دارك فانيلا,4.07,4.2,3.7,2020,350,عطر دارك فانيلا,Dark Vanilla
311,Davidoff,دافيدوف,Zino,زينو الرجالي,4.16,3.9,3.8,1986,160,عطر زينو الرجالي,Zino
312,Estee Lauder,استي لودر,Cinnabar,إستي سينابار,4.01,4.2,3.8,1978,275,عطر إستي سينابار,Cinnabar
313,Floris,فلوريس,Santal Intense,لندن سانتال انتينس,4.61,3.5,3.3,2024,485,عطر لندن سانتال انتينس,Santal Intense
314,Gucci,قوتشي,Guilty Absolu,غوتشي غيلتي أبسولو,4.21,4,3.6,2025,440,عطر غوتشي غيلتي أبسولو,Guilty Absolu
315,Gucci,قوتشي,Guilty Absolu de Parfum Pour Homme,غليتي ابسولو,4.21,4,3.6,2025,480,عطر غليتي ابسولو,Guilty Absolu de Parfum Pour Homme
316,Histoires De Parfums,هيستورا,Marquis de Sade,هيستوريس ماركيز ساد الرجالي,4.21,4.1,3.5,2000,520,عطر هيستوريس ماركيز ساد الرجالي,Marquis de Sade
317,Jean Paul Gaultier,غوتييه,So Scandal,جان بول غولتير سو سكاندال,4.11,4,3.8,2020,450,عطر جان بول غولتير سو سكاندال,So Scandal
318,Ormonde Jayne,اورموند جين,Nawab of Oudh,ارموند نواب أوف عود,4.41,3.8,3.4,2012,1020,عطر ارموند نواب أوف عود,Nawab of Oudh
319,Roja Parfums,روجا بارفيومز,Qatar Dove,قطر عود,4.31,4,3.4,2017,950,عطر قطر عود,Qatar Dove
320,YSL,ايف سان لوران,Yves Saint Laurent Opium,اوبيوم الرجالي,4.31,3.8,3.6,2014,420,عطر اوبيوم الرجالي,Yves Saint Laurent Opium
321,Yves Saint Laur,ايف سان لوران,LAURENT Supreme Bouquet,سوبريم بوكيه,4.26,3.9,3.6,2013,17,عطر سوبريم بوكيه,LAURENT Supreme Bouquet
322,AMOUAGE,امواج,Fate,فيت النسائي,3.95,4.3,3.8,2013,770,عطر فيت النسائي,Fate
323,Amado,امادو,My Muse,ماي ميوز,4.5,3.7,3.3,2017,240,عطر ماي ميوز,My Muse
324,Carolina Herra,كارولينا هيريرا,Mystery Tobacco Herrera,كونفيدينشال ميستري توباكو,4.4,3.8,3.4,2016,240,عطر كونفيدينشال ميستري توباكو,Mystery Tobacco Herrera
325,Costume Natio,كوستوم ناشونال,National I NATIONAL,آي,4.4,3.8,3.4,2019,550,عطر آي,National I NATIONAL
326,ELIE SAAB,ايلي ساب,Royal,صعب رويال,3.9,4.2,4,2019,390,عطر صعب رويال,Royal
327,Givenchy,جيفنشي,Amarige,اماريج النسائي,3.9,4.2,4,1991,285,عطر اماريج النسائي,Amarige
328,Guerlain,غيرلان,Rieux,بوا ميستريو,4.25,3.9,3.6,2019,14,عطر بوا ميستريو,Rieux
329,Guerlain,غيرلان,Samsara,سمسارا,3.9,4.2,4,1989,530,عطر سمسارا,Samsara
330,Histoires De Parfums,هيستورا,EDITION RARE FIDELIS U ABSOLU,هيستوريس ايدشن راير فيديليس ابسولو,4.15,4.1,3.6,2015,17,عطر هيستوريس ايدشن راير فيديليس ابسولو,EDITION RARE FIDELIS U ABSOLU
331,Lancome,لانكوم,Nuit Tresor L'Eau,لانوي تريزور ليو,3.9,4.2,4,2015,200,عطر لانوي تريزور ليو,Nuit Tresor L'Eau
332,Lola Mood,لولا مود,Red Carpet Attitude Nicole,ريد كاربت اتيتيود نيكول,4.5,3.2,3.8,2013,300,عطر ريد كاربت اتيتيود نيكول,Red Carpet Attitude Nicole
333,Montale,مونتال,Fantastic Oud,فانتاستيك عود,3.9,4.2,4,2018,200,عطر فانتاستيك عود,Fantastic Oud
334,Paco Rabanne,باكو رابان,Million Elixir,ون مليون إلكسير,4.4,3.9,3.3,2022,410,عطر ون مليون إلكسير,Million Elixir
335,Pazzaglia,لورنزو بازاجليا,Sex Sea Lorenzo,سكس سي,3.95,4.1,4,,20,عطر سكس سي,Sex Sea Lorenzo
336,S T Dupont,ديبون,Royal Amber S.T.,اس تي رويال عنبر,4.2,4,3.6,2017,270,عطر اس تي رويال عنبر,Royal Amber S.T.
337,Thomas Kosmala,توماس كوسمالا,Desir du Coeur,باريس رقم ديسير كوير,3.9,4.3,3.9,2020,14,عطر باريس رقم ديسير كوير,Desir du Coeur
338,TizianaTerenzi,تيزيانا تيرينزي,TIZIANA TERENZI Porpora,بوربورا اكسترايت,3.8,4.2,4.2,2015,210,عطر بوربورا اكسترايت,TIZIANA TERENZI Porpora
339,Paradis,باردايس,Wonderland des Sens,وندرلاند,4.3,3.8,3.6,2020,13,عطر وندرلاند,Wonderland des Sens
340,Prada,برادا,Luna Rossa Black,لونا روسا بلاك,4.35,3.7,3.6,2018,390,عطر لونا روسا بلاك,Luna Rossa Black
341,Boadicea,بوديسيا ذا فيكتوريوس,Valiant THE VICTORIOUS,فايلنت,4.24,4,3.5,2013,3500,عطر فايلنت,Valiant THE VICTORIOUS
342,Dior,كريستيان ديور,HOMME INTENSE,هوم انتنس,4.49,3.8,3.2,2011,14,عطر هوم انتنس,HOMME INTENSE
343,ELIE SAAB,ايلي ساب,Nuit Noor,صعب لي نوي نور,4.09,4,3.8,2016,420,عطر صعب لي نوي نور,Nuit Noor
344,Mancera,مانسيرا,Black Line,بلاك لاين,3.89,4.2,4,2013,360,عطر بلاك لاين,Black Line
345,Paradis,باردايس,Celestia des Sens,سيليستيا,4.49,3.7,3.3,2021,370,عطر سيليستيا,Celestia des Sens
346,Parfums de Marly,مارلي,Layton Exclusif,ليتون إكسكلوسيف,4.24,4,3.5,2017,800,عطر ليتون إكسكلوسيف,Layton Exclusif
347,Sospiro,سوسبيرو,Duetto,دويتو,4.09,4.1,3.7,2011,800,عطر دويتو,Duetto
348,Carolina Herrera,كارولينا,212 VIP Black,هيريرا بلاك الرجالي,4.29,3.8,3.6,2017,300,عطر هيريرا بلاك الرجالي,212 VIP Black
349,Chanel,شانيل,Allure Homme Sport Extreme,الور هوم سبورت اكستريم,4.34,3.7,3.6,2012,620,عطر الور هوم سبورت اكستريم,Allure Homme Sport Extreme
350,Carolina Herra,كارولينا هيريرا,Nightfall Patchouli Herrera,نايت فول باتشولي,4.43,3.8,3.3,2015,850,عطر نايت فول باتشولي,Nightfall Patchouli Herrera
351,ELIE SAAB,ايلي ساب,Parfum In White,صعب لي ان وايت,4.08,4,3.8,2018,410,عطر صعب لي ان وايت,Parfum In White
352,Hermes,هيرمس,Elixir Des Merveilles,الكسير ميرفيل,4.08,4.1,3.7,2006,550,عطر الكسير ميرفيل,Elixir Des Merveilles
353,Mancera,مانسيرا,Hindu Kush,هندو كوش,3.93,4.2,3.9,2018,370,عطر هندو كوش,Hindu Kush
354,Pana Dora,بانا دورا,Swedish Wood,سويدش وود,4.08,4.1,3.7,2019,17,عطر سويدش وود,Swedish Wood
355,Tauer Perfumes,اندي تاور,L'Air du Desert Marocain,هواء الصحراء المغربية,4.38,3.9,3.3,2005,27,عطر هواء الصحراء المغربية,L'Air du Desert Marocain
356,Yves Saint Laur,ايف سان لوران,Cuir Sublime Oud LAURENT,كوير سوبلام عود,4.03,4.2,3.7,2025,16,عطر كوير سوبلام عود,Cuir Sublime Oud LAURENT
357,Yves Saint Laur,ايف سان لوران,LAURENT Yvresse,ايفرس,4.13,4,3.7,1993,500,عطر ايفرس,LAURENT Yvresse
358,Clive Christian,كلايف كريستيان,Town & Country,تاون اند كانتري كراون كولكشن,4.18,4.1,3.5,2023,700,عطر تاون اند كانتري كراون كولكشن,Town & Country
359,Louis Vuitton,لويس فيتون,Sur la Route,سور لا روت,4.43,3.7,3.4,2018,920,عطر سور لا روت,Sur la Route
360,Ramon Monegal,رامون مونيجال,Flamenco,فلامنكو من مونيغال,4.18,4,3.6,2017,18,عطر فلامنكو من مونيغال,Flamenco
361,Ramon Monegal,رامون مونيجال,Flamenco Monega,فلامينكو إكستريت,4.18,4,3.6,2017,650,عطر فلامينكو إكستريت,Flamenco Monega
362,Acqua Di Parma,اكوا دي بارما,E Di,ليذر المركز,4.42,3.8,3.3,2014,630,عطر ليذر المركز,E Di
363,Laurent Mazzone,لورنت مازون,Patchouli Boheme Parfums,لورين باتشولي بوهيمي,4.07,4.1,3.7,2011,15,عطر لورين باتشولي بوهيمي,Patchouli Boheme Parfums
364,AMOUAGE,امواج,Rose Incense,اوبس روز انسينس,4.22,4,3.5,2019,16,عطر اوبس روز انسينس,Rose Incense
365,BYREDO,بيريدو,Reine de Nuit,رين نوت,4.22,3.9,3.6,2015,1170,عطر رين نوت,Reine de Nuit
366,Guerlain,غيرلان,Absolus d'Orient Oud Essentiel,عود ايسانسيال,4.12,4.1,3.6,2017,370,عطر عود ايسانسيال,Absolus d'Orient Oud Essentiel
367,Mancera,مانسيرا,Silver Blue,سيلفر بلو,4.17,4,3.6,2019,360,عطر سيلفر بلو,Silver Blue
368,Marbert,ماربرت,Man,مان,4.42,3.7,3.4,1977,105,عطر مان,Man
369,Ted Lapidus,تيد لابيدوس,Pour Homme,باريس,3.92,4.2,3.9,1987,90,عطر باريس,Pour Homme
370,TizianaTerenzi,تيزيانا تيرينزي,Nero Oudh TIZIANA TERENZI,نيرو عود ترينزي,4.12,4.1,3.6,2019,700,عطر نيرو عود ترينزي,Nero Oudh TIZIANA TERENZI
371,BVLGARI,بولغاري,Gemme Orom,لوجيم اوروم,4.47,3.8,3.2,2022,340,عطر لوجيم اوروم,Gemme Orom
372,AMOUAGE,امواج,Silver Oud,اوبس سلفر عود,3.91,4.4,3.7,2021,24,عطر اوبس سلفر عود,Silver Oud
373,Dior,كريستيان ديور,Sauvage Parfum,سوفاج الاصدار المركز,4.11,3.9,3.8,2015,550,عطر سوفاج الاصدار المركز,Sauvage Parfum
374,Hermes,هيرمس,Caleche Soie de Parfum,كاليش سوي,4.36,3.7,3.5,1992,13,عطر كاليش سوي,Caleche Soie de Parfum
375,Hermes,هيرمس,che Soie,كاليش سوي,4.36,3.7,3.5,1992,440,عطر كاليش سوي,che Soie
376,Mugler,موغلر,Men Pure Havane,بيور هافانا تيري,4.46,3.7,3.3,2011,415,عطر بيور هافانا تيري,Men Pure Havane
377,Roja Parfums,روجا بارفيومز,Danger Pour Homme Dove,دانجير بور هوم,4.46,3.7,3.3,2011,1250,عطر دانجير بور هوم,Danger Pour Homme Dove
378,Roja Parfums,روجا بارفيومز,Danger Pour Homme Parfum Dove,دوف دانجير,4.46,3.7,3.3,2011,600,عطر دوف دانجير,Danger Pour Homme Parfum Dove
379,BVLGARI,بولغاري,Kobraa,لو جيمي كوبرا,4.36,3.8,3.4,2020,1400,عطر لو جيمي كوبرا,Kobraa
380,Costume Natio,كوستوم ناشونال,Soul NATIONAL,سول,4.26,4,3.4,2015,480,عطر سول,Soul NATIONAL
381,Givenchy,جيفنشي,Foudroyant,فودرويانت من,4.21,4,3.5,2022,950,عطر فودرويانت من,Foudroyant
382,Jesus Del Pozo,خيسوس دل بوزو,Dark Saffron Nights,جي ديل دارك سافرون نايت,4.26,4,3.4,2018,285,عطر جي ديل دارك سافرون نايت,Dark Saffron Nights
383,MEMO PARIS,ميمو باريس,Palais Bourbon,باليه بوربون,4.21,4,3.5,2024,16,عطر باليه بوربون,Palais Bourbon
384,Montale,مونتال,Black Musk,بلاك مسك,3.91,4.2,3.9,2010,350,عطر بلاك مسك,Black Musk
385,Nishane,نيشاني,Ani,اني اكسترايت,4.26,4,3.4,2019,650,عطر اني اكسترايت,Ani
386,Roja Parfums,روجا بارفيومز,Taif Aoud Dove,طائف عود,4.26,3.9,3.5,2023,2600,عطر طائف عود,Taif Aoud Dove
387,TizianaTerenzi,تيزيانا تيرينزي,Tiziana Terenzi Gold Rose Oudh,قولد روز عود اكسترايت,3.81,4.2,4.1,2012,650,عطر قولد روز عود اكسترايت,Tiziana Terenzi Gold Rose Oudh
388,Vertus,فيرتس,ANKA,فيرتوس باريس انكا,3.86,4.3,3.9,2024,620,عطر فيرتوس باريس انكا,ANKA
389,BVLGARI,بولغاري,Onekh,لو جيم اونيخ,4.31,3.8,3.5,2016,375,عطر لو جيم اونيخ,Onekh
390,FREDERIC MALLE,فريدريك مال,Portrait of a Lady,بورتريه أوف ليدي,4.06,4.1,3.7,2010,25,عطر بورتريه أوف ليدي,Portrait of a Lady
391,Lancome,لانكوم,Poeme,بويم,4.01,4.1,3.8,1995,8,عطر بويم,Poeme
392,Mancera,مانسيرا,Aoud Violet,عود فيوليت,3.95,4.2,3.8,2014,350,عطر عود فيوليت,Aoud Violet
393,Montale,مونتال,Aoud Purple Rose,عود بربل روز,3.6,4.4,4.3,2012,300,عطر عود بربل روز,Aoud Purple Rose
394,Atkinsons,اتكينسونس,The Joss Flower,ذا جوس فلاور,4.3,3.7,3.6,2019,430,عطر ذا جوس فلاور,The Joss Flower
395,Chanel,شانيل,Antaeus,انتيوس,4.25,3.9,3.5,1981,500,عطر انتيوس,Antaeus
396,Paco Rabanne,باكو رابان,Olympea Intense,اولمبيا انتنس,3.85,4.2,4,2017,380,عطر اولمبيا انتنس,Olympea Intense
397,Paco Rabanne,باكو رابان,a Legend,اولمبيا ليجند,3.85,4.2,4,2019,310,عطر اولمبيا ليجند,a Legend
398,Pana Dora,بانا دورا,XVI,السادس عشر من,4.3,3.9,3.4,2019,800,عطر السادس عشر من,XVI
399,TOM FORD,توم فورد,Tuscan Leather,توسكان ليذر,4.25,4,3.4,2007,375,عطر توسكان ليذر,Tuscan Leather
400,nasamat najd,نسمات نجد,Arar,عرار,4.25,3.9,3.5,2021,366,عطر عرار,Arar
401,Amado,امادو,Seduction,سيداكشن,4,4.2,3.7,2019,150,عطر سيداكشن,Seduction
402,Cartier,كارتير,Pasha,باشا,4.05,4,3.8,2019,350,عطر باشا,Pasha
403,Chanel,شانيل,Egoiste,ايجوست,4.05,4,3.8,1990,490,عطر ايجوست,Egoiste
404,JeanPaulGaultie,جان بول غولتير,Scandal Pour Homme Le Parfum Jean Paul Gaultier,سكاندال الرجالي لي,3.9,4.1,4,2022,450,عطر سكاندال الرجالي لي,Scandal Pour Homme Le Parfum Jean Paul Gaultier
405,Montale,مونتال,Aoud Night,عود نايت,3.65,4.4,4.2,2014,200,عطر عود نايت,Aoud Night
406,Nicolai,نيكولاي,Patchouli Intense,باتشولي انتنس,3.95,4.3,3.7,2009,200,عطر باتشولي انتنس,Patchouli Intense
407,Nicolai,نيكولاي,Patchouli Intense Parfumeur Createur,باتشولي انتنس,3.95,4.3,3.7,2009,430,عطر باتشولي انتنس,Patchouli Intense Parfumeur Createur
408,Nicolai,نيكولاي,Sacrebleu Intense,انتنس,4,4.1,3.8,2008,600,عطر انتنس,Sacrebleu Intense
409,Parfums de Marly,مارلي,Layton,ليتون,4.45,3.8,3.2,2016,750,عطر ليتون,Layton
410,Ramon Monegal,رامون مونيجال,Allnightlong,اولنايت لونق,4.35,3.9,3.3,2024,450,عطر اولنايت لونق,Allnightlong
411,Montale,مونتال,Aoud Lime,عود لايم,3.79,4.2,4.1,,360,عطر عود لايم,Aoud Lime
412,Rasasi,الرصاصي,Hawas Black,هوس بلاك,4.24,3.9,3.5,2024,150,عطر هوس بلاك,Hawas Black
413,AMOUAGE,امواج,The Library Collection Opus V,اوبس الخامس,4.09,4.1,3.6,2011,650,عطر اوبس الخامس,The Library Collection Opus V
414,Dorsay,دورساي,Ambre et Musc D’ORSAY,ال كيميا امبر ايه موسك,4.29,3.8,3.5,2014,915,عطر ال كيميا امبر ايه موسك,Ambre et Musc D’ORSAY
415,D’ORSAY,دورساي,Ambre et Musc,ال كيميا امبر ايه موسك,4.29,3.8,3.5,2014,35,عطر ال كيميا امبر ايه موسك,Ambre et Musc
416,Francesca Bia,فرانشيسكا بيانكي,E,اتروسكان ووتر,4.09,4.2,3.5,2016,375,عطر اتروسكان ووتر,E
417,Francesca Bia,فرانشيسكا بيانكي,The Dark Side Bianchi,ذا دارك سايد,4.09,4.2,3.5,2016,450,عطر ذا دارك سايد,The Dark Side Bianchi
418,Lancome,لانكوم,Idole L'Intense Intense,ايدول لا انتنس النسائي,4.04,4,3.8,2020,800,عطر ايدول لا انتنس النسائي,Idole L'Intense Intense
419,Louis Vuitton,لويس فيتون,Dancing Blossom,دانسينج بلوسوم من,4.04,4.1,3.7,2021,35,عطر دانسينج بلوسوم من,Dancing Blossom
420,Parfums de Marly,مارلي,Haltane,هالتين,4.34,3.9,3.3,2021,1290,عطر هالتين,Haltane
421,Sospiro,سوسبيرو,Basso,باسو,4.39,3.8,3.3,2022,950,عطر باسو,Basso
422,V Canto,في كانتو,Temptatio V,تيمتيشن,4.14,4.1,3.5,2020,940,عطر تيمتيشن,Temptatio V
423,Roja Parfums,روجا بارفيومز,Aoud Crystal Parfum by Dove,دوف عود كريستال,4.33,3.8,3.4,2010,22,عطر دوف عود كريستال,Aoud Crystal Parfum by Dove
424,Roja Parfums,روجا بارفيومز,Aoud Dove,عود,4.33,3.8,3.4,2010,35,عطر عود,Aoud Dove
425,BVLGARI,بولغاري,Gyan,جيان,4.48,3.7,3.2,2016,360,عطر جيان,Gyan
426,Boadicea,بوديسيا ذا فيكتوريوس,Nemer THE VICTORIOUS,نمر من,4.28,4,3.3,2012,1100,عطر نمر من,Nemer THE VICTORIOUS
427,Cartier,كارتير,Panthere Noir Absolu,لابانثير نوار ابسولو النسائي,3.83,4.2,4,2016,390,عطر لابانثير نوار ابسولو النسائي,Panthere Noir Absolu
428,Jesus Del Pozo,خيسوس دل بوزو,Gold Cedar Nights,جي ديل جولد سيدار نايتس,4.48,3.7,3.2,2020,285,عطر جي ديل جولد سيدار نايتس,Gold Cedar Nights
429,Montale,مونتال,Aoud Leather,عود ليذر,4.08,4.1,3.6,2009,8,عطر عود ليذر,Aoud Leather
430,Pana Dora,بانا دورا,Aqua,أكوا من,4.48,3.7,3.2,2021,980,عطر أكوا من,Aqua
431,Robert Piguet,روبرت بيغيه,Oud Divin,بيجيه عود ديفين,4.13,4.1,3.5,2015,610,عطر بيجيه عود ديفين,Oud Divin
432,Sisley,سيسلي,Eau du Soir,سوار,4.08,4.1,3.6,1990,430,عطر سوار,Eau du Soir
433,TizianaTerenzi,تيزيانا تيرينزي,Kaff TIZIANA TERENZI,تيرنزي كاف,4.03,4.1,3.7,2017,16,عطر تيرنزي كاف,Kaff TIZIANA TERENZI
434,XERJOFF,زيرجوف,Hayat,حياة,4.08,4.1,3.6,2023,990,عطر حياة,Hayat
435,CREED,كريد,Oud Zarian,عود زاريان,3.77,4.4,3.9,2025,17,عطر عود زاريان,Oud Zarian
436,Orto Parisi,اورتو باريسي,Risvelium and men,ريسفيليوم,3.72,4.5,3.9,2025,645,عطر ريسفيليوم,Risvelium and men
437,Boadicea,بوديسيا ذا فيكتوريوس,Amethyst THE VICTORIOUS,اماثيست,4.27,3.9,3.4,2017,21,عطر اماثيست,Amethyst THE VICTORIOUS
438,Essential,ايسينشيال بيرفيوم,Bois Imperial Parfums,بوا امبريال,4.17,4,3.5,2020,480,عطر بوا امبريال,Bois Imperial Parfums
439,Essential,ايسينشيال بيرفيوم,rial Parfums,بوا امبريال,4.17,4,3.5,2020,375,عطر بوا امبريال,rial Parfums
440,Lorenzo,لورينزو بازاليا,Incenso Notturno Pazzaglia and men,لورنزو بازاجليا انسينسو نوتورنو,4.07,3.9,3.8,2024,570,عطر لورنزو بازاجليا انسينسو نوتورنو,Incenso Notturno Pazzaglia and men
441,Maison Crivelli,مايزون كريفيلي,Safran Secret,كريفيل سافران سيكريت,4.22,4,3.4,2025,28,عطر كريفيل سافران سيكريت,Safran Secret
442,Nishane,نيشاني,ANI X,اني اكس من,4.27,3.9,3.4,2023,850,عطر اني اكس من,ANI X
443,Pazzaglia,لورنزو بازاجليا,Incenso Notturno Lorenzo and men,انسينسو نوتورنو,4.07,3.9,3.8,2024,20,عطر انسينسو نوتورنو,Incenso Notturno Lorenzo and men
444,TOM FORD,توم فورد,Topacco Vanillya,الجسم توباكو فانيلا,4.17,4,3.5,2007,470,عطر الجسم توباكو فانيلا,Topacco Vanillya
445,Unique'e Luxury,يونيك لاكجري,Chocolate Makes Me Happy,شوكليت ميكس مي هابي لكجري,3.92,4.2,3.8,2019,750,عطر شوكليت ميكس مي هابي لكجري,Chocolate Makes Me Happy
446,XERJOFF,زيرجوف,Fars,فارس,4.22,3.9,3.5,2012,850,عطر فارس,Fars
447,Yves Saint Laur,ايف سان لوران,Wild Leather LAURENT,وايلد ليذر,4.37,3.8,3.3,2021,700,عطر وايلد ليذر,Wild Leather LAURENT
448,Chanel,شانيل,Allure Sensuelle,ألور سنشوال,4.16,3.8,3.7,2006,470,عطر ألور سنشوال,Allure Sensuelle
449,Clive Christian,كلايف كريستيان,150 Anniversary Limited Collection Timeless,تايمليس النسائي بإصدار محدود للذكرى السنوية,4.36,3.8,3.3,2022,1050,عطر تايمليس النسائي بإصدار محدود للذكرى السنوية,150 Anniversary Limited Collection Timeless
450,Clive Christian,كلايف كريستيان,1872,الرجالي,4.36,3.8,3.3,2022,750,عطر الرجالي,1872
451,Estee Lauder,استي لودر,Knowing,نوينج,4.01,4.1,3.7,1988,270,عطر نوينج,Knowing
452,Estee Lauder,استي لودر,SpellBound,إستي سبل بوند,4.01,4,3.8,1991,295,عطر إستي سبل بوند,SpellBound
453,Lorenzo,لورينزو بازاليا,Choco Raptor Pazzaglia,لورنزو بازاجليا شوكو رابتور,3.81,4.2,4,2023,570,عطر لورنزو بازاجليا شوكو رابتور,Choco Raptor Pazzaglia
454,Lorenzo,لورينزو بازاليا,Pazzaglia Vesuviur,بازاجليا فيسوفيور,4.11,3.9,3.7,2025,570,عطر بازاجليا فيسوفيور,Pazzaglia Vesuviur
455,Nishane,نيشاني,Unutamam,انوتمام اكسترايت,3.81,4.3,3.9,2019,350,عطر انوتمام اكسترايت,Unutamam
456,Pazzaglia,لورنزو بازاجليا,Choco Raptor Lorenzo,شوكو رابتور,3.81,4.2,4,2023,20,عطر شوكو رابتور,Choco Raptor Lorenzo
457,Pazzaglia,لورنزو بازاجليا,Lorenzo Vesuviur l,لورينزو فيسوفيور,4.11,3.9,3.7,2025,20,عطر لورينزو فيسوفيور,Lorenzo Vesuviur l
458,Roja Parfums,روجا بارفيومز,Sweetie Aoud Dove,سويتي عود,4.31,3.9,3.3,2015,1000,عطر سويتي عود,Sweetie Aoud Dove
459,nasamat najd,نسمات نجد,Tobacco,توباكو,4.36,3.6,3.5,2022,250,عطر توباكو,Tobacco
460,Boadicea,بوديسيا ذا فيكتوريوس,Nefarious THE VICTORIOUS,نيفاريوس,4.26,3.7,3.6,,1200,عطر نيفاريوس,Nefarious THE VICTORIOUS
461,Chanel,شانيل,Coco Noir Hair Mist,الشعر كوكو نوير من,4.31,3.3,3.9,2018,345,عطر الشعر كوكو نوير من,Coco Noir Hair Mist
462,Mancera,مانسيرا,Instant Crush,انيستانت كراش,4.06,4.1,3.6,2019,315,عطر انيستانت كراش,Instant Crush
463,Amado,امادو,Oud Mystere,أمادو عود مستري,4.75,2.5,3.8,2017,750,عطر أمادو عود مستري,Oud Mystere
464,BVLGARI,بولغاري,Man Black Orient,مان بلاك اورينت,4.05,3.9,3.8,2016,200,عطر مان بلاك اورينت,Man Black Orient
465,Carolina Herra,كارولينا هيريرا,Herrera Good Girl Legere,قود غيرل ليجري الابيض,4,4,3.8,2018,380,عطر قود غيرل ليجري الابيض,Herrera Good Girl Legere
466,Dior,كريستيان ديور,Miss Absolutely Blooming,مس ابسلوتلي بلومينغ,4.05,4,3.7,2016,580,عطر مس ابسلوتلي بلومينغ,Miss Absolutely Blooming
467,Dior,كريستيان ديور,Santal Noir,سانتال نوار من,4.2,3.9,3.5,2018,15,عطر سانتال نوار من,Santal Noir
468,Giorgio Armani,ارماني,Code Absolu,كود ابسولو الرجالي,4,4,3.8,2019,480,عطر كود ابسولو الرجالي,Code Absolu
469,Guerlain,غيرلان,Encens Mythique,انسنس ميثيك,3.9,4.2,3.8,2012,490,عطر انسنس ميثيك,Encens Mythique
470,Initio,انيشيو,Addictive Vibration,اديكتف فيبراشن,3.85,4.1,4,2016,19,عطر اديكتف فيبراشن,Addictive Vibration
471,Mancera,مانسيرا,Cedrat Boise,سيدرات بوازيه,4.1,3.9,3.7,2011,320,عطر سيدرات بوازيه,Cedrat Boise
472,PENHALIGONS,بنهاليغونز,Halfeti Cedar Penhaligon's,بنهاليغنز هالفيتي سيدار,4.2,4,3.4,2020,800,عطر بنهاليغنز هالفيتي سيدار,Halfeti Cedar Penhaligon's
473,Rosendo Mateu,روسيندو ماتيو,No. 8,نمبر,4.15,4,3.5,2017,350,عطر نمبر,No. 8
474,Rosendo Mateu,روسيندو ماتيو,Sensual Musk Olfactive Expressions,فايف,4.15,4,3.5,2017,14,عطر فايف,Sensual Musk Olfactive Expressions
475,TizianaTerenzi,تيزيانا تيرينزي,Maremma TIZIANA TERENZI,ماريما,4,4.1,3.7,2013,550,عطر ماريما,Maremma TIZIANA TERENZI
476,TizianaTerenzi,تيزيانا تيرينزي,Tiziana Terenzi Delox,ديلوكس اكسترايت,3.8,4.2,4,2017,600,عطر ديلوكس اكسترايت,Tiziana Terenzi Delox
477,Trussardi,تروساردي,Uomo Levriero Collection,اومو,4.1,3.9,3.7,2019,295,عطر اومو,Uomo Levriero Collection
478,Yves Saint Laur,ايف سان لوران,Laurent Kouros,كوروس,3.6,4.4,4.2,1981,290,عطر كوروس,Laurent Kouros
479,nasamat najd,نسمات نجد,MAY,ماي روز,4.25,3.5,3.8,2024,250,عطر ماي روز,MAY
480,AMOUAGE,امواج,Guidance,جايدانس,3.8,4.3,3.9,2023,350,عطر جايدانس,Guidance
481,AMOUAGE,امواج,Guidance 46,جايدانس,3.8,4.3,3.9,2023,380,عطر جايدانس,Guidance 46
482,Diptyque,ديبتيك,Oud Palao,عود بالاو,4.1,4.1,3.5,2015,500,عطر عود بالاو,Oud Palao
483,Van Cleef,فان كليف اند اربلز,Ylang & Arpels,أند أربيلز يلانج,4.05,3.8,3.9,2019,680,عطر أند أربيلز يلانج,Ylang & Arpels
484,Afnan,افنان,9 Pm,,4.34,3.8,3.3,2020,200,,9 Pm
485,Alghabra,الغبرا,Cuban Tobacco,كوبان توباكو,4.29,3.9,3.3,2023,24,عطر كوبان توباكو,Cuban Tobacco
486,Alghabra,الغبرا,Ottoman Treasure Parfums,عثمان تروشر,4.19,4,3.4,2019,480,عطر عثمان تروشر,Ottoman Treasure Parfums
487,Chanel,شانيل,Exclusifs de Coromandel,كورومانديل,4.39,3.7,3.3,,1500,عطر كورومانديل,Exclusifs de Coromandel
488,Chopard,شوبارد,COLLECTION AGAR ROYAL,كوليكشن اغار رويال العطر,4.29,3.9,3.3,2019,670,عطر كوليكشن اغار رويال العطر,COLLECTION AGAR ROYAL
489,Dior,كريستيان ديور,Dune,ديون النسائي,3.99,4,3.8,1991,450,عطر ديون النسائي,Dune
490,Dior,كريستيان ديور,Fahrenheit Le Parfum,فهرنهايت لي,3.99,4,3.8,1988,530,عطر فهرنهايت لي,Fahrenheit Le Parfum
491,Mizensir,ميزنسير,Perfect Oud Extrait,بيرفكت عود اكسترايت,4.34,3.9,3.2,2024,750,عطر بيرفكت عود اكسترايت,Perfect Oud Extrait
492,Sospiro,سوسبيرو,Cavatina,كافاتينا,4.34,3.8,3.3,2025,760,عطر كافاتينا,Cavatina
493,AMOUAGE,امواج,Epic 56 Woman,ايبيك النسائي,4.09,4.1,3.5,2009,1100,عطر ايبيك النسائي,Epic 56 Woman
494,Guerlain,غيرلان,Derby,ديربي,4.39,3.6,3.4,2012,1250,عطر ديربي,Derby
495,Mont Blanc,مونت بلانك,Ck,بلاك مايسترستوك,4.44,3.8,3.1,2024,600,عطر بلاك مايسترستوك,Ck
496,Mugler,موغلر,Alien Oud Majestueux,تيري الين عود ماجيستو,4.09,4,3.6,2015,450,عطر تيري الين عود ماجيستو,Alien Oud Majestueux
497,Prada,برادا,L’Homme Intense,ال هوم انتنس الرجالي,4.54,3.8,2.9,2017,12,عطر ال هوم انتنس الرجالي,L’Homme Intense
498,TOM FORD,توم فورد,Oud Wood,عود وود,4.29,3.6,3.6,2007,22,عطر عود وود,Oud Wood
499,XERJOFF,زيرجوف,Erba Pura,اربا بورا,3.79,4.3,3.9,2019,230,عطر اربا بورا,Erba Pura
500,XERJOFF,زيرجوف,Pikovaya Dama,بيكوفايا داما,4.09,4,3.6,2014,340,عطر بيكوفايا داما,Pikovaya Dama
501,Chopard,شوبارد,Black Incense Malaki,بلاك انسنس ملكي,4.28,3.9,3.3,2020,240,عطر بلاك انسنس ملكي,Black Incense Malaki
502,Davidoff,دافيدوف,Leather Blend,ليذر بليند,4.38,3.7,3.3,2014,280,عطر ليذر بليند,Leather Blend
503,Giorgio Armani,ارماني,Oud Royal,عود رويال,4.38,3.7,3.3,2010,500,عطر عود رويال,Oud Royal
504,Alghabra,الغبرا,King of Flowers Parfums,كينغ اف فلورز,4.48,3.7,3.1,2018,530,عطر كينغ اف فلورز,King of Flowers Parfums
505,Amado,امادو,Imperial Oud,امبريال عود,4.38,3.5,3.5,2014,550,عطر امبريال عود,Imperial Oud
506,Amado,امادو,Private Oud,برايفت عود,4.38,3.5,3.5,2014,550,عطر برايفت عود,Private Oud
507,Boadicea,بوديسيا ذا فيكتوريوس,Leopard Of Arabia THE VICTORIOUS,ليوبارد اوف ارابيا,3.88,4.1,3.9,,600,عطر ليوبارد اوف ارابيا,Leopard Of Arabia THE VICTORIOUS
508,Chanel,شانيل,Lion,لي ليون,4.13,4,3.5,2020,330,عطر لي ليون,Lion
509,JeanPaulGaultie,جان بول غولتير,Male Elixir Absolu Jean Paul Gaultier,غوتييه لي مال الكسير ابسولو الرجالي الإصدار,4.13,4,3.5,2025,650,عطر غوتييه لي مال الكسير ابسولو الرجالي الإصدار,Male Elixir Absolu Jean Paul Gaultier
510,Matiere Premier,ماتيري بريمير,Falcon Leather Premiere,فالكون ليذر,4.13,4,3.5,2019,900,عطر فالكون ليذر,Falcon Leather Premiere
511,Montale,مونتال,Starry Night,ستاري نايت,3.78,4.2,4,2015,360,عطر ستاري نايت,Starry Night
512,Trussardi,تروساردي,Donna,دونا الابيض,4.13,3.9,3.6,1994,210,عطر دونا الابيض,Donna
513,TOM FORD,توم فورد,Ombre Leather,امبري ليذر,4.32,3.9,3.2,2018,220,عطر امبري ليذر,Ombre Leather
514,TOM FORD,توم فورد,Ombre Leather Parfum,اومبري ليذر,4.32,3.9,3.2,2018,16,عطر اومبري ليذر,Ombre Leather Parfum
515,Francesca Bia,فرانشيسكا بيانكي,Byzantine Amber Bianchi,بيزانتين امبر اكسترايت,4.12,4.1,3.4,2023,360,عطر بيزانتين امبر اكسترايت,Byzantine Amber Bianchi
516,Givenchy,جيفنشي,Gentleman Boisee,جنتلمان بويسي,4.32,3.6,3.5,2020,380,عطر جنتلمان بويسي,Gentleman Boisee
517,JeanPaulGaultie,جان بول غولتير,Jean Paul Gaultier Scandal Pour Homme,سكاندال بور هوم,4.27,3.8,3.4,2021,370,عطر سكاندال بور هوم,Jean Paul Gaultier Scandal Pour Homme
518,Lorenzo,لورينزو بازاليا,Sun-gria Pazzaglia,لورنزو بازاجليا صن جريا اكسترايت,4.17,3.9,3.5,2024,600,عطر لورنزو بازاجليا صن جريا اكسترايت,Sun-gria Pazzaglia
519,Parfums de Marly,مارلي,Delina Exclusif,ديلينا اكسكلوسيف,4.12,4,3.5,2018,710,عطر ديلينا اكسكلوسيف,Delina Exclusif
520,Parfums de Marly,مارلي,Exclusif Delina,ديلينا,4.12,4,3.5,2018,290,عطر ديلينا,Exclusif Delina
521,Pazzaglia,لورنزو بازاجليا,Sun-gria Lorenzo,صن جريا,4.17,3.9,3.5,2024,20,عطر صن جريا,Sun-gria Lorenzo
522,Yves Saint Laur,ايف سان لوران,Caftan LAURENT,كافتان,4.27,3.8,3.4,2015,1000,عطر كافتان,Caftan LAURENT
523,Giorgio Armani,ارماني,Emporio Stronger With You Sandalwood,جورجيو أرماني سترونجر ويذ يو صندل,4.37,3.8,3.2,2025,435,عطر جورجيو أرماني سترونجر ويذ يو صندل,Emporio Stronger With You Sandalwood
524,Giorgio Armani,ارماني,Stronger With You Sandalwood and men,جورجيو سترونجر وذ يو صندل وود,4.37,3.8,3.2,2025,500,عطر جورجيو سترونجر وذ يو صندل وود,Stronger With You Sandalwood and men
525,Min New York,مين نيويورك,Voodoo,فودو,4.27,3.9,3.3,2017,550,عطر فودو,Voodoo
526,Montegrappa,مونتيقرابا,NeroUno,نيرو اونو,4.42,3.6,3.3,2012,8,عطر نيرو اونو,NeroUno
527,Montegrappa,مونتيقرابا,Nerouno Li Signore Limited Edition,نيرو اونو سيجنور ليميتد ايديشن,4.42,3.6,3.3,2012,240,عطر نيرو اونو سيجنور ليميتد ايديشن,Nerouno Li Signore Limited Edition
528,Nasomatto,ناسوماتو,Pardon,باردون اكسترايت,4.27,3.9,3.3,2011,450,عطر باردون اكسترايت,Pardon
529,BDK Parfums,بي دي كي,Gris Charnel Extrait,جريس شارنيل من,4.36,3.9,3.1,2022,830,عطر جريس شارنيل من,Gris Charnel Extrait
530,Francesca Bia,فرانشيسكا بيانكي,Libertine Neroli Bianchi,ليبرتين نيرولي من,4.16,4,3.4,2022,360,عطر ليبرتين نيرولي من,Libertine Neroli Bianchi
531,Gres,جريس,Gris Charnel Extrait BDK,بي كي شارنيل,4.36,3.9,3.1,2022,300,عطر بي كي شارنيل,Gris Charnel Extrait BDK
532,TOM FORD,توم فورد,Patchouli Absolu,باتشولي أبسولو,4.11,4,3.5,2014,1250,عطر باتشولي أبسولو,Patchouli Absolu
533,XERJOFF,زيرجوف,Comandante,كوماندانتي,4.11,4,3.5,2012,780,عطر كوماندانتي,Comandante
534,Amado,امادو,Intuitive,انتوتيف من أمادو,3.86,4,4,2017,17,عطر انتوتيف من أمادو,Intuitive
535,Amado,امادو,Intuitive Amad,انتوتيف,3.86,4,4,2017,240,عطر انتوتيف,Intuitive Amad
536,Aramis,اراميس,Tobacco Reserve,توباكو ريسيرف,4.46,3.6,3.2,2018,250,عطر توباكو ريسيرف,Tobacco Reserve
537,Giorgio Armani,ارماني,Ambre Eccentrico,جورجيو برايف عنبر اسِنتريكو,4.31,3.8,3.3,2015,950,عطر جورجيو برايف عنبر اسِنتريكو,Ambre Eccentrico
538,Givenchy,جيفنشي,Organza,اورغانزا,3.96,4,3.8,1996,7,عطر اورغانزا,Organza
539,Louis Vuitton,لويس فيتون,Meteore,ميتيوري,4.26,4,3.2,2020,1000,عطر ميتيوري,Meteore
540,Louis Vuitton,لويس فيتون,Ore,ميتيوري,4.26,4,3.2,2020,285,عطر ميتيوري,Ore
541,Sospiro,سوسبيرو,Afgano Puro,افغانو بورو,3.81,4.3,3.8,2022,850,عطر افغانو بورو,Afgano Puro
542,AMOUAGE,امواج,Enclave,انكلايف الرجالي,4.15,4,3.4,2020,16,عطر انكلايف الرجالي,Enclave
543,Boadicea,بوديسيا ذا فيكتوريوس,Rose Sapphire THE VICTORIOUS,روز سافير,4.05,3.7,3.9,2016,2100,عطر روز سافير,Rose Sapphire THE VICTORIOUS
544,Davidoff,دافيدوف,Agar Blend,اجار بليند,3.9,4,3.9,2015,330,عطر اجار بليند,Agar Blend
545,FREDERIC MALLE,فريدريك مال,Carnal Flower,كارنال فلور,4.15,3.9,3.5,2005,280,عطر كارنال فلور,Carnal Flower
546,Ormonde Jayne,اورموند جين,Ta'if Elixir,ارموند تايف الكسير,4.15,4,3.4,2019,800,عطر ارموند تايف الكسير,Ta'if Elixir
547,Paradis,باردايس,Arcadia des Sens,اركاديا,4.15,3.9,3.5,2020,370,عطر اركاديا,Arcadia des Sens
548,Parfums de Marly,مارلي,Althair,الثاير,4.4,3.8,3.1,2023,950,عطر الثاير,Althair
549,AMOUAGE,امواج,Beach Hut,بيتش هات النسائي,3.65,4.3,4.1,2017,750,عطر بيتش هات النسائي,Beach Hut
550,AMOUAGE,امواج,The Library Collection Opus VIII,ليبراري كوليكشن اوبس الثامن,3.95,4,3.8,2014,600,عطر ليبراري كوليكشن اوبس الثامن,The Library Collection Opus VIII
551,Carolina Herra,كارولينا هيريرا,Stallion Leather Herrera,ستاليون ليذر,4.2,4,3.3,2023,750,عطر ستاليون ليذر,Stallion Leather Herrera
552,Caron,كارون,Narcisse Blanc for,نارسيس بلانك,4.1,3.7,3.8,2018,800,عطر نارسيس بلانك,Narcisse Blanc for
553,Dior,كريستيان ديور,Poison Girl,بويزن غيرل,3.95,4,3.8,2016,580,عطر بويزن غيرل,Poison Girl
554,Dolce Gabbana,دولتشي غابانا,& The One Essence,ذا ون ايسنس النسائي,4.05,4,3.6,2015,300,عطر ذا ون ايسنس النسائي,& The One Essence
555,Initio,انيشيو,Psychedelic Love Parfums Prives,سايكدليك لوف,4.2,3.8,3.5,2017,770,عطر سايكدليك لوف,Psychedelic Love Parfums Prives
556,Kilian,كيليان,Angels' Share BY,انجيلز شير,4.35,3.8,3.2,2020,34,عطر انجيلز شير,Angels' Share BY
557,Mancera,مانسيرا,Roses Greedy,روز قريدي,3.95,4,3.8,2012,330,عطر روز قريدي,Roses Greedy
558,Montale,مونتال,Aoud Ever,عنبر مسك,3.75,4.2,4,2012,330,عطر عنبر مسك,Aoud Ever
559,Nishane,نيشاني,Karagoz,كاراكوز,3.85,4.2,3.8,2017,580,عطر كاراكوز,Karagoz
560,Prada,برادا,Luna Rossa Carbon,لونا روسا كاربون,4.3,3.6,3.5,2017,400,عطر لونا روسا كاربون,Luna Rossa Carbon
561,Rochas,روشاس,Byzance,بزنس,4.25,3.7,3.5,1987,240,عطر بزنس,Byzance
562,Trussardi,تروساردي,Amber Oud,عنبر عود الذهبي,3.95,4,3.8,2016,240,عطر عنبر عود الذهبي,Amber Oud
563,Valentino,فالنتينو,Oud Assoluto,عود اسولوتو الاسود,3.9,4.2,3.7,2013,440,عطر عود اسولوتو الاسود,Oud Assoluto
564,Ex Nihilo,اكس نيهيلو,Brompton Immortals Ex,برومبتون إيمورتالز,4.29,3.7,3.4,2018,1750,عطر برومبتون إيمورتالز,Brompton Immortals Ex
565,Louis Vuitton,لويس فيتون,Imagination,ايماجيناشون,4.54,3.7,2.9,2021,380,عطر ايماجيناشون,Imagination
566,Ramon Monegal,رامون مونيجال,Siesta,مونيغال سيستا,4.19,3.9,3.4,2023,1200,عطر مونيغال سيستا,Siesta
567,Alghabra,الغبرا,Istanbul's Soul Parfums,اسطنبول سول,3.94,4.2,3.6,2019,450,عطر اسطنبول سول,Istanbul's Soul Parfums
568,Louis Vuitton,لويس فيتون,Matiere Noire,ماتيري نوار,4.09,3.9,3.6,2016,330,عطر ماتيري نوار,Matiere Noire
569,Mancera,مانسيرا,Aoud Lemon Mint,عود ليمون منت,4.09,4,3.5,2016,400,عطر عود ليمون منت,Aoud Lemon Mint
570,Mancera,مانسيرا,Aoud Orchid,عود اوركيد,3.94,4,3.8,2016,370,عطر عود اوركيد,Aoud Orchid
571,Mugler,موغلر,Alien,تيري ألين,3.99,4,3.7,2005,270,عطر تيري ألين,Alien
572,Ramon Monegal,رامون مونيجال,Laislablanca,ابيزا لايسلابلانكا مونيغال,3.94,4.1,3.7,2018,290,عطر ابيزا لايسلابلانكا مونيغال,Laislablanca
573,Versace,فرزاتشي,Crystal Noir,كريستال نوار,3.94,4,3.8,2004,310,عطر كريستال نوار,Crystal Noir
574,Vertus,فيرتس,Monarch,فيرتوس مونارك,4.29,3.8,3.3,2017,650,عطر فيرتوس مونارك,Monarch
575,AMOUAGE,امواج,Ml,طقم رينيسانس كولكشن,3.98,4.2,3.5,2026,460,عطر طقم رينيسانس كولكشن,Ml
576,AMOUAGE,امواج,TORRENT,تورينت بديل انترلود,3.98,4.2,3.5,2026,400,عطر تورينت بديل انترلود,TORRENT
577,Boadicea,بوديسيا ذا فيكتوريوس,Azrak THE VICTORIOUS,ازرق,4.18,3.8,3.5,2013,350,عطر ازرق,Azrak THE VICTORIOUS
578,Burberry,بربري,Her Intense,هير انتنس,3.98,4,3.7,2019,460,عطر هير انتنس,Her Intense
579,Louis Vuitton,لويس فيتون,Attrape Reves,اتريب ريفز,4.33,3.7,3.3,2018,1080,عطر اتريب ريفز,Attrape Reves
580,Louis Vuitton,لويس فيتون,Spell On You,سبيل اون يو,4.13,3.9,3.5,2021,1000,عطر سبيل اون يو,Spell On You
581,MEMO PARIS,ميمو باريس,Jamal's Desert,جملز ديزرت,3.83,4.5,3.5,2020,520,عطر جملز ديزرت,Jamal's Desert
582,NarcisoRodriguez,نرسيسو رودريغز,Narciso Rodriguez Narciso Poudree,نارسيسو بودريه,4.08,3.9,3.6,2016,300,عطر نارسيسو بودريه,Narciso Rodriguez Narciso Poudree
583,XERJOFF,زيرجوف,Accento Overdose,أكسينتو أوفردوز,3.98,4,3.7,2019,750,عطر أكسينتو أوفردوز,Accento Overdose
584,XERJOFF,زيرجوف,Malesia,عود ستارز ماليزيا,4.23,3.9,3.3,,850,عطر عود ستارز ماليزيا,Malesia
585,XERJOFF,زيرجوف,Opera,اوبرا,4.03,4,3.6,2019,240,عطر اوبرا,Opera
586,Kilian,كيليان,Dark Lord BY,دارك لورد,3.98,4.1,3.6,2018,950,عطر دارك لورد,Dark Lord BY
587,Maitre,ميترى بارفيومير ايه,Ambre Precieux Parfumeur et Gantier,ميتر بارفيمور اي غونتيي عنبر بريسيو,4.38,3.8,3.1,1988,780,عطر ميتر بارفيمور اي غونتيي عنبر بريسيو,Ambre Precieux Parfumeur et Gantier
588,Giorgio Armani,ارماني,Code Profumo,جورجيو كود,4.27,3.8,3.3,2016,430,عطر جورجيو كود,Code Profumo
589,Giorgio Armani,ارماني,Emporio Stronger With You Tobacco,جورجيو سترونجر ويذ يو توباكو,4.27,3.8,3.3,2024,450,عطر جورجيو سترونجر ويذ يو توباكو,Emporio Stronger With You Tobacco
590,Guerlain,غيرلان,Habit Rouge Prive,هابيت روج بريفيه,4.32,3.8,3.2,2023,14,عطر هابيت روج بريفيه,Habit Rouge Prive
591,Laurent Mazzone,لورنت مازون,Black Oud Parfums,لورين بلاك عود,4.22,3.9,3.3,2012,500,عطر لورين بلاك عود,Black Oud Parfums
592,Matiere Premier,ماتيري بريمير,Crystal Saffron Premiere,كريستال سافرون,3.87,4.2,3.7,2022,18,عطر كريستال سافرون,Crystal Saffron Premiere
593,Provenzano,بروفينزانو,Colosseum Christian,كريستيان بروفنزانو كولوسيوم دى,4.47,3.7,3,2023,820,عطر كريستيان بروفنزانو كولوسيوم دى,Colosseum Christian
594,Robert Piguet,روبرت بيغيه,Oud,بيجيه عود,3.87,4.2,3.7,2012,500,عطر بيجيه عود,Oud
595,Shaik,الشيخ,Opulent 77,اوبيولينت الرجالي,4.17,3.8,3.5,,240,عطر اوبيولينت الرجالي,Opulent 77
596,Sospiro,سوسبيرو,ACCENTO LUMINOSO,اكسنتو ليمينوسو,3.97,4,3.7,2011,850,عطر اكسنتو ليمينوسو,ACCENTO LUMINOSO
597,Sospiro,سوسبيرو,Accento Viola,اكسينتو فيولا,4.17,3.9,3.4,2022,770,عطر اكسينتو فيولا,Accento Viola
598,Sospiro,سوسبيرو,Contralto,كونتيرالتو,4.47,3.7,3,2022,240,عطر كونتيرالتو,Contralto
599,V Canto,في كانتو,Posi V,بوسي,3.57,4.5,4,2019,940,عطر بوسي,Posi V
600,Vertus,فيرتس,Vanilla Oud,فانيلا عود,4.27,3.8,3.3,2015,650,عطر فانيلا عود,Vanilla Oud
601,XERJOFF,زيرجوف,Wardasina,ورداسينا,3.92,4.1,3.7,2019,750,عطر ورداسينا,Wardasina
602,Yves Saint Laur,ايف سان لوران,LAURENT Libre Intense,ليبر انتنس,4.27,3.8,3.3,2020,10,عطر ليبر انتنس,LAURENT Libre Intense
603,Yves Saint Laur,ايف سان لوران,Splendid Wood LAURENT,سبلينديد وود,4.17,3.8,3.5,2014,14,عطر سبلينديد وود,Splendid Wood LAURENT
604,Amouroud,امور عود,Santal des Indes,سانتال انديز,4.22,3.8,3.4,2016,490,عطر سانتال انديز,Santal des Indes
605,Nishane,نيشاني,Sultan Vetiver,سلطان فيتفير,4.02,4.1,3.5,2013,15,عطر سلطان فيتفير,Sultan Vetiver
606,Paco Rabanne,باكو رابان,Invictus Legend,انفكتوس ليجند,4.12,3.8,3.6,2019,415,عطر انفكتوس ليجند,Invictus Legend
607,Versace,فرزاتشي,Oud Oriental,عود اورينتال الذهبي النسائي,4.02,4,3.6,2014,320,عطر عود اورينتال الذهبي النسائي,Oud Oriental
608,Yves Saint Laur,ايف سان لوران,Y Intense LAURENT,واي انتنس,4.42,3.7,3.1,2018,480,عطر واي انتنس,Y Intense LAURENT
609,Yves Saint Laur,ايف سان لوران,Y LAURENT,واي الرجالي,4.42,3.7,3.1,2018,12,عطر واي الرجالي,Y LAURENT
610,Boadicea,بوديسيا ذا فيكتوريوس,Green Sapphire THE VICTORIOUS,جرين سافير,4.11,3.9,3.5,2016,550,عطر جرين سافير,Green Sapphire THE VICTORIOUS
611,ELIE SAAB,ايلي ساب,Girl of Now Shine,صعب جيرل اوف ناو شاين,4.01,3.9,3.7,2018,350,عطر صعب جيرل اوف ناو شاين,Girl of Now Shine
612,Jovoy,جوفوي,Psychedelique Paris,باريس سايكيديليك,4.16,3.9,3.4,2011,240,عطر باريس سايكيديليك,Psychedelique Paris
613,Provenzano,بروفينزانو,Santal Indien Christian Parfums,كريستيان بروفنزانو سانتال إنديان,4.41,3.8,3,2021,826,عطر كريستيان بروفنزانو سانتال إنديان,Santal Indien Christian Parfums
614,XERJOFF,زيرجوف,- Kemi Blue - Aurum,اوروم,4.21,3.9,3.3,2023,950,عطر اوروم,- Kemi Blue - Aurum
615,Cartier,كارتير,Must,موست,4.21,3.8,3.4,1981,600,عطر موست,Must
616,Dolce Gabbana,دولتشي غابانا,Dior Vita,ديور فيتا,4.06,3.9,3.6,1995,450,عطر ديور فيتا,Dior Vita
617,FREDERIC MALLE,فريدريك مال,Dawn,الفجر من,4.06,4,3.5,2018,5000,عطر الفجر من,Dawn
618,Givenchy,جيفنشي,Dahlia Divin Le Nectar de Parfum,داليا ديفين لي نكتار انتنس,4.11,3.8,3.6,2016,290,عطر داليا ديفين لي نكتار انتنس,Dahlia Divin Le Nectar de Parfum
619,NarcisoRodriguez,نرسيسو رودريغز,Narciso Rodriguez Rose Musc,نارسيسو روز مسك,4.16,3.7,3.6,2022,440,عطر نارسيسو روز مسك,Narciso Rodriguez Rose Musc
620,Nishane,نيشاني,Tero,تيرو الجديد اكسترايت,4.06,4,3.5,2022,1200,عطر تيرو الجديد اكسترايت,Tero
621,Mancera,مانسيرا,Intense Cedrat Boise,سيدرات بوازيه انتنس,4.31,3.8,3.2,2021,365,عطر سيدرات بوازيه انتنس,Intense Cedrat Boise
622,AMOUAGE,امواج,Journey,جيرني النسائي,4.25,3.8,3.3,2014,16,عطر جيرني النسائي,Journey
623,AMOUAGE,امواج,Journey Man,جيرني مان,4.25,3.8,3.3,2014,16,عطر جيرني مان,Journey Man
624,Carolina Herra,كارولينا هيريرا,Me,قود غيرل سوبريم,4,3.8,3.8,2020,450,عطر قود غيرل سوبريم,Me
625,Carolina Herrera,كارولينا,Good Girl,هيريرا قود غيرل,3.95,3.9,3.8,2016,490,عطر هيريرا قود غيرل,Good Girl
626,Givenchy,جيفنشي,Eaudemoiselle Essence des Palais,اوودوموازيل الاسود ايسنس ديس باليس,3.9,4,3.8,2017,390,عطر اوودوموازيل الاسود ايسنس ديس باليس,Eaudemoiselle Essence des Palais
627,Mugler,موغلر,Exceptions Ambre Redoutable Eau,ليس اكبيشنس ووديسيم,3.9,4,3.8,2019,270,عطر ليس اكبيشنس ووديسيم,Exceptions Ambre Redoutable Eau
628,Parfums de Marly,مارلي,Nisean,,3.9,4,3.8,2016,650,,Nisean
629,TizianaTerenzi,تيزيانا تيرينزي,Tiziana Terenzi Cassiopea,كسيوبيا اكسترايت,4,3.9,3.7,2015,650,عطر كسيوبيا اكسترايت,Tiziana Terenzi Cassiopea
630,Tommy Hilfiger,تومي هيلفيغر,Impact Parfum,امباكت الرجالي,4,3.9,3.7,2021,235,عطر امباكت الرجالي,Impact Parfum
631,Unique'e Luxury,يونيك لاكجري,Izmir,ازمير لكجري,4.2,3.9,3.3,2018,700,عطر ازمير لكجري,Izmir
632,XERJOFF,زيرجوف,Duran Black Moonlight,دوران بلاك مونلايت,4.15,3.9,3.4,2025,860,عطر دوران بلاك مونلايت,Duran Black Moonlight
633,AMOUAGE,امواج,Beloved,بيلوفد الرجالي,4,4,3.6,2013,750,عطر بيلوفد الرجالي,Beloved
634,Chanel,شانيل,Allure,الور النسائي,4.15,3.7,3.6,2012,480,عطر الور النسائي,Allure
635,Chanel,شانيل,Allure Homme,الور هوم,4.15,3.7,3.6,2012,450,عطر الور هوم,Allure Homme
636,Conteur,كونتور,SAGA,ساجا,4.5,3.7,2.9,2025,410,عطر ساجا,SAGA
637,Giorgio Armani,ارماني,Si Fiori,فيوري,4.05,3.9,3.6,2019,420,عطر فيوري,Si Fiori
638,Histoires De Parfums,هيستورا,THIS IS NOT A BLUE BOTTLE 1.6,ذيس ايز نوت بلو بوتيل هيستوريس,4,4,3.6,2008,700,عطر ذيس ايز نوت بلو بوتيل هيستوريس,THIS IS NOT A BLUE BOTTLE 1.6
639,Mancera,مانسيرا,Coco Vanille,كوكو فانيلا,3.85,4,3.9,2016,350,عطر كوكو فانيلا,Coco Vanille
640,Mancera,مانسيرا,Roses Vanille,روز فانيلا,3.75,4.1,4,2011,320,عطر روز فانيلا,Roses Vanille
641,Montale,مونتال,Sweet Vanilla,سويت فانيلا,3.8,4.1,3.9,2015,200,عطر سويت فانيلا,Sweet Vanilla
642,Prada,برادا,Luna Rossa,لونا روسا,4.15,3.7,3.6,2018,370,عطر لونا روسا,Luna Rossa
643,Ramon Monegal,رامون مونيجال,Sa,فيسا,4.05,4,3.5,2020,1100,عطر فيسا,Sa
644,Robert Piguet,روبرت بيغيه,Oud Delice,روبيرت بيجيه عود ديليس,4,4,3.6,2015,15,عطر روبيرت بيجيه عود ديليس,Oud Delice
645,Thameen,ثمين,The Hope,ذا هوب اكسترايت,4.1,3.8,3.6,2015,26,عطر ذا هوب اكسترايت,The Hope
646,Thameen,ثمين,The Hope .,ذا هوب,4.1,3.8,3.6,2015,570,عطر ذا هوب,The Hope .
647,XERJOFF,زيرجوف,discovery I 1,طقم ديسكفري,3.8,4,4,2026,690,عطر طقم ديسكفري,discovery I 1
648,Yves Saint Laur,ايف سان لوران,lectrique LAURENT,إيف لا نويت لو أوم بلو إليكتريك,4.25,3.6,3.5,2021,10,عطر إيف لا نويت لو أوم بلو إليكتريك,lectrique LAURENT
649,Guerlain,غيرلان,Mon Florale,مون,4.05,3.8,3.7,2018,420,عطر مون,Mon Florale
650,Hugo Boss,هوغو بوس,Bottled Intense,بوتلد انتنس الاصدار البارفيوم,4.05,3.8,3.7,2016,190,عطر بوتلد انتنس الاصدار البارفيوم,Bottled Intense
651,Amado,امادو,Shisha II,شيشة من,4.29,3.2,3.8,2020,240,عطر شيشة من,Shisha II
652,XERJOFF,زيرجوف,Gao,جاو,3.79,4.2,3.8,2012,870,عطر جاو,Gao
653,AMOUAGE,امواج,Purpose 50,بيربوس,3.89,4.2,3.6,2023,500,عطر بيربوس,Purpose 50
654,AMOUAGE,امواج,Purpose men,بيربوس,3.89,4.2,3.6,2023,1100,عطر بيربوس,Purpose men
655,AMOUAGE,امواج,Reflection 45,ريفليكشن,4.39,3.7,3.1,2006,1350,عطر ريفليكشن,Reflection 45
656,AMOUAGE,امواج,Reflection Man,رفلكشن الرجالي,4.39,3.7,3.1,2006,750,عطر رفلكشن الرجالي,Reflection Man
657,AMOUAGE,امواج,The Library Collection Opus IX,اوبس التاسع,3.99,4.1,3.5,2015,220,عطر اوبس التاسع,The Library Collection Opus IX
658,Dior,كريستيان ديور,Pure Poison,بيور بويزن الابيض,4.04,3.9,3.6,2004,580,عطر بيور بويزن الابيض,Pure Poison
659,Prada,برادا,Infusions de Iris Cedre,انفيوجن ايريس سيدار,4.19,3.8,3.4,2015,480,عطر انفيوجن ايريس سيدار,Infusions de Iris Cedre
660,Thameen,ثمين,Carved Oud,كارفيد عود,4.54,3.6,2.9,2013,24,عطر كارفيد عود,Carved Oud
661,XERJOFF,زيرجوف,Torino22,تورينو,4.34,3.8,3.1,2022,22,عطر تورينو,Torino22
662,Boadicea,بوديسيا ذا فيكتوريوس,Ardent THE VICTORIOUS,اردنت من,4.34,3.7,3.2,2012,530,عطر اردنت من,Ardent THE VICTORIOUS
663,Clive Christian,كلايف كريستيان,X,النسائي اودي النسخة القديمة,4.34,3.7,3.2,2001,1000,عطر النسائي اودي النسخة القديمة,X
664,Clive Christian,كلايف كريستيان,X Masculine ORIGINAL COLLECTIONORIGINAL COLLECTION,اورجينال كوليكشن اكس الرجالي,4.34,3.7,3.2,2001,870,عطر اورجينال كوليكشن اكس الرجالي,X Masculine ORIGINAL COLLECTIONORIGINAL COLLECTION
665,Ramon Monegal,رامون مونيجال,Mon Patchouly,مونيغال مون باتشولي,3.94,4,3.7,2009,620,عطر مونيغال مون باتشولي,Mon Patchouly
666,TOM FORD,توم فورد,Black Orchid,الجسم بلاك اوركيد,3.89,4.1,3.7,2006,330,عطر الجسم بلاك اوركيد,Black Orchid
667,Parfums de Marly,مارلي,Pegasus Exclusif,بيجاسوس إكسكلوسيف,4.23,3.8,3.3,2020,780,عطر بيجاسوس إكسكلوسيف,Pegasus Exclusif
668,AMOUAGE,امواج,Jubilation 25,جوبليشن,4.38,3.7,3.1,2007,1050,عطر جوبليشن,Jubilation 25
669,AMOUAGE,امواج,Jubilation 40 Man,جوبليشن الرجالي,4.38,3.7,3.1,2007,350,عطر جوبليشن الرجالي,Jubilation 40 Man
670,Histoires De Parfums,هيستورا,Rosam,هيستوريس روسام,3.98,4,3.6,2011,480,عطر هيستوريس روسام,Rosam
671,Lalique,لاليك,Pour Homme Lion,بور هوم الاسد,4.08,3.8,3.6,1997,230,عطر بور هوم الاسد,Pour Homme Lion
672,Lorenzo,لورينزو بازاليا,Pazzaglia Cherry Ink,لورنزو بازاجليا تشيري انك,4.13,3.9,3.4,2022,570,عطر لورنزو بازاجليا تشيري انك,Pazzaglia Cherry Ink
673,La Prairie,لابريري,Silver Rain,سيلفر رين,3.93,4,3.7,2004,13,عطر سيلفر رين,Silver Rain
674,Orto Parisi,اورتو باريسي,Stercus,ستيركوس,3.98,4.1,3.5,2014,480,عطر ستيركوس,Stercus
675,PENHALIGONS,بنهاليغونز,The Uncompromising Sohan Penhaligon's,بنهاليغنز ذا أنكومبروميسنج سوهان,4.13,3.8,3.5,2017,850,عطر بنهاليغنز ذا أنكومبروميسنج سوهان,The Uncompromising Sohan Penhaligon's
676,Pana Dora,بانا دورا,Imperial Wood,امبريال وود من,4.18,3.9,3.3,2021,800,عطر امبريال وود من,Imperial Wood
677,Vertus,فيرتس,Oud Noir,فيرتوس عود نوير,4.03,3.8,3.7,2015,650,عطر فيرتوس عود نوير,Oud Noir
678,Alghabra,الغبرا,Labyrinth of Spices Parfums,لابيرينث أوف سبايس,3.97,4,3.6,2019,470,عطر لابيرينث أوف سبايس,Labyrinth of Spices Parfums
679,Cartier,كارتير,Pasha Parfum,باشا,4.37,3.7,3.1,2020,10,عطر باشا,Pasha Parfum
680,Estee Lauder,استي لودر,Wood Mystique,إستي وود ميستيك,4.07,3.9,3.5,2011,750,عطر إستي وود ميستيك,Wood Mystique
681,Korloff,كورلوف,Royal Oud Intense Paris,رويال عود إنتينس لو,4.07,4,3.4,,235,عطر رويال عود إنتينس لو,Royal Oud Intense Paris
682,Prada,برادا,Paradoxe Intense,بارادوكس انتنس,4.12,3.9,3.4,2023,12,عطر بارادوكس انتنس,Paradoxe Intense
683,XERJOFF,زيرجوف,Golden Green,كوفي بريك جولدن جرين,4.12,3.9,3.4,2020,800,عطر كوفي بريك جولدن جرين,Golden Green
684,AMOUAGE,امواج,Epic,ايبيك الاخضر الرجالي,4.17,3.9,3.3,2009,240,عطر ايبيك الاخضر الرجالي,Epic
685,Amado,امادو,Arabian Heritage,ارابيان هيرتيج من أمادو,4.67,3.5,2.7,2017,17,عطر ارابيان هيرتيج من أمادو,Arabian Heritage
686,Boucheron,بوشرون,Pour Homme,بور هوم,4.02,3.9,3.6,1989,240,عطر بور هوم,Pour Homme
687,Carolina Herrera,كارولينا,212 NYC,هيريرا الرجالي,4.22,3.6,3.5,1999,350,عطر هيريرا الرجالي,212 NYC
688,Dolce Gabbana,دولتشي غابانا,& The One Mysterious Night,ليل سحري,4.22,3.8,3.3,2018,8,عطر ليل سحري,& The One Mysterious Night
689,Guerlain,غيرلان,Musc Noble,مسك نوبل,4.02,4,3.5,2018,410,عطر مسك نوبل,Musc Noble
690,MEMO PARIS,ميمو باريس,African Leather,افريكان ليذر,4.27,3.8,3.2,2015,600,عطر افريكان ليذر,African Leather
691,Masque Milano,ماسك ميلانو,Tango,تانجو من,4.17,3.9,3.3,2013,16,عطر تانجو من,Tango
692,Nishane,نيشاني,Fan Your Flames,فان يور فلايمز,4.02,4,3.5,2016,240,عطر فان يور فلايمز,Fan Your Flames
693,Prada,برادا,Amber,عنبر,4.02,3.9,3.6,2006,400,عطر عنبر,Amber
694,XERJOFF,زيرجوف,Muse,ميوز,3.92,4,3.7,2019,240,عطر ميوز,Muse
695,XERJOFF,زيرجوف,Soprano,سوبرانو,3.97,3.9,3.7,2019,270,عطر سوبرانو,Soprano
696,YSL,ايف سان لوران,Yves Saint Laurent Libre,ليبر,3.92,3.9,3.8,2019,495,عطر ليبر,Yves Saint Laurent Libre
697,Matiere Premier,ماتيري بريمير,Radical Rose Premiere,راديكال روز,4.16,3.8,3.4,2020,850,عطر راديكال روز,Radical Rose Premiere
698,Thameen,ثمين,Noorolain Taif,نورلين الطائف دى,4.21,3.7,3.4,2013,650,عطر نورلين الطائف دى,Noorolain Taif
699,AMOUAGE,امواج,King Blue,اوبس كينج بلو,3.81,4.3,3.6,2023,330,عطر اوبس كينج بلو,King Blue
700,AMOUAGE,امواج,The Library Collection Opus 11,ذا لايبراري كولكشن اوبوس,3.96,4,3.6,2010,790,عطر ذا لايبراري كولكشن اوبوس,The Library Collection Opus 11
701,Acqua Di Parma,اكوا دي بارما,Note di Colonia III di,نوت,4.41,3.7,3,2016,150,عطر نوت,Note di Colonia III di
702,Acqua Di Parma,اكوا دي بارما,Note di Colonia III di III,نوت,4.41,3.7,3,2016,14,عطر نوت,Note di Colonia III di III
703,Amouroud,امور عود,Oud du Jour,جور,4.26,3.7,3.3,2016,495,عطر جور,Oud du Jour
704,Atelier Flou,اتيلير فلو,Liva,ليفا,3.91,3.9,3.8,2014,700,عطر ليفا,Liva
705,Boadicea,بوديسيا ذا فيكتوريوس,Torc Oud THE VICTORIOUS,تورك عود,4.16,3.9,3.3,,1100,عطر تورك عود,Torc Oud THE VICTORIOUS
706,CREED,كريد,Absolu Aventus 2025 Cree,افينوس ابسولو,4.46,3.6,3,2025,20,عطر افينوس ابسولو,Absolu Aventus 2025 Cree
707,CREED,كريد,Aventus Absolu,افنتوس ابسولو,4.46,3.6,3,2025,30,عطر افنتوس ابسولو,Aventus Absolu
708,Chloe,كلوي,Nomade Absolu de Parfum,نوماد ابسولو,4.01,3.9,3.6,2020,380,عطر نوماد ابسولو,Nomade Absolu de Parfum
709,Giorgio Armani,ارماني,Code Absolu Pour Femme,كود ابسولو النسائي,4.01,3.8,3.7,2019,380,عطر كود ابسولو النسائي,Code Absolu Pour Femme
710,Houbigant,هوبيجان,Ambre des Abysses,هوبيجانت امبر ابيسيز,4.36,3.8,3,2023,600,عطر هوبيجانت امبر ابيسيز,Ambre des Abysses
711,Lorenzo,لورينزو بازاليا,Carbonara Pazzaglia,لورنزو بازاجليا كاربونارة اكسترايت,4.01,4,3.5,2020,570,عطر لورنزو بازاجليا كاربونارة اكسترايت,Carbonara Pazzaglia
712,Mancera,مانسيرا,Eternal Wood,إيترنال وود,3.86,4.2,3.6,2024,370,عطر إيترنال وود,Eternal Wood
713,Mancera,مانسيرا,Pink Roses,بينك روزيز,3.76,4,4,2017,340,عطر بينك روزيز,Pink Roses
714,Pazzaglia,لورنزو بازاجليا,Carbonara Lorenzo,كاربونارة,4.01,4,3.5,2020,20,عطر كاربونارة,Carbonara Lorenzo
715,Perris Monte Carlo,بيريز,Oud Imperial,عود امبريال من بيري مونت كارلو,4.06,3.9,3.5,2012,550,عطر عود امبريال من بيري مونت كارلو,Oud Imperial
716,Provenzano,بروفينزانو,Rocca Christian,كريستيان بروفنزانو روكا دى,4.26,3.8,3.2,2023,800,عطر كريستيان بروفنزانو روكا دى,Rocca Christian
717,Rosendo Mateu,روسيندو ماتيو,NO 7 Patchouli,نمبر سفن,4.16,3.9,3.3,2021,650,عطر نمبر سفن,NO 7 Patchouli
718,The Woods,ذا وودز كوليكشن,Dusk Collection,كولكشن دسك,4.56,3.5,2.9,2020,12,عطر كولكشن دسك,Dusk Collection
719,TizianaTerenzi,تيزيانا تيرينزي,TIZIANA TERENZI siene,ساين اكسترايت,4.11,3.8,3.5,2019,12,عطر ساين اكسترايت,TIZIANA TERENZI siene
720,Valentino,فالنتينو,Uomo Born In Roma Intense,اومو بورن ان روما انتنس,4.51,3.6,2.9,2023,450,عطر اومو بورن ان روما انتنس,Uomo Born In Roma Intense
721,Alghabra,الغبرا,Bosphorus Pearl Parfums,بوسفور بيرل,4.25,3.7,3.3,2019,450,عطر بوسفور بيرل,Bosphorus Pearl Parfums
722,Cartier,كارتير,Baiser du Dragon,دراقون,3.9,4,3.7,2003,800,عطر دراقون,Baiser du Dragon
723,Chanel,شانيل,Coco Mademoiselle,كوكو مادموزيل من انتنس,4.1,3.9,3.4,2001,15,عطر كوكو مادموزيل من انتنس,Coco Mademoiselle
724,Estee Lauder,استي لودر,Amber Mystique,عنبر ميستيك,4.15,3.7,3.5,2013,480,عطر عنبر ميستيك,Amber Mystique
725,Estee Lauder,استي لودر,Eau de Private Collection,إستي بريفات كوليكشن,4.3,3.5,3.4,,320,عطر إستي بريفات كوليكشن,Eau de Private Collection
726,Giorgio Armani,ارماني,Stronger With You Oud,جورجيو سترونجر وذ يو عود,4.25,3.8,3.2,2022,450,عطر جورجيو سترونجر وذ يو عود,Stronger With You Oud
727,J.F.,جي أف شوارزلوس برلين,J.F. Schwarzlose Berlin,فينالي من اف شوارزلوز,4,3.9,3.6,2015,675,عطر فينالي من اف شوارزلوز,J.F. Schwarzlose Berlin
728,Jean Louis Schrr,جان لويس شرير,Scherrer,,4.3,3.7,3.2,1979,220,,Scherrer
729,JeanPaulGaultie,جان بول غولتير,Belle Le Parfum Jean Paul Gaultier,غوتييه لا بيل لي النسائي انتنس,4.2,3.8,3.3,2021,14,عطر غوتييه لا بيل لي النسائي انتنس,Belle Le Parfum Jean Paul Gaultier
730,Jeroboam,جيروبوم,Oriento,جيروبام اورينتو,3.95,4,3.6,2015,370,عطر جيروبام اورينتو,Oriento
731,Laurent Mazzone,لورنت مازون,Ambre Muscadin,لورين امبر موسكادين,3.9,4,3.7,2011,530,عطر لورين امبر موسكادين,Ambre Muscadin
732,Laurent Mazzone,لورنت مازون,Hard Leather Parfums,لورين هارد ليذر,3.9,4.2,3.5,2014,15,عطر لورين هارد ليذر,Hard Leather Parfums
733,Lorenzo,لورينزو بازاليا,Summer Hammer Pazzaglia,لورنزو بازاجليا سمر همر اكسترايت,4.05,3.9,3.5,2023,640,عطر لورنزو بازاجليا سمر همر اكسترايت,Summer Hammer Pazzaglia
734,Mancera,مانسيرا,Holidays,هوليدايز,3.75,4,4,2016,300,عطر هوليدايز,Holidays
735,Montale,مونتال,White Aoud,وايت عود,3.55,4.4,4,,345,عطر وايت عود,White Aoud
736,Pazzaglia,لورنزو بازاجليا,Summer Hammer Lorenzo,سمر همر,4.05,3.9,3.5,2023,20,عطر سمر همر,Summer Hammer Lorenzo
737,Prudence Paris,برودنس باريس,No 12,نمبر,3.75,3.9,4.1,2015,500,عطر نمبر,No 12
738,Prudence Paris,برودنس باريس,No 13,نمبر,3.75,3.9,4.1,2015,500,عطر نمبر,No 13
739,Prudence Paris,برودنس باريس,No 2,نمبر,3.75,3.9,4.1,2015,500,عطر نمبر,No 2
740,Roja Parfums,روجا بارفيومز,Dove Scandal Pour Homme,سكاندل بور هوم,4.35,3.6,3.2,2011,1250,عطر سكاندل بور هوم,Dove Scandal Pour Homme
741,Roja Parfums,روجا بارفيومز,Elysium Noir Pour Homme,اليسيوم نوار بور أوم من,4.5,3.6,2.9,2017,750,عطر اليسيوم نوار بور أوم من,Elysium Noir Pour Homme
742,Roja Parfums,روجا بارفيومز,Elysium Pour Homme Parfum Dove,اليسيوم الرجالي الاصدار القديم,4.5,3.6,2.9,2017,230,عطر اليسيوم الرجالي الاصدار القديم,Elysium Pour Homme Parfum Dove
743,Roja Parfums,روجا بارفيومز,Elysiums Pour Homme Parfum,اليسيوم بور هوم الاصدار البارفيوم,4.5,3.6,2.9,2017,1500,عطر اليسيوم بور هوم الاصدار البارفيوم,Elysiums Pour Homme Parfum
744,Thomas Kosmala,توماس كوسمالا,A Never Ending Love,نيفر اندينج لوف,4.25,3.9,3.1,2023,650,عطر نيفر اندينج لوف,A Never Ending Love
745,Trussardi,تروساردي,Scent Of Gold,سينت اوف جولد,3.95,4,3.6,2018,250,عطر سينت اوف جولد,Scent Of Gold
746,YSL,ايف سان لوران,Yves Saint Laurent Black Opium Intense,بلاك اوبيوم انتنس,3.95,3.8,3.8,2019,450,عطر بلاك اوبيوم انتنس,Yves Saint Laurent Black Opium Intense
747,BVLGARI,بولغاري,Gemme Veridia,لو جيم فيريديا,4.05,3.8,3.6,2018,700,عطر لو جيم فيريديا,Gemme Veridia
748,Guerlain,غيرلان,Habit Rouge Spirit,هابيت روج سبريت,4.3,3.8,3.1,2025,535,عطر هابيت روج سبريت,Habit Rouge Spirit
749,Laurent Mazzone,لورنت مازون,Sensual & Decadent,لورين سينشوال اند داكدنت,4.05,3.8,3.6,2015,1950,عطر لورين سينشوال اند داكدنت,Sensual & Decadent
750,Mancera,مانسيرا,Sand Aoud,ساند عود,4.05,3.8,3.6,2011,370,عطر ساند عود,Sand Aoud
751,Mancera,مانسيرا,Wind Wood,ويند وود,4.05,3.8,3.6,2014,340,عطر ويند وود,Wind Wood
752,Isabey,ايزابي,Gardenia,جاردينيا,4.19,3.7,3.4,2006,650,عطر جاردينيا,Gardenia
753,Atkinsons,اتكينسونس,Oud Save The Queen,عود سيف ذا كوين,4.09,3.8,3.5,2013,450,عطر عود سيف ذا كوين,Oud Save The Queen
754,Burberry,بربري,Hero Parfum Intense,هيرو الرجالي انتنس,4.14,3.9,3.3,2025,400,عطر هيرو الرجالي انتنس,Hero Parfum Intense
755,Carolina Herra,كارولينا هيريرا,Sandal Ruby Herrera,ساندال روبي,4.09,3.9,3.4,2019,900,عطر ساندال روبي,Sandal Ruby Herrera
756,Estee Lauder,استي لودر,Youth-Dew,إستي يوث ديو,3.74,4.2,3.8,1953,275,عطر إستي يوث ديو,Youth-Dew
757,Givenchy,جيفنشي,Ange Ou Demon,انج ديمون,3.84,4,3.8,2006,370,عطر انج ديمون,Ange Ou Demon
758,Gucci,قوتشي,A Reason To Love,أريزون تو لوڤ,4.24,3.8,3.2,2022,16,عطر أريزون تو لوڤ,A Reason To Love
759,Guerlain,غيرلان,Patchouli Ardent,باتشولي اردنت,4.09,3.9,3.4,2024,14,عطر باتشولي اردنت,Patchouli Ardent
760,Initio,انيشيو,Narcotic Delight Parfums Prives,ناركوتيك ديلايت,4.19,3.8,3.3,2024,770,عطر ناركوتيك ديلايت,Narcotic Delight Parfums Prives
761,Mancera,مانسيرا,Wild Rose Aoud,وايلد روز عود,3.99,3.9,3.6,2014,350,عطر وايلد روز عود,Wild Rose Aoud
762,Montale,مونتال,Aoud Queen Rose,عود كوين روز,3.74,4.2,3.8,,350,عطر عود كوين روز,Aoud Queen Rose
763,Robert Piguet,روبرت بيغيه,Alameda,بيجيه الاميدا,4.24,3.7,3.3,2013,550,عطر بيجيه الاميدا,Alameda
764,Sospiro,سوسبيرو,Viola and men,فيولا,4.19,3.8,3.3,2025,770,عطر فيولا,Viola and men
765,Thomas Kosmala,توماس كوسمالا,s l’Amour,باريس رقم,3.59,4.3,4,2018,440,عطر باريس رقم,s l’Amour
766,Zegna,زينيا,Mediterranean Neroli Ermenegildo,إرمنيجيلدو ميديترينيان نيرولي,4.49,3.4,3.1,2015,900,عطر إرمنيجيلدو ميديترينيان نيرولي,Mediterranean Neroli Ermenegildo
767,BVLGARI,بولغاري,Garanat,لو جيم جرانات,4.14,3.8,3.4,2016,1350,عطر لو جيم جرانات,Garanat
768,BVLGARI,بولغاري,Gemme Garanat,لوجيم جرانات,4.14,3.8,3.4,2016,950,عطر لوجيم جرانات,Gemme Garanat
769,Cartier,كارتير,Oud & Oud Parfum,عود اند,4.34,3.7,3.1,2014,800,عطر عود اند,Oud & Oud Parfum
770,Givenchy,جيفنشي,Gentleman,جنتلمان الاسود,4.29,3.8,3.1,2018,11,عطر جنتلمان الاسود,Gentleman
771,Korloff,كورلوف,clats de Patchouli,إكلاتس باتشولي,4.14,3.8,3.4,2021,295,عطر إكلاتس باتشولي,clats de Patchouli
772,AMOUAGE,امواج,Bracken Man,براكن الرجالي,4.18,3.8,3.3,2016,650,عطر براكن الرجالي,Bracken Man
773,Bentley,بنتلي,Absolute,ابسولو,4.23,3.6,3.4,2014,230,عطر ابسولو,Absolute
774,Bentley,بنتلي,Infinite Intense,انفينيت انتنس,4.08,3.8,3.5,2015,190,عطر انفينيت انتنس,Infinite Intense
775,Dior,كريستيان ديور,Oud Rosewood,عود روز وود,4.08,3.9,3.4,2020,240,عطر عود روز وود,Oud Rosewood
776,Giardini,جاردن دي توسكانا,Bianco Latte di Toscana,جيارديني بيانكو لاتيه,4.08,3.9,3.4,2019,14,عطر جيارديني بيانكو لاتيه,Bianco Latte di Toscana
777,Guerlain,غيرلان,Insolence,انسولانس الموف,3.78,4.1,3.8,2006,460,عطر انسولانس الموف,Insolence
778,Jesus Del Pozo,خيسوس دل بوزو,Noble Musk Nights,جي ديل نوبل مسك نايت,4.23,3.6,3.4,2016,285,عطر جي ديل نوبل مسك نايت,Noble Musk Nights
779,Lorenzo,لورينزو بازاليا,Van Exstasyx Pazzaglia,لورنزو بازاجليا فان اكستاسيكس اكسترايت,4.13,3.9,3.3,2022,600,عطر لورنزو بازاجليا فان اكستاسيكس اكسترايت,Van Exstasyx Pazzaglia
780,Min New York,مين نيويورك,Dahab,دهب,4.23,3.6,3.4,2014,16,عطر دهب,Dahab
781,Mont Blanc,مونت بلانك,Signature,سجنتشر النسائي,4.13,3.7,3.5,2020,310,عطر سجنتشر النسائي,Signature
782,Naomi Goodsir,نعومي قودسير,Or du Serail,اور سيريال,4.18,3.8,3.3,2014,22,عطر اور سيريال,Or du Serail
783,PENHALIGONS,بنهاليغونز,Kensington Amber,بنهاليغنز كنسينغتون عنبر,4.28,3.6,3.3,2018,1100,عطر بنهاليغنز كنسينغتون عنبر,Kensington Amber
784,Pazzaglia,لورنزو بازاجليا,Van Exstasyx Lorenzo,فان اكستاسيكس,4.13,3.9,3.3,2022,20,عطر فان اكستاسيكس,Van Exstasyx Lorenzo
785,Sospiro,سوسبيرو,Capriccio,كابرتشيو,3.88,4,3.7,2011,850,عطر كابرتشيو,Capriccio
786,Sospiro,سوسبيرو,Traviata,ترافياتا,4.18,3.8,3.3,2024,760,عطر ترافياتا,Traviata
787,Nasomatto,ناسوماتو,China White,تشاينا وايت اكسترايت,3.93,4,3.6,2008,500,عطر تشاينا وايت اكسترايت,China White
788,Paradis,باردايس,Felicity des Sens,ديس سينس فيليسيتي,4.33,3.7,3.1,2020,400,عطر ديس سينس فيليسيتي,Felicity des Sens
789,Cartier,كارتير,Oud & Santal Parfum,عود سانتال,4.37,3.7,3,2016,1150,عطر عود سانتال,Oud & Santal Parfum
790,Clive Christian,كلايف كريستيان,Contemporary,كونتمبراري,4.32,3.8,3,2022,1500,عطر كونتمبراري,Contemporary
791,MDCI Parfums,ام دي سي آي,Cuir Garamante,اي كوير جارامانتي,4.22,3.7,3.3,2013,350,عطر اي كوير جارامانتي,Cuir Garamante
792,Orto Parisi,اورتو باريسي,Boccanera,بوكانيرا,3.97,4,3.5,2014,18,عطر بوكانيرا,Boccanera
793,TOM FORD,توم فورد,NoiR de NoiR,نوار للجسم بالكامل,4.32,3.6,3.2,2007,480,عطر نوار للجسم بالكامل,NoiR de NoiR
794,The Woods,ذا وودز كوليكشن,Secret Collection,كولكشن سيكريت,4.07,3.8,3.5,2020,12,عطر كولكشن سيكريت,Secret Collection
795,Valentino,فالنتينو,Uomo Born In Roma Coral Fantasy,بورن ان روما أومو فانتاسي,4.57,3.5,2.8,2022,420,عطر بورن ان روما أومو فانتاسي,Uomo Born In Roma Coral Fantasy
796,Yves Saint Laur,ايف سان لوران,Tuxedo Sharp Patchouli LAURENT,توكسيدو شارب باتشولي من,4.57,3.5,2.8,2025,17,عطر توكسيدو شارب باتشولي من,Tuxedo Sharp Patchouli LAURENT
797,AMOUAGE,امواج,Sunshine Man,سن شاين الرجالي,4.02,4,3.4,2015,690,عطر سن شاين الرجالي,Sunshine Man
798,Estee Lauder,استي لودر,Sensuous Noir,سنسوس نوار,4.12,3.8,3.4,2010,8,عطر سنسوس نوار,Sensuous Noir
799,Ex Nihilo,اكس نيهيلو,Amber Sky Ex,إكس عنبر سكاي,4.02,3.9,3.5,2016,1100,عطر إكس عنبر سكاي,Amber Sky Ex
800,JeanPaulGaultie,جان بول غولتير,Beau Paradise Garden Jean Paul Gaultier,لو بو بارادايس جاردن,4.32,3.7,3.1,2024,13,عطر لو بو بارادايس جاردن,Beau Paradise Garden Jean Paul Gaultier
801,Joop,جوب,Femme,فيم,3.97,3.9,3.6,1987,175,عطر فيم,Femme
802,Nicolai,نيكولاي,New York Intense Parfumeur Createur,نيو يورك إنتنس,4.27,3.8,3.1,2014,200,عطر نيو يورك إنتنس,New York Intense Parfumeur Createur
803,Nishane,نيشاني,Tuberoza,توبيروزا اكسترايت,4.02,3.9,3.5,2014,560,عطر توبيروزا اكسترايت,Tuberoza
804,Santi Burgas,سانتي بورجاس,Lotree,لوتري,3.92,4.2,3.4,2013,480,عطر لوتري,Lotree
805,Sospiro,سوسبيرو,Dolce Melodia,دولتشي ميلوديا,4.32,3.7,3.1,2023,850,عطر دولتشي ميلوديا,Dolce Melodia
806,Valentino,فالنتينو,Donna Born In Roma Yellow Dream,أومو إن روما يالو دريم,4.27,3.5,3.4,2021,440,عطر أومو إن روما يالو دريم,Donna Born In Roma Yellow Dream
807,XERJOFF,زيرجوف,Golden Dallah,قولدن دلة,4.12,3.8,3.4,2018,30,عطر قولدن دلة,Golden Dallah
808,Jeroboam,جيروبوم,Vespero,جيروبام فيسبيرو,4.16,3.8,3.3,2017,430,عطر جيروبام فيسبيرو,Vespero
809,Ormonde Jayne,اورموند جين,Montabaco,ارموند مونتباكو,4.21,3.7,3.3,2012,18,عطر ارموند مونتباكو,Montabaco
810,Paradis,باردايس,Cloud Nine des Sens pour homme et femme,كلاود ناين,4.16,3.8,3.3,2020,370,عطر كلاود ناين,Cloud Nine des Sens pour homme et femme
811,Boadicea,بوديسيا ذا فيكتوريوس,Fire Sapphire THE VICTORIOUS,فاير سافير,4.31,3.7,3.1,2020,2700,عطر فاير سافير,Fire Sapphire THE VICTORIOUS
812,Francesca Bia,فرانشيسكا بيانكي,Sex And The Sea Bianchi,بينتشي سكس اند ذا سي,3.61,4.2,4,2016,27,عطر بينتشي سكس اند ذا سي,Sex And The Sea Bianchi
813,Lorenzo,لورينزو بازاليا,Teint de Neige Villoresi,لون الثلج فيلوريسي تنت ناج,4.01,3.9,3.5,2000,12,عطر لون الثلج فيلوريسي تنت ناج,Teint de Neige Villoresi
814,Lorenzo Villo,لورينزو فيلوريسي,Teint de Neige Villoresi,لون الثلج تنت ناج البارفيوم,4.01,3.9,3.5,2000,410,عطر لون الثلج تنت ناج البارفيوم,Teint de Neige Villoresi
815,Louis Vuitton,لويس فيتون,Orage,اوراج,4.31,3.7,3.1,2018,1080,عطر اوراج,Orage
816,Mugler,موغلر,Angel Muse,تيري انجل ميوز,4.11,3.8,3.4,2016,440,عطر تيري انجل ميوز,Angel Muse
817,Robert Piguet,روبرت بيغيه,L'Insomnuit,روبيرت بيجيه لینسومنوي,4.16,3.7,3.4,2016,490,عطر روبيرت بيجيه لینسومنوي,L'Insomnuit
818,TOM FORD,توم فورد,Beau De Jour,بوا جور,4.31,3.7,3.1,2020,15,عطر بوا جور,Beau De Jour
819,XERJOFF,زيرجوف,Torino21,تورينو,4.46,3.6,2.9,2021,800,عطر تورينو,Torino21
820,YSL,ايف سان لوران,Yves Saint Laurent Cinema,سينما,4.11,3.8,3.4,2004,470,عطر سينما,Yves Saint Laurent Cinema
821,Zegna,زينيا,Javanese Patchouli,جافانيزي باتشول من,4.46,3.4,3.1,2012,16,عطر جافانيزي باتشول من,Javanese Patchouli
822,Emanuel Ungaro,انغارو,Diva,ايمانويل ديفا,4.06,3.8,3.5,1983,215,عطر ايمانويل ديفا,Diva
823,Francesca Bia,فرانشيسكا بيانكي,Under My Skin Bianchi,اندر ماي سكين من,4.06,4.1,3.2,2017,390,عطر اندر ماي سكين من,Under My Skin Bianchi
824,Jean Paul Gaultier,غوتييه,Scandal,جان بول غولتير سكاندال,3.86,3.9,3.8,2021,380,عطر جان بول غولتير سكاندال,Scandal
825,Montale,مونتال,Powder Flowers,باودر فلاور,3.76,4.2,3.7,,370,عطر باودر فلاور,Powder Flowers
826,XERJOFF,زيرجوف,Laylati,ليلتي,3.86,4,3.7,2019,800,عطر ليلتي,Laylati
827,Kenzo,كنزو,Homme Marine,هوم مارين,4.15,3.9,3.2,2023,240,عطر هوم مارين,Homme Marine
828,Nicolai,نيكولاي,roli Intense Parfumeur Createur,نيرولي انتنس أودو,4.2,3.7,3.3,2018,550,عطر نيرولي انتنس أودو,roli Intense Parfumeur Createur
829,Roja Parfums,روجا بارفيومز,Nuwa Dove,دوف نوا,4.15,3.8,3.3,2014,1850,عطر دوف نوا,Nuwa Dove
830,AMOUAGE,امواج,Existence,اكسيستنس,3.85,4.1,3.6,2025,350,عطر اكسيستنس,Existence
831,AMOUAGE,امواج,M,جوبليشن الرجالي,3.85,4.1,3.6,2025,650,عطر جوبليشن الرجالي,M
832,Azzaro,ازارو,Forever Wanted Absolu Azzar,فور ايفر ابسولو,3.95,4,3.5,2026,345,عطر فور ايفر ابسولو,Forever Wanted Absolu Azzar
833,BVLGARI,بولغاري,Man In Black Essence,مان ان بلاك ايسنس,4,3.8,3.6,2017,200,عطر مان ان بلاك ايسنس,Man In Black Essence
834,BVLGARI,بولغاري,Oui Tiger,صمام اوي تايجر,4.45,3.5,3,2016,9,عطر صمام اوي تايجر,Oui Tiger
835,BVLGARI,بولغاري,Tygar,تيغار,4.45,3.5,3,2016,380,عطر تيغار,Tygar
836,Carolina Herra,كارولينا هيريرا,Herrera 212 VIP Black Red,بلاك رد الرجالي,3.95,3.9,3.6,2020,250,عطر بلاك رد الرجالي,Herrera 212 VIP Black Red
837,Carolina Herrera,كارولينا,CH,هيريرا الرجالي,4.3,3.4,3.4,2015,320,عطر هيريرا الرجالي,CH
838,Dior,كريستيان ديور,Miss Original,مس اورجينال,3.95,4,3.5,1992,540,عطر مس اورجينال,Miss Original
839,Dolce Gabbana,دولتشي غابانا,& The One Royal Night,ليل ملكي,4,3.8,3.6,2015,330,عطر ليل ملكي,& The One Royal Night
840,Giorgio Armani,ارماني,Eau de Nuit Oud,نوي عود,4,3.8,3.6,2016,250,عطر نوي عود,Eau de Nuit Oud
841,J.F.,جي أف شوارزلوس برلين,Rausch JF Schwarzlose Berlin,رأوش,4.1,3.8,3.4,2012,650,عطر رأوش,Rausch JF Schwarzlose Berlin
842,Mancera,مانسيرا,Roses Vanille Hair,روز فانيلا للشعر,4,3.9,3.5,2011,335,عطر روز فانيلا للشعر,Roses Vanille Hair
843,Mancera,مانسيرا,Wild Leather,وايلد ليذر,3.6,4.2,4,2014,345,عطر وايلد ليذر,Wild Leather
844,NarcisoRodriguez,نرسيسو رودريغز,Narciso Rodriguez Fleur Musc FLorale,نارسيسو فلور مسك فلورال,3.95,3.9,3.6,2020,370,عطر نارسيسو فلور مسك فلورال,Narciso Rodriguez Fleur Musc FLorale
845,Prada,برادا,L’Homme Absolu,ال هوم ابسولو الرجالي,4,3.8,3.6,2018,340,عطر ال هوم ابسولو الرجالي,L’Homme Absolu
846,Provenzano,بروفينزانو,Palazzo Christian,كريستيان بروفنزانو بالازو دى,4,3.9,3.5,2023,800,عطر كريستيان بروفنزانو بالازو دى,Palazzo Christian
847,Sospiro,سوسبيرو,Prima Donna,بريما دونا,4,4,3.4,2022,870,عطر بريما دونا,Prima Donna
848,Yves Saint Laur,ايف سان لوران,LAURENT Cuir Le Vestiaire Des Parfums,كوير لو فيستيير,4.25,3.5,3.4,2016,900,عطر كوير لو فيستيير,LAURENT Cuir Le Vestiaire Des Parfums
849,Acqua Di Parma,اكوا دي بارما,Note di Colonia IV di,نوت,4.35,3.6,3.1,2017,500,عطر نوت,Note di Colonia IV di
850,Acqua Di Parma,اكوا دي بارما,Note di Colonia IV di IV,نوت,4.35,3.6,3.1,2017,14,عطر نوت,Note di Colonia IV di IV
851,FREDERIC MALLE,فريدريك مال,Musc Ravageur,مسك رافاجيور,4.2,3.8,3.2,2000,865,عطر مسك رافاجيور,Musc Ravageur
852,Francesca Bia,فرانشيسكا بيانكي,Sticky Fingers Bianchi,ستيكي فينقرس من,4.1,3.9,3.3,2020,30,عطر ستيكي فينقرس من,Sticky Fingers Bianchi
853,Giorgio Armani,ارماني,Intense,انتنس,3.8,4,3.8,2014,450,عطر انتنس,Intense
854,Gucci,قوتشي,Rush,رش الاحمر,3.8,4,3.8,1999,300,عطر رش الاحمر,Rush
855,Montale,مونتال,Red Vetiver,رد فيتيفر,3.8,4,3.8,,340,عطر رد فيتيفر,Red Vetiver
856,Parfums de Marly,مارلي,Godolphin,غودولفين,4.1,3.9,3.3,2010,590,عطر غودولفين,Godolphin
857,Roja Parfums,روجا بارفيومز,Scandal Parfum,سكاندل,3.95,3.8,3.7,2011,1800,عطر سكاندل,Scandal Parfum
858,TizianaTerenzi,تيزيانا تيرينزي,Tiziana Terenzi Cas,كاس اكسترايت,3.9,3.9,3.7,2015,750,عطر كاس اكسترايت,Tiziana Terenzi Cas
859,TizianaTerenzi,تيزيانا تيرينزي,Tiziana Terenzi Eclix,اكليكس اكسترايت,3.8,4,3.8,2017,650,عطر اكليكس اكسترايت,Tiziana Terenzi Eclix
860,TizianaTerenzi,تيزيانا تيرينزي,Tiziana Terenzi Lillipur,ليليبور اكسترايت,3.8,4,3.8,2013,600,عطر ليليبور اكسترايت,Tiziana Terenzi Lillipur
861,Acqua Di Parma,اكوا دي بارما,Colonia Oud di,عود المركز,4.19,3.7,3.3,2012,630,عطر عود المركز,Colonia Oud di
862,Carolina Herra,كارولينا هيريرا,Herrera Oud Couture,عود كوتور,4.14,3.7,3.4,2015,950,عطر عود كوتور,Herrera Oud Couture
863,Hermes,هيرمس,24 Faubourg,فوبورج من هرمز,3.99,3.9,3.5,1995,490,عطر فوبورج من هرمز,24 Faubourg
864,Hermes,هيرمس,Faubourg 24,فوبورغ,3.99,3.9,3.5,1995,600,عطر فوبورغ,Faubourg 24
865,Matiere Premier,ماتيري بريمير,Encens Suave Premiere,انسنس سواف,4.24,3.8,3.1,2019,850,عطر انسنس سواف,Encens Suave Premiere
866,Robert Piguet,روبرت بيغيه,Visa,روبيرت بيجيه فيزا,4.19,3.6,3.4,2007,500,عطر روبيرت بيجيه فيزا,Visa
867,Guerlain,غيرلان,Absolus Tabac Sahara Amira,جيرلان ابسولو اليغوريا تاباك صحارى,3.84,4.1,3.6,2026,800,عطر جيرلان ابسولو اليغوريا تاباك صحارى,Absolus Tabac Sahara Amira
868,Lancome,لانكوم,Vie Est Belle,لافي اي بل,3.64,4.1,4,2012,320,عطر لافي اي بل,Vie Est Belle
869,Louis Vuitton,لويس فيتون,LImmensite,ليمنست,4.34,3.7,3,2018,1100,عطر ليمنست,LImmensite
870,Robert Piguet,روبرت بيغيه,Fracas,روبيرت بيجيه فراكاس دى,4.04,3.8,3.5,1948,580,عطر روبيرت بيجيه فراكاس دى,Fracas
871,Versace,فرزاتشي,L'Homme,لي هوم البني الرجالي,3.79,4,3.8,1984,170,عطر لي هوم البني الرجالي,L'Homme
872,Armaf,ارماف,Club de Nuit Intense Man,أرماف كلوب نويت إنتينس,4.08,3.8,3.4,2015,180,عطر أرماف كلوب نويت إنتينس,Club de Nuit Intense Man
873,Giardini,جاردن دي توسكانا,Blu Mare Di Toscana,جيارديني بلو ماري,3.58,4.3,3.9,2024,260,عطر جيارديني بلو ماري,Blu Mare Di Toscana
874,Giorgio Armani,ارماني,Prive Vert,بريف فيرت,4.13,3.7,3.4,2016,150,عطر بريف فيرت,Prive Vert
875,Giorgio Armani,ارماني,Prive Vert Malachite,برايف فيرت ملاكيت,4.13,3.7,3.4,2016,20,عطر برايف فيرت ملاكيت,Prive Vert Malachite
876,Roja Parfums,روجا بارفيومز,Innuendo,أن يوندا دى بيرفيوم,4.23,3.5,3.4,2012,1800,عطر أن يوندا دى بيرفيوم,Innuendo
877,Valentino,فالنتينو,Uomo Born In Roma,اومو بورن ان روما الرجالي,4.28,3.4,3.4,2019,410,عطر اومو بورن ان روما الرجالي,Uomo Born In Roma
878,CnR Create,سي ان ار كريات,Sagittarius,ساجيتاريوس الرجالي,3.43,4,4.5,2008,425,عطر ساجيتاريوس الرجالي,Sagittarius
879,ELIE SAAB,ايلي ساب,Girl of Now Forever,صعب جيرل اوف ناو فوريفر,3.83,3.9,3.8,2019,350,عطر صعب جيرل اوف ناو فوريفر,Girl of Now Forever
880,Etat,ايتات ليبر دي اورانج,Nostos Libre d'Orange,نوستوس إيتا ليبغ دورانج,3.83,4.1,3.6,2023,670,عطر نوستوس إيتا ليبغ دورانج,Nostos Libre d'Orange
881,Giorgio Armani,ارماني,Acqua Di Gio Profondo Eau Parfum,اكوا جيو بروفوندو,4.33,3.4,3.3,2020,450,عطر اكوا جيو بروفوندو,Acqua Di Gio Profondo Eau Parfum
882,Giorgio Armani,ارماني,Acqua Di Gio Profumo Eau Parfum,جورجيو اكوا جيو بروفومو,4.43,3.6,2.9,2015,10,عطر جورجيو اكوا جيو بروفومو,Acqua Di Gio Profumo Eau Parfum
883,Guerlain,غيرلان,Black Perfecto by La Petite Robe Noire,الفستان لابتيت روب نوار بلاك بيرفكت,3.98,3.8,3.6,2017,310,عطر الفستان لابتيت روب نوار بلاك بيرفكت,Black Perfecto by La Petite Robe Noire
884,Laurent Mazzone,لورنت مازون,Scandinavian Crime,لورين سكاندينافيان كريم,4.18,3.7,3.3,2016,255,عطر لورين سكاندينافيان كريم,Scandinavian Crime
885,Mancera,مانسيرا,Jardin Exclusif,جاردن إكسكلوسف,3.78,4.1,3.7,2018,360,عطر جاردن إكسكلوسف,Jardin Exclusif
886,Mancera,مانسيرا,Musky Garden,مسكي غاردين,3.83,3.9,3.8,2017,350,عطر مسكي غاردين,Musky Garden
887,Mancera,مانسيرا,Wild Python,وايلد بايثون,3.78,4,3.8,2018,390,عطر وايلد بايثون,Wild Python
888,Montale,مونتال,Roses Elixir,روز اليكسير,3.83,3.9,3.8,2010,360,عطر روز اليكسير,Roses Elixir
889,Nilafar du Nil,نيلافار دو نيل,Monto Lavender Extreme,مونتو لافندر اكستريم,4.08,4,3.2,2021,420,عطر مونتو لافندر اكستريم,Monto Lavender Extreme
890,Nishane,نيشاني,Kredo,كريدو الجديد اكسترايت,4.18,3.8,3.2,2022,630,عطر كريدو الجديد اكسترايت,Kredo
891,PENHALIGONS,بنهاليغونز,Cairo Penhaligon's,بنهاليغنز كايرو,4.18,3.7,3.3,2019,650,عطر بنهاليغنز كايرو,Cairo Penhaligon's
892,Paco Rabanne,باكو رابان,Pure XS Night,بيور اكس اس نايت الرجالي,4.13,3.8,3.3,2019,7,عطر بيور اكس اس نايت الرجالي,Pure XS Night
893,Roja Parfums,روجا بارفيومز,ENIGMA PARFUM,انيجما,4.18,3.8,3.2,2019,950,عطر انيجما,ENIGMA PARFUM
894,Roja Parfums,روجا بارفيومز,Enigma Dove,انجما النسائي,4.18,3.8,3.2,2019,990,عطر انجما النسائي,Enigma Dove
895,YSL,ايف سان لوران,Yves Saint Laurent Black Opium Nuit Blanche Parfum,بلاك اوبيوم نوت بلانش,4.08,3.6,3.6,2016,490,عطر بلاك اوبيوم نوت بلانش,Yves Saint Laurent Black Opium Nuit Blanche Parfum
896,Floris,فلوريس,Leather Oud,لندن ليذر عود,4.22,3.7,3.2,2014,650,عطر لندن ليذر عود,Leather Oud
897,Giorgio Armani,ارماني,Prive Bleu Turquoise,جورجيو برايف بلو تركواز,4.12,3.9,3.2,2018,17,عطر جورجيو برايف بلو تركواز,Prive Bleu Turquoise
898,Hermes,هيرمس,Bel Ami Vetiver,بيلامي,4.37,3.6,3,2013,550,عطر بيلامي,Bel Ami Vetiver
899,Jeroboam,جيروبوم,Gozo,جيروبام جوزو,4.12,3.8,3.3,2020,580,عطر جيروبام جوزو,Gozo
900,Jeroboam,جيروبوم,Gozo by,جيروبام قوزو,4.12,3.8,3.3,2020,500,عطر جيروبام قوزو,Gozo by
901,Laurent Mazzone,لورنت مازون,Veleno Dore,لورين فيلينو دوريه,4.07,3.9,3.3,2017,1000,عطر لورين فيلينو دوريه,Veleno Dore
902,Les Indemodables,ليه إنديمودابل,Patchouli Noisette,باتشولي نويزيت,4.12,3.9,3.2,2023,770,عطر باتشولي نويزيت,Patchouli Noisette
903,Mercedes Benz,مرسيدس بنز,Man Private -,مان برايفت,4.27,3.6,3.2,2018,8,عطر مان برايفت,Man Private -
904,Nasomatto,ناسوماتو,Blamage,بلاماج اكسترايت,4.07,3.9,3.3,2014,500,عطر بلاماج اكسترايت,Blamage
905,Nishane,نيشاني,Papilefiko,بابيليفيكو الجديد اكسترايت,4.17,3.8,3.2,2022,1200,عطر بابيليفيكو الجديد اكسترايت,Papilefiko
906,PENHALIGONS,بنهاليغونز,Halfeti Leather Penhaligon's,بنهاليغينز هالفيتي ليذر,4.22,3.7,3.2,2020,270,عطر بنهاليغينز هالفيتي ليذر,Halfeti Leather Penhaligon's
907,Parfums de Marly,مارلي,Herod,هيرود,4.42,3.6,2.9,2012,590,عطر هيرود,Herod
908,Thameen,ثمين,Diadem,دياديم بيرفيوم,4.22,3.7,3.2,2018,570,عطر دياديم بيرفيوم,Diadem
909,TizianaTerenzi,تيزيانا تيرينزي,Tabit TIZIANA TERENZI,تابت,3.97,3.8,3.6,2016,780,عطر تابت,Tabit TIZIANA TERENZI
910,Viktor Rolf,فيكتور اند رولف,& BonBon,بون,3.97,3.8,3.6,2014,520,عطر بون,& BonBon
911,Tauer Perfumes,اندي تاور,Une Rose de Kandahar,روز قندهار,4.27,3.7,3.1,2013,25,عطر روز قندهار,Une Rose de Kandahar
912,Thameen,ثمين,Regent Leather,ريجنت ليذر,4.27,3.7,3.1,2016,720,عطر ريجنت ليذر,Regent Leather
913,Du Bois,دو بوا,Lucius Fragrance,فراغرنس لوسيوس,4.36,3.7,2.9,2024,1300,عطر فراغرنس لوسيوس,Lucius Fragrance
914,AMOUAGE,امواج,Memoir Man,مموار,4.26,3.8,3,2010,850,عطر مموار,Memoir Man
915,Givenchy,جيفنشي,Pi,باي,4.16,3.6,3.4,1999,250,عطر باي,Pi
916,Guerlain,غيرلان,Heritage,هيرتاج,4.36,3.6,3,1992,11,عطر هيرتاج,Heritage
917,Isabey,ايزابي,Fleur Nocturne,فلور نوكتورن,4.16,3.6,3.4,2009,650,عطر فلور نوكتورن,Fleur Nocturne
918,Mancera,مانسيرا,Lemon Line,ليمون لاين,4.16,3.6,3.4,2014,350,عطر ليمون لاين,Lemon Line
919,PENHALIGONS,بنهاليغونز,Halfeti Penhaligon's,بنهاليغنز هالفيتي,4.21,3.7,3.2,2015,780,عطر بنهاليغنز هالفيتي,Halfeti Penhaligon's
920,Provenzano,بروفينزانو,Ultimate Rose Christian Parfums,كريستيان بروفنزانو التيميت روز,4.21,3.5,3.4,2019,16,عطر كريستيان بروفنزانو التيميت روز,Ultimate Rose Christian Parfums
921,Van Cleef,فان كليف اند اربلز,Orchid Leather & Arpels,اربيلس أوركيد ليذر,4.16,3.8,3.2,2021,600,عطر اربيلس أوركيد ليذر,Orchid Leather & Arpels
922,XERJOFF,زيرجوف,Mefisto Gentiluomo,مفيستو جنتل,4.36,3.6,3,2018,240,عطر مفيستو جنتل,Mefisto Gentiluomo
923,Masque Milano,ماسك ميلانو,Kintsugi,كنتسوجي,4.06,3.8,3.4,2019,550,عطر كنتسوجي,Kintsugi
924,Nishane,نيشاني,Muskane,موسكان,3.96,3.8,3.6,2019,580,عطر موسكان,Muskane
925,TOM FORD,توم فورد,Tobacco Oud,توباكو عود,4.21,3.8,3.1,2013,22,عطر توباكو عود,Tobacco Oud
926,Biehl Parfumkunstwerke,بيهل,Al02,ايه ال,4.05,3.9,3.3,2007,347,عطر ايه ال,Al02
927,Carolina Herra,كارولينا هيريرا,Herrera,الرجالي كلاسيك,3.8,3.9,3.8,2016,240,عطر الرجالي كلاسيك,Herrera
928,CnR Create,سي ان ار كريات,Pisces,بايسيس الرجالي,3.25,4.5,4.3,2008,425,عطر بايسيس الرجالي,Pisces
929,Lancome,لانكوم,Vie Est Belle Intensement Intense,لافي اي بل انتنسمنت انتنس,3.8,4,3.7,2020,250,عطر لافي اي بل انتنسمنت انتنس,Vie Est Belle Intensement Intense
930,Lorenzo,لورينزو بازاليا,Artik Sea Pazzaglia,لورنزو بازاجليا ارتيك سي,3.9,4,3.5,2023,600,عطر لورنزو بازاجليا ارتيك سي,Artik Sea Pazzaglia
931,Louis Vuitton,لويس فيتون,LVERS,عشاق,4.1,3.9,3.2,2024,22,عطر عشاق,LVERS
932,Montale,مونتال,Aoud Lagoon,عود لاجون,3.8,4,3.7,2016,350,عطر عود لاجون,Aoud Lagoon
933,Montale,مونتال,Vanille Absolu,فانيلا ابسولو,3.75,4,3.8,,200,عطر فانيلا ابسولو,Vanille Absolu
934,Nishane,نيشاني,Hacivat X,هاشيفات اكس,4,3.9,3.4,2023,1100,عطر هاشيفات اكس,Hacivat X
935,Paco Rabanne,باكو رابان,One Million Golden Oud Parfum Intense,ون مليون العود الذهبي انتنس,4.15,3.8,3.2,2023,400,عطر ون مليون العود الذهبي انتنس,One Million Golden Oud Parfum Intense
936,Pana Dora,بانا دورا,L,كروب سجال من,4.1,3.8,3.3,2019,800,عطر كروب سجال من,L
937,Pazzaglia,لورنزو بازاجليا,Artik Sea Lorenzo,ارتيك سي,3.9,4,3.5,2023,20,عطر ارتيك سي,Artik Sea Lorenzo
938,XERJOFF,زيرجوف,p 33 Blank Page Edition,بي بلانك بايج اديشن من,4.2,3.7,3.2,2025,1200,عطر بي بلانك بايج اديشن من,p 33 Blank Page Edition
939,YSL,ايف سان لوران,Yves Saint Laurent La Nuit de L'Homme,لا نوي لوم,4.45,3.2,3.2,2009,14,عطر لا نوي لوم,Yves Saint Laurent La Nuit de L'Homme
940,AMOUAGE,امواج,Dia,النسائي,4.05,3.8,3.4,2002,750,عطر النسائي,Dia
941,BVLGARI,بولغاري,Aqva Amara,اكوا امارا,3.9,3.9,3.6,2014,260,عطر اكوا امارا,Aqva Amara
942,Givenchy,جيفنشي,Gentleman Intense,جنتلمان انتنس,3.95,3.8,3.6,2021,360,عطر جنتلمان انتنس,Gentleman Intense
943,NarcisoRodriguez,نرسيسو رودريغز,Narciso Rodriguez,نارسيسو فور هير,3.95,3.8,3.6,2019,300,عطر نارسيسو فور هير,Narciso Rodriguez
944,NarcisoRodriguez,نرسيسو رودريغز,Narciso Rodriguez Narciso,نارسيسو,3.95,3.8,3.6,2019,270,عطر نارسيسو,Narciso Rodriguez Narciso
945,Nishane,نيشاني,za X,نيشان تيوبيروزا اكس بيرفوم,4.2,3.8,3.1,2024,750,عطر نيشان تيوبيروزا اكس بيرفوم,za X
946,Ormonde Jayne,اورموند جين,Montabaco Cuba,مونتباكو كوبا من ارموند,4.35,3.6,3,2024,970,عطر مونتباكو كوبا من ارموند,Montabaco Cuba
947,Givenchy,جيفنشي,L'Interdit Rouge,لا انترديت روج,4.19,3.7,3.2,2021,420,عطر لا انترديت روج,L'Interdit Rouge
948,Hermes,هيرمس,S,روج,4.04,3.7,3.5,2000,450,عطر روج,S
949,Louis Vuitton,لويس فيتون,Coeur Battant,كور باتانت,4.09,3.8,3.3,2019,950,عطر كور باتانت,Coeur Battant
950,Mugler,موغلر,Angel,تيري أنجل,3.54,4.2,4,1992,280,عطر تيري أنجل,Angel
951,Paco Rabanne,باكو رابان,Million Royal,ون مليون رويال,4.29,3.7,3,2023,470,عطر ون مليون رويال,Million Royal
952,AMOUAGE,امواج,Imitation W/Cap,اميتيشن الرجالي,3.94,3.9,3.5,2018,970,عطر اميتيشن الرجالي,Imitation W/Cap
953,Giorgio Armani,ارماني,Emporio Stronger With You Parfum,جورجيو سترونجر وذ يو الرجالي,4.29,3.6,3.1,2017,480,عطر جورجيو سترونجر وذ يو الرجالي,Emporio Stronger With You Parfum
954,Korloff,كورلوف,Overdose Aphrodisiaque,أوفر دوز أفروديسياك,4.04,3.8,3.4,2023,295,عطر أوفر دوز أفروديسياك,Overdose Aphrodisiaque
955,Nishane,نيشاني,Safran Colognise,سافرون كولونيز,4.34,3.7,2.9,2019,550,عطر سافرون كولونيز,Safran Colognise
956,Paco Rabanne,باكو رابان,Pour Homme,الاخضر بور اوم,3.99,3.7,3.6,1973,190,عطر الاخضر بور اوم,Pour Homme
957,Sospiro,سوسبيرو,Diva and men,ديفا,4.09,3.6,3.5,2025,770,عطر ديفا,Diva and men
958,Serge Lutens,سيرج لوتنس,Fils de Joie,فيلس جوا,4.14,3.8,3.2,2020,380,عطر فيلس جوا,Fils de Joie
959,Acqua Di Parma,اكوا دي بارما,Leather di,ليذر,4.08,3.8,3.3,2019,13,عطر ليذر,Leather di
960,Acqua Di Parma,اكوا دي بارما,Oud di,عود,4.28,3.7,3,2019,13,عطر عود,Oud di
961,AMOUAGE,امواج,Overture Woman Amouag,أوفرتشر النسائي,3.83,4,3.6,2020,17,عطر أوفرتشر النسائي,Overture Woman Amouag
962,Alghabra,الغبرا,Sweet Reflection Parfums,سويت ريفليكشن,4.28,3.6,3.1,2023,450,عطر سويت ريفليكشن,Sweet Reflection Parfums
963,Bijan,بيجان,Men,الاسود الرجالي,4.03,3.8,3.4,1987,180,عطر الاسود الرجالي,Men
964,Carolina Herra,كارولينا هيريرا,Saffron Lazuli Herrera,سافرون لازولي,4.23,3.7,3.1,2020,850,عطر سافرون لازولي,Saffron Lazuli Herrera
965,Nicolai,نيكولاي,Amber Oud,عنبر عود,4.03,3.8,3.4,2013,600,عطر عنبر عود,Amber Oud
966,Sospiro,سوسبيرو,Liberto,ليبيرتو,3.88,4,3.5,2022,870,عطر ليبيرتو,Liberto
967,Dolce Gabbana,دولتشي غابانا,The One Pour Homme Parfum,ذا ون الرجالي,4.43,3.6,2.8,2025,395,عطر ذا ون الرجالي,The One Pour Homme Parfum
968,Givenchy,جيفنشي,E,جنتلمان ريزيرڤ بريڤيه,4.43,3.6,2.8,2022,12,عطر جنتلمان ريزيرڤ بريڤيه,E
969,Guerlain,غيرلان,L'Instant,لينستانت النسائي,4.07,3.8,3.3,2003,11,عطر لينستانت النسائي,L'Instant
970,Parfums de Marly,مارلي,Pegasus,بيجاسوس,4.07,3.8,3.3,2011,590,عطر بيجاسوس,Pegasus
971,Thameen,ثمين,Imperial Crown,امبريال كراون,4.07,3.8,3.3,2018,570,عطر امبريال كراون,Imperial Crown
972,Carner Barcelona,كارنر برشلونة,Drakon,دراكون,3.97,3.9,3.4,2020,430,عطر دراكون,Drakon
973,Diptyque,ديبتيك,Eau Rihla,ايو رحلة,4.22,3.7,3.1,2021,340,عطر ايو رحلة,Eau Rihla
974,Dolce Gabbana,دولتشي غابانا,& Pour Homme,بور هوم الرجالي,4.17,3.5,3.4,2017,290,عطر بور هوم الرجالي,& Pour Homme
975,Givenchy,جيفنشي,Sinvolte,ديزينفولت,4.22,3.7,3.1,2021,850,عطر ديزينفولت,Sinvolte
976,Histoires De Parfums,هيستورا,Ambre 114,هيستوريس عنبر,4.22,3.7,3.1,2001,16,عطر هيستوريس عنبر,Ambre 114
977,Matiere Premier,ماتيري بريمير,Vanilla Powder Premiere,فانيلا باودر,3.77,4.1,3.6,2023,780,عطر فانيلا باودر,Vanilla Powder Premiere
978,Ralph Lauren,رالف لورين,Polo Red Extreme,بولو ريد إكستريم,4.37,3.5,3,2017,340,عطر بولو ريد إكستريم,Polo Red Extreme
979,TizianaTerenzi,تيزيانا تيرينزي,Ursa TIZIANA TERENZI,اورسا اكسترايت,4.02,3.8,3.4,2015,13,عطر اورسا اكسترايت,Ursa TIZIANA TERENZI
980,Tory Burch,توري بورش,Enduring Leather,اندورينج ليذر,4.67,3,2.9,2024,550,عطر اندورينج ليذر,Enduring Leather
981,Viktor Rolf,فيكتور اند رولف,& Flowerbomb,فلاوربومب,3.92,3.8,3.6,2004,490,عطر فلاوربومب,& Flowerbomb
982,XERJOFF,زيرجوف,Ouverture,اوفرتشر,4.17,3.8,3.1,2019,15,عطر اوفرتشر,Ouverture
983,Loewe,لويفي,Esencia,لوي إيسينسيا بور أوم,4.22,3.6,3.2,1988,390,عطر لوي إيسينسيا بور أوم,Esencia
984,Loewe,لويفي,Esencia pour Homme,ايسينثيا بور هوم,4.22,3.6,3.2,1988,490,عطر ايسينثيا بور هوم,Esencia pour Homme
985,Dior,كريستيان ديور,Homme Sport,هوم سبورت ادو,4.36,3.7,2.8,2022,12,عطر هوم سبورت ادو,Homme Sport
986,Kilian,كيليان,Intoxicated BY,إنتوكسيكايتد,4.11,3.7,3.3,2014,950,عطر إنتوكسيكايتد,Intoxicated BY
987,Boadicea,بوديسيا ذا فيكتوريوس,Envious THE VICTORIOUS,انفيوس,4.36,3.5,3,2020,730,عطر انفيوس,Envious THE VICTORIOUS
988,Comme Des,كوم دي غارسون,Garcons 2,جارسون,4.01,3.8,3.4,1994,433,عطر جارسون,Garcons 2
989,Nicolai,نيكولاي,Kiss Me Intense,كيس مي انتنس,3.91,3.8,3.6,2014,600,عطر كيس مي انتنس,Kiss Me Intense
990,Roja Parfums,روجا بارفيومز,Burlington 1819 Dove,بيرلينجتون,4.31,3.7,2.9,2020,17,عطر بيرلينجتون,Burlington 1819 Dove
991,Trussardi,تروساردي,The Black Rose,ذا بلاك روز,3.96,3.7,3.6,2017,250,عطر ذا بلاك روز,The Black Rose
992,Vertus,فيرتس,Serenade,فيرتوس سيريناد,4.06,3.7,3.4,2025,650,عطر فيرتوس سيريناد,Serenade
993,BVLGARI,بولغاري,Gemme Tygar,لو جيم تايجر إصدار خاص,4.21,3.6,3.2,2025,260,عطر لو جيم تايجر إصدار خاص,Gemme Tygar
994,Boucheron,بوشرون,Ambre D’Alexandrie,عنبر الاسكندرية,4.26,3.6,3.1,2017,540,عطر عنبر الاسكندرية,Ambre D’Alexandrie
995,Clive Christian,كلايف كريستيان,No. 1,اوريجنال كولكشن نمبر الرجالي,3.96,3.8,3.5,2001,850,عطر اوريجنال كولكشن نمبر الرجالي,No. 1
996,Clive Christian,كلايف كريستيان,ORIGINAL COLLECTION,جينال سي إكس الرجالي,3.96,3.8,3.5,2001,425,عطر جينال سي إكس الرجالي,ORIGINAL COLLECTION
997,Giorgio Armani,ارماني,Prive Rouge Malachite,جورجيو روج ملاشيت,4.21,3.6,3.2,2016,290,عطر جورجيو روج ملاشيت,Prive Rouge Malachite
998,Guerlain,غيرلان,L'Initial,لينتال,4.21,3.5,3.3,2020,440,عطر لينتال,L'Initial
999,Korloff,كورلوف,Royal Oud Paris,باريس رويال عود,3.96,3.8,3.5,2015,210,عطر باريس رويال عود,Royal Oud Paris
1000,Lalique,لاليك,Amethyst Exquise,اميثيست اكسكويز,3.76,4,3.7,2017,230,عطر اميثيست اكسكويز,Amethyst Exquise
1001,Maison Crivelli,مايزون كريفيلي,Ambre Chromatique,كريفيل عنبر كروماتيك,3.86,4,3.5,2022,25,عطر كريفيل عنبر كروماتيك,Ambre Chromatique
1002,Mancera,مانسيرا,Aoud Cafe,عود كافيه,3.71,4,3.8,2013,360,عطر عود كافيه,Aoud Cafe
1003,Mercedes Benz,مرسيدس بنز,Sign Your Power Intense,صاين يور باور انتنس,4.21,3.6,3.2,2024,235,عطر صاين يور باور انتنس,Sign Your Power Intense
1004,Nicolai,نيكولاي,Incense Oud,انسنس عود,3.76,4,3.7,2016,600,عطر انسنس عود,Incense Oud
1005,Pana Dora,بانا دورا,Dorasima,دوراسيما من,4.06,3.8,3.3,2022,800,عطر دوراسيما من,Dorasima
1006,Sospiro,سوسبيرو,Deep Ocean Amber,ديب اوشن عنبر,4.01,3.9,3.3,2023,850,عطر ديب اوشن عنبر,Deep Ocean Amber
1007,XERJOFF,زيرجوف,Fiero,فيرو كاساموراتي,4.21,3.6,3.2,2010,15,عطر فيرو كاساموراتي,Fiero
1008,Ex Nihilo,اكس نيهيلو,Gold Immortals Ex,غولد امورتالز نيلو,3.95,3.9,3.4,2020,17,عطر غولد امورتالز نيلو,Gold Immortals Ex
1009,Givenchy,جيفنشي,Gentlemen Only Absolute,اونلي جنتلمان ابسولوت,3.95,3.7,3.6,2016,360,عطر اونلي جنتلمان ابسولوت,Gentlemen Only Absolute
1010,Guerlain,غيرلان,Jicky,جيكي,4,3.8,3.4,,360,عطر جيكي,Jicky
1011,Houbigant,هوبيجان,Tabac Nomade,هوبيجانت تاباك نوماد,4.15,3.8,3.1,2023,600,عطر هوبيجانت تاباك نوماد,Tabac Nomade
1012,Hugo Boss,هوغو بوس,Oud Aromatic,عود أروماتيك,3.6,4.1,3.9,2019,200,عطر عود أروماتيك,Oud Aromatic
1013,Laurent Mazzone,لورنت مازون,Kingdom of Dreams,لورينت كينجدوم أوف دريمز,4,3.8,3.4,2016,570,عطر لورينت كينجدوم أوف دريمز,Kingdom of Dreams
1014,Montale,مونتال,Mukhallat,مخلط,3.45,4.2,4.1,2008,270,عطر مخلط,Mukhallat
1015,Montale,مونتال,Nepal Aoud,نيبال عود,3.55,4.2,3.9,2014,200,عطر نيبال عود,Nepal Aoud
1016,Nishane,نيشاني,Zenne,زيني من,4,3.8,3.4,2017,580,عطر زيني من,Zenne
1017,Paradis,باردايس,NIRVANA,باراديس سينس نيرفانا,4.4,3.5,2.9,2022,580,عطر باراديس سينس نيرفانا,NIRVANA
1018,Paradis,باردايس,Nirvana des Sens,نيرفانا,4.4,3.5,2.9,2022,370,عطر نيرفانا,Nirvana des Sens
1019,Rosendo Mateu,روسيندو ماتيو,Sweet Rose Olfactive Expressions,روسندو اولفاكتيف اكسبريشنز سويت روز,4.2,3.7,3.1,2020,670,عطر روسندو اولفاكتيف اكسبريشنز سويت روز,Sweet Rose Olfactive Expressions
1020,BVLGARI,بولغاري,Gemme Lazulia,لو جيم لازوليا,3.8,4,3.6,2015,950,عطر لو جيم لازوليا,Gemme Lazulia
1021,BVLGARI,بولغاري,Splendida Tubereuse Mystique,سبلنديدا توبيروز مستيك,3.9,3.8,3.6,2019,320,عطر سبلنديدا توبيروز مستيك,Splendida Tubereuse Mystique
1022,Boucheron,بوشرون,Oud de Carthage,عود قرطاج,4.15,3.7,3.2,2017,490,عطر عود قرطاج,Oud de Carthage
1023,Burberry,بربري,London,لندن قماش النسائي,4,3.7,3.5,2023,250,عطر لندن قماش النسائي,London
1024,Etat,ايتات ليبر دي اورانج,Rien Libre d'Orange,ايتا رين,3.75,4.1,3.6,2006,490,عطر ايتا رين,Rien Libre d'Orange
1025,Givenchy,جيفنشي,Fantasque,فانتاستك انتنس,4.35,3.6,2.9,2024,850,عطر فانتاستك انتنس,Fantasque
1026,Givenchy,جيفنشي,Hot Couture,هوت كوتور,4.1,3.6,3.4,,350,عطر هوت كوتور,Hot Couture
1027,Gucci,قوتشي,Guilty Intense,غليتي انتنس النسائي,3.9,3.8,3.6,2011,350,عطر غليتي انتنس النسائي,Guilty Intense
1028,Isabey,ايزابي,Lys Noir,ليز نوير,4.15,3.6,3.3,2014,650,عطر ليز نوير,Lys Noir
1029,Laurent Mazzone,لورنت مازون,Noir Gabardine Parfums,لورين نوار جبردين,3.9,3.8,3.6,2011,15,عطر لورين نوار جبردين,Noir Gabardine Parfums
1030,MEMO PARIS,ميمو باريس,Iberian Leather,ايبيرين لذر من ادو,3.7,4.1,3.7,2022,950,عطر ايبيرين لذر من ادو,Iberian Leather
1031,NarcisoRodriguez,نرسيسو رودريغز,Narciso Rodriguez Pure Musc Absolu,نارسيسو بيور مسك ابسولو النسائي,4.15,3.6,3.3,2020,480,عطر نارسيسو بيور مسك ابسولو النسائي,Narciso Rodriguez Pure Musc Absolu
1032,Olfattivo,لابوراتوريو,Vanagloria - Labratorio,فانقلوريا ادو,4.1,3.8,3.2,2021,600,عطر فانقلوريا ادو,Vanagloria - Labratorio
1033,Paco Rabanne,باكو رابان,A,اولمبيا,3.85,3.8,3.7,2015,320,عطر اولمبيا,A
1034,Renier Perfumes,رينيي,Oud Rain,عود رين,4.35,3.6,2.9,2018,450,عطر عود رين,Oud Rain
1035,Sospiro,سوسبيرو,Pasticcio di,باستيتشيو,4.1,3.8,3.2,2022,850,عطر باستيتشيو,Pasticcio di
1036,Vilhelm,فيلهلم,Chicago High Parfumerie,شيكاغو هاي,3.7,4,3.8,2020,175,عطر شيكاغو هاي,Chicago High Parfumerie
1037,XERJOFF,زيرجوف,RENAISSANCE,رينيسانس لرائحة العرق,4.3,3.6,3,2011,220,عطر رينيسانس لرائحة العرق,RENAISSANCE
1038,XERJOFF,زيرجوف,XJ 1861 Renaissance,رينيسانس,4.3,3.6,3,2011,245,عطر رينيسانس,XJ 1861 Renaissance
1039,Yves Saint Laur,ايف سان لوران,Gold Supreme Bouquet LAURENT,جولد سوبريم بوكيه,4.35,3.6,2.9,2025,670,عطر جولد سوبريم بوكيه,Gold Supreme Bouquet LAURENT
1040,Yves Saint Laur,ايف سان لوران,LAURENT MYSLF L’Absolu,ماي سلف ابسولو اصدار,4.35,3.6,2.9,2025,470,عطر ماي سلف ابسولو اصدار,LAURENT MYSLF L’Absolu
1041,The Woods,ذا وودز كوليكشن,Glow Collection,كولكشن جلو,4.19,3.7,3.1,2020,12,عطر كولكشن جلو,Glow Collection
1042,Alghabra,الغبرا,Ancient Fortress Parfums,انشينت فورست,3.79,3.9,3.7,2019,550,عطر انشينت فورست,Ancient Fortress Parfums
1043,Atelier Flou,اتيلير فلو,Shamsin,شامسين,4.04,3.8,3.3,,700,عطر شامسين,Shamsin
1044,BDK Parfums,بي دي كي,Tabac Rose,تاباك روز من,4.04,3.8,3.3,2020,15,عطر تاباك روز من,Tabac Rose
1045,Cartier,كارتير,Declaration d'Un Soir,ديكلاريشن دون سوار,4.29,3.6,3,2012,12,عطر ديكلاريشن دون سوار,Declaration d'Un Soir
1046,Dolce Gabbana,دولتشي غابانا,& Light Blue Eau Intense,لايت بلو ايو انتنس النسائي,4.14,3.5,3.4,2017,420,عطر لايت بلو ايو انتنس النسائي,& Light Blue Eau Intense
1047,Nishane,نيشاني,Wulong Cha X,اولونغ شا اكس,4.34,3.6,2.9,2023,1100,عطر اولونغ شا اكس,Wulong Cha X
1048,Orto Parisi,اورتو باريسي,Ambre Sauvage Absolu Goutal,غوتال عنبر سوفاج ابسولو,4.24,3.7,3,2020,200,عطر غوتال عنبر سوفاج ابسولو,Ambre Sauvage Absolu Goutal
1049,Tauer Perfumes,اندي تاور,Sundowner,صندونر,4.19,3.8,3,2021,550,عطر صندونر,Sundowner
1050,XERJOFF,زيرجوف,Tosca,كاساموراتي لاتوسكا,3.64,4.1,3.8,2015,370,عطر كاساموراتي لاتوسكا,Tosca
1051,AMOUAGE,امواج,Boundless,باوندليس الرجالي,4.18,3.8,3,2021,670,عطر باوندليس الرجالي,Boundless
1052,AMOUAGE,امواج,Gold,قولد الرجالي,3.93,3.8,3.5,1983,280,عطر قولد الرجالي,Gold
1053,AMOUAGE,امواج,Portrayal Man,بورترايال,4.03,3.8,3.3,2019,23,عطر بورترايال,Portrayal Man
1054,Chopard,شوبارد,Oud Malaki,عود ملكي,4.33,3.5,3,2012,270,عطر عود ملكي,Oud Malaki
1055,Clive Christian,كلايف كريستيان,X Feminine ORIGINAL COLLECTION,اورجينال كوليكشن اكس النسائي,4.03,3.8,3.3,,980,عطر اورجينال كوليكشن اكس النسائي,X Feminine ORIGINAL COLLECTION
1056,Dior,كريستيان ديور,HYPNOTIC POISON HAIR MIST,الشعر هيبنوتيك بويسون من,4.08,3.7,3.3,1998,275,عطر الشعر هيبنوتيك بويسون من,HYPNOTIC POISON HAIR MIST
1057,Ex Nihilo,اكس نيهيلو,Atlas Fever Ex,إكس اتلاس فيفر,4.13,3.7,3.2,2017,1100,عطر إكس اتلاس فيفر,Atlas Fever Ex
1058,FREDERIC MALLE,فريدريك مال,Music For a While,ميوزك فور وايل,3.93,3.8,3.5,2018,250,عطر ميوزك فور وايل,Music For a While
1059,Giorgio Armani,ارماني,Magenta Tanzanite,جورجيو ماجنتا تنزانيت,4.28,3.6,3,2022,290,عطر جورجيو ماجنتا تنزانيت,Magenta Tanzanite
1060,Giorgio Armani,ارماني,Prive Magenta Tanzanite,جورجيو ماجنتا تانزانيت,4.28,3.6,3,2022,870,عطر جورجيو ماجنتا تانزانيت,Prive Magenta Tanzanite
1061,Guerlain,غيرلان,Mon Hair Mist,مون جيرلان بروم شيفيوكس للشعر,4.53,3.3,2.8,2021,300,عطر مون جيرلان بروم شيفيوكس للشعر,Mon Hair Mist
1062,Jeroboam,جيروبوم,Your Oudhness,جيروبوام يور عودنس إكستريت,3.98,3.8,3.4,2024,1200,عطر جيروبوام يور عودنس إكستريت,Your Oudhness
1063,Mont Blanc,مونت بلانك,Montblanc Patchouli Ink,باتشولي انك,4.18,3.8,3,2024,580,عطر باتشولي انك,Montblanc Patchouli Ink
1064,Paco Rabanne,باكو رابان,One Million,ون مليون كوليجن,3.73,3.9,3.8,2008,200,عطر ون مليون كوليجن,One Million
1065,Paco Rabanne,باكو رابان,XS Excess,اكس اس اكسيس الرجالي,4.03,3.6,3.5,2017,220,عطر اكس اس اكسيس الرجالي,XS Excess
1066,The Woods,ذا وودز كوليكشن,Bloom Collection,كولكشن بلوم,4.08,3.7,3.3,2020,12,عطر كولكشن بلوم,Bloom Collection
1067,Yves Saint Laur,ايف سان لوران,Y Le Parfum LAURENT,واي لي,4.38,3.6,2.8,2021,425,عطر واي لي,Y Le Parfum LAURENT
1068,nasamat najd,نسمات نجد,Saffron,سافرون,4.13,3.5,3.4,2022,250,عطر سافرون,Saffron
1069,Ramon Monegal,رامون مونيجال,Love Reaction by,لوف رياكشن من,4.18,3.7,3.1,2024,570,عطر لوف رياكشن من,Love Reaction by
1070,Ramon Monegal,رامون مونيجال,Lovereaction And Men,مونيغال ابيزا لاف رياكشن,4.18,3.7,3.1,2024,570,عطر مونيغال ابيزا لاف رياكشن,Lovereaction And Men
1071,Amado,امادو,EAU DE VANILLE,فانيليا,3.67,4,3.8,2026,16,عطر فانيليا,EAU DE VANILLE
1072,Boadicea,بوديسيا ذا فيكتوريوس,Chariot THE VICTORIOUS,شاريوت,4.12,3.7,3.2,2015,700,عطر شاريوت,Chariot THE VICTORIOUS
1073,Giorgio Armani,ارماني,Cuir Amethyste,جورجيو كوير أميثيس,4.12,3.7,3.2,2005,850,عطر جورجيو كوير أميثيس,Cuir Amethyste
1074,JeanPaulGaultie,جان بول غولتير,BELLE LE PARFUM INTENSE,غوتييه لا بيل لي النسائي انتنس,4.17,3.6,3.2,2019,650,عطر غوتييه لا بيل لي النسائي انتنس,BELLE LE PARFUM INTENSE
1075,JeanPaulGaultie,جان بول غولتير,Jean Paul Gaultier La Belle,غوتييه لا بيل لي النسائي,4.17,3.6,3.2,2019,440,عطر غوتييه لا بيل لي النسائي,Jean Paul Gaultier La Belle
1076,Kilian,كيليان,Black Phantom BY,بلاك فانتوم,4.07,3.8,3.2,2017,350,عطر بلاك فانتوم,Black Phantom BY
1077,Laurent Mazzone,لورنت مازون,Arsenic Osman,لورين ارسينيك اوسمان,3.92,3.8,3.5,2017,500,عطر لورين ارسينيك اوسمان,Arsenic Osman
1078,Les Indemodables,ليه إنديمودابل,Musc Des Sables,مسك سابلز,4.37,3.6,2.8,2019,770,عطر مسك سابلز,Musc Des Sables
1079,Nilafar du Nil,نيلافار دو نيل,NILUFER,,4.22,3.7,3,2021,11,,NILUFER
1080,Paco Rabanne,باكو رابان,Black XS,بلاك اكس اس الرجالي,4.07,3.6,3.4,2005,300,عطر بلاك اكس اس الرجالي,Black XS
1081,TOM FORD,توم فورد,Black Orchid Reserve,بلاك أوركيد ريزيرف من,3.97,3.8,3.4,2025,670,عطر بلاك أوركيد ريزيرف من,Black Orchid Reserve
1082,TOM FORD,توم فورد,Noir Extreme,نوار اكستريم الرجالي,4.42,3.5,2.8,2015,165,عطر نوار اكستريم الرجالي,Noir Extreme
1083,TOM FORD,توم فورد,Noir Extreme Parfum,نوار اكستريم الذهبي,4.42,3.5,2.8,2015,640,عطر نوار اكستريم الذهبي,Noir Extreme Parfum
1084,TOM FORD,توم فورد,noiR extrem,للجسم نوار اكستريم,4.42,3.5,2.8,2015,330,عطر للجسم نوار اكستريم,noiR extrem
1085,XERJOFF,زيرجوف,Nio,نيو,4.32,3.5,3,2009,950,عطر نيو,Nio
1086,Clive Christian,كلايف كريستيان,VII Queen Anne Rock Rose,كوين آن روك روز,4.22,3.6,3.1,2016,27,عطر كوين آن روك روز,VII Queen Anne Rock Rose
1087,El Ganso,الجنسو,Bravo Monsieur El,برافو مونسيور,4.27,3.7,2.9,2019,190,عطر برافو مونسيور,Bravo Monsieur El
1088,El Ganso,الجنسو,El Bravo Monsieur 2 Gift Set,طقم برافو مونسيور,4.27,3.7,2.9,2019,310,عطر طقم برافو مونسيور,El Bravo Monsieur 2 Gift Set
1089,Nishane,نيشاني,Hundred Silent Ways,هاندريد سايلنت وايز اكسترايت,4.17,3.7,3.1,2016,235,عطر هاندريد سايلنت وايز اكسترايت,Hundred Silent Ways
1090,Guerlain,غيرلان,Cherry Oud,شيري عود,3.81,4,3.5,2022,315,عطر شيري عود,Cherry Oud
1091,Kilian,كيليان,Back to Black BY,باك تو بلاك افروديسياك,4.01,3.9,3.2,2009,850,عطر باك تو بلاك افروديسياك,Back to Black BY
1092,Min New York,مين نيويورك,Pure Heart,بيور هارت,4.01,3.9,3.2,2022,700,عطر بيور هارت,Pure Heart
1093,Nasomatto,ناسوماتو,Narcotic V,ناركوتيك فينوس اكسترايت,4.11,3.6,3.3,2008,470,عطر ناركوتيك فينوس اكسترايت,Narcotic V
1094,Ormonde Jayne,اورموند جين,Montabaco Rio,ارموند مونتباكو ريو,4.01,3.8,3.3,2024,350,عطر ارموند مونتباكو ريو,Montabaco Rio
1095,Orto Parisi,اورتو باريسي,Seminalis,سيميناليس,3.71,4.2,3.5,2016,18,عطر سيميناليس,Seminalis
1096,Provenzano,بروفينزانو,Nuit de Noces Christian Parfums,كريستيان بروفنزانو نويت نوسي,4.16,3.6,3.2,2018,16,عطر كريستيان بروفنزانو نويت نوسي,Nuit de Noces Christian Parfums
1097,Sospiro,سوسبيرو,Farsa,فارسا,4.01,3.9,3.2,2025,770,عطر فارسا,Farsa
1098,XERJOFF,زيرجوف,Torino24,تورينو,4.21,3.7,3,2024,780,عطر تورينو,Torino24
1099,Alexandre,الكسندر ماكويين,Oscent White .J,جيه اوسينت وايت,4.01,3.7,3.4,2012,11,عطر جيه اوسينت وايت,Oscent White .J
1100,Thameen,ثمين,Royal Sapphire,رويال سافير,4.21,3.6,3.1,2019,760,عطر رويال سافير,Royal Sapphire
1101,Valentino,فالنتينو,Noir Absolu Musc Essence,نوار ابسولو مسك اسنس,3.86,3.8,3.6,2018,350,عطر نوار ابسولو مسك اسنس,Noir Absolu Musc Essence
1102,Van Cleef,فان كليف اند اربلز,Reve de Cashmere & Arpels,ريف كشمير,4.26,3.6,3,2017,15,عطر ريف كشمير,Reve de Cashmere & Arpels
1103,Nishane,نيشاني,HUNDRED SILENT WAYS X,هاندريد سايلنت ويز اكس,4.06,3.8,3.2,2023,1180,عطر هاندريد سايلنت ويز اكس,HUNDRED SILENT WAYS X
1104,Carolina Herrera,كارولينا,Chic,هيريرا شيك الرجالي,4.25,3.4,3.2,2004,230,عطر هيريرا شيك الرجالي,Chic
1105,Chanel,شانيل,Bleu de L’Exclusif,بلو ليكسكلوسيف,3.75,3.9,3.7,2025,20,عطر بلو ليكسكلوسيف,Bleu de L’Exclusif
1106,Givenchy,جيفنشي,Xeryus,اكسيروس,3.75,3.9,3.7,1995,200,عطر اكسيروس,Xeryus
1107,Korloff,كورلوف,Cuir Mythique,كوير ميثيك,3.95,3.7,3.5,2018,295,عطر كوير ميثيك,Cuir Mythique
1108,Mancera,مانسيرا,Choco Violette,شوكو فيوليت,3.65,4,3.8,2016,310,عطر شوكو فيوليت,Choco Violette
1109,Montale,مونتال,Intense Pepper,انتنس بيبر,3.65,4,3.8,2014,300,عطر انتنس بيبر,Intense Pepper
1110,Van Cleef,فان كليف اند اربلز,& Arpels,طقم أوردينير امبري امبريال اوركيد ليذر مون,4.15,3.6,3.2,2009,800,عطر طقم أوردينير امبري امبريال اوركيد ليذر مون,& Arpels
1111,Alghabra,الغبرا,Rejoice Parfums,ريجويس,4,4,3.1,2023,450,عطر ريجويس,Rejoice Parfums
1112,BVLGARI,بولغاري,Gemme Calaluna,لو جيم كالالونا,4,3.7,3.4,2014,600,عطر لو جيم كالالونا,Gemme Calaluna
1113,BVLGARI,بولغاري,Irina,لو جيم امبيرالي ايرينا,4.05,3.6,3.4,2016,600,عطر لو جيم امبيرالي ايرينا,Irina
1114,Carolina Herrera,كارولينا,212,هيريرا النسائي,4,3.6,3.5,1999,300,عطر هيريرا النسائي,212
1115,Conteur,كونتور,ANECDOTE,انيكدوت,4,4,3.1,2025,410,عطر انيكدوت,ANECDOTE
1116,Dunhill,دانهيل,Desire Extreme,ديزاير اكستريم,3.95,3.6,3.6,2017,200,عطر ديزاير اكستريم,Desire Extreme
1117,Emporio Armani,امبوريو ارماني,Stronger With You Amber,جورجيو سترونجر ويذ يو عنبر,4.25,3.6,3,2023,10,عطر جورجيو سترونجر ويذ يو عنبر,Stronger With You Amber
1118,Etat,ايتات ليبر دي اورانج,Experimentum Crucis Libre d'Orange,ايتا ليبري اكسبيريمينتوم كروسيس,3.85,3.9,3.5,2019,16,عطر ايتا ليبري اكسبيريمينتوم كروسيس,Experimentum Crucis Libre d'Orange
1119,Givenchy,جيفنشي,ur Fou,كور فو,4.3,3.6,2.9,2024,850,عطر كور فو,ur Fou
1120,Juliette HAG,جولييت,HAS A GUN CITIZEN QUEEN,هاز اجن سيتيزن كوين,4,3.7,3.4,2008,390,عطر هاز اجن سيتيزن كوين,HAS A GUN CITIZEN QUEEN
1121,Lalique,لاليك,Parfum,لي الاحمر,3.85,3.8,3.6,2006,190,عطر لي الاحمر,Parfum
1122,Montale,مونتال,So Amber,سو عنبر,3.6,4,3.9,2016,290,عطر سو عنبر,So Amber
1123,Parfums de Marly,مارلي,Valaya Exclusif,فالايا اكسكلوسيف,4.1,3.8,3.1,2025,17,عطر فالايا اكسكلوسيف,Valaya Exclusif
1124,Prada,برادا,Amber Pour Homme Intense,عنبر بور هوم انتنس,3.9,3.8,3.5,2011,370,عطر عنبر بور هوم انتنس,Amber Pour Homme Intense
1125,Provenzano,بروفينزانو,Christian Parfums Musc powdri,كريستيان بروفنزانو مسك بودري,4.25,3.5,3.1,2021,270,عطر كريستيان بروفنزانو مسك بودري,Christian Parfums Musc powdri
1126,Thameen,ثمين,Patiala .,باتيالا,4.2,3.6,3.1,2019,590,عطر باتيالا,Patiala .
1127,The Woods,ذا وودز كوليكشن,Dark Forest Collection,وود كولكشن دارك فورست,3.95,3.8,3.4,2016,10,عطر وود كولكشن دارك فورست,Dark Forest Collection
1128,Tiffany,تيفاني,& Co Intense,اند كو انتنس,3.85,3.8,3.6,2018,420,عطر اند كو انتنس,& Co Intense
1129,Yves Saint Laur,ايف سان لوران,Magnificent Gold LAURENT,ماكنيفسنت قولد,4.35,3.4,3,2017,750,عطر ماكنيفسنت قولد,Magnificent Gold LAURENT
1130,XERJOFF,زيرجوف,Capitale,شوتينغ ستارز لا كابيتال,4.1,3.7,3.2,2018,950,عطر شوتينغ ستارز لا كابيتال,Capitale
1131,BVLGARI,بولغاري,Desiria,بولجاري ديزيريا,4.19,3.5,3.2,2016,1200,عطر بولجاري ديزيريا,Desiria
1132,Masque Milano,ماسك ميلانو,Russian Tea,روسيان تي,4.19,3.7,3,2014,16,عطر روسيان تي,Russian Tea
1133,Moschino,موسكينو,Toy Boy,توي بوي,3.99,3.8,3.3,2019,347,عطر توي بوي,Toy Boy
1134,TizianaTerenzi,تيزيانا تيرينزي,Tiziana Terenzi Vele,فيلي اكسترايت,3.74,3.9,3.7,2017,650,عطر فيلي اكسترايت,Tiziana Terenzi Vele
1135,Dunhill,دانهيل,Century,سنشري,3.94,3.7,3.5,2018,340,عطر سنشري,Century
1136,Initio,انيشيو,Paragon Parfums Prives,باراجون,4.24,3.7,2.9,2022,770,عطر باراجون,Paragon Parfums Prives
1137,Initio,انيشيو,Parfums Prives Paragon,باراجون اودى بيرفيوم,4.24,3.7,2.9,2022,990,عطر باراجون اودى بيرفيوم,Parfums Prives Paragon
1138,TOM FORD,توم فورد,Noir Pour Femme,نوار بيور فيم النسائي,4.29,3.5,3,2015,560,عطر نوار بيور فيم النسائي,Noir Pour Femme
1139,V Canto,في كانتو,Arsenico V,أرسينيكو,3.94,3.8,3.4,2017,940,عطر أرسينيكو,Arsenico V
1140,Lorenzo,لورينزو بازاليا,Bloody Smoke Pazzaglia,لورنزو بازاجليا بلودي سموكي,3.94,3.9,3.3,2021,600,عطر لورنزو بازاجليا بلودي سموكي,Bloody Smoke Pazzaglia
1141,Lorenzo,لورينزو بازاليا,Speachless Pazzaglia,لورنزو سبيتشليس اكسترايت,4.09,3.6,3.3,2025,600,عطر لورنزو سبيتشليس اكسترايت,Speachless Pazzaglia
1142,NarcisoRodriguez,نرسيسو رودريغز,NARCISO RODRIGUEZ Amber Musc Intense,نارسيسو عنبر مسك انتنس,4.09,3.6,3.3,2013,490,عطر نارسيسو عنبر مسك انتنس,NARCISO RODRIGUEZ Amber Musc Intense
1143,Pazzaglia,لورنزو بازاجليا,Bloody Smoke Lorenzo,بلودي سموكي,3.94,3.9,3.3,2021,20,عطر بلودي سموكي,Bloody Smoke Lorenzo
1144,Yves Saint Laur,ايف سان لوران,Exquisite Embroidery LAURENT,أكسكويزت ايمبوردري,4.14,3.6,3.2,2017,800,عطر أكسكويزت ايمبوردري,Exquisite Embroidery LAURENT
1145,Chanel,شانيل,Chance Eau Tendre,شانس تندر الزهري,4.23,3.4,3.2,2010,500,عطر شانس تندر الزهري,Chance Eau Tendre
1146,BVLGARI,بولغاري,Yasep,لو جيم ياسيب,4.23,3.7,2.9,2019,320,عطر لو جيم ياسيب,Yasep
1147,BYREDO,بيريدو,BYREDO1996,,3.88,3.9,3.4,2013,650,,BYREDO1996
1148,Chanel,شانيل,Egoiste Platinum,بلاتينيوم ايجوست,4.23,3.5,3.1,1993,13,عطر بلاتينيوم ايجوست,Egoiste Platinum
1149,Francesca Bia,فرانشيسكا بيانكي,Tyger Bianchi,تايجر من,4.03,3.9,3.1,2020,30,عطر تايجر من,Tyger Bianchi
1150,Lancome,لانكوم,Idole Le Parfum,ايدول النسائي لي,3.88,3.7,3.6,2019,430,عطر ايدول النسائي لي,Idole Le Parfum
1151,jar,رامون بيجار,Anima Viva Ramon Bejar,انيما فيفا,4.48,3.5,2.6,2025,350,عطر انيما فيفا,Anima Viva Ramon Bejar
1152,AMOUAGE,امواج,Love Tuberose,لوف توبيروز,4.13,3.6,3.2,2018,250,عطر لوف توبيروز,Love Tuberose
1153,Dior,كريستيان ديور,Patchouli Imperial,باتشولي امبريال,4.13,3.6,3.2,2018,220,عطر باتشولي امبريال,Patchouli Imperial
1154,Dior,كريستيان ديور,Purple Oud,باربل عود,4.08,3.7,3.2,2018,1450,عطر باربل عود,Purple Oud
1155,Guerlain,غيرلان,Cuir Beluga,كيور بيلوغا,4.33,3.6,2.8,2005,17,عطر كيور بيلوغا,Cuir Beluga
1156,Guerlain,غيرلان,Habit Rouge,هابيت روج,4.18,3.6,3.1,1988,10,عطر هابيت روج,Habit Rouge
1157,Guerlain,غيرلان,Habit Rouge Parfum,هابيت روج,4.18,3.6,3.1,1988,470,عطر هابيت روج,Habit Rouge Parfum
1158,Guerlain,غيرلان,Shalimar,شاليمار,3.98,3.8,3.3,1990,11,عطر شاليمار,Shalimar
1159,Imaginaires,ليكويد اماجينيرز,Buveur De Vent Les Liquides,بوفور فينت,4.03,3.8,3.2,2019,650,عطر بوفور فينت,Buveur De Vent Les Liquides
1160,Lancome,لانكوم,Hypnose,هيبنوز الازرق النسائي,3.88,3.8,3.5,2005,390,عطر هيبنوز الازرق النسائي,Hypnose
1161,Nasomatto,ناسوماتو,Fantomas,فانتوماس اكسترايت,3.73,4.1,3.5,2020,530,عطر فانتوماس اكسترايت,Fantomas
1162,Dior,كريستيان ديور,Ambre Nuit,عنبر نوي,4.37,3.4,2.9,2009,240,عطر عنبر نوي,Ambre Nuit
1163,Dolce Gabbana,دولتشي غابانا,& The Only One,ذا اونلي وان,3.97,3.6,3.5,2018,10,عطر ذا اونلي وان,& The Only One
1164,Gucci,قوتشي,Guilty Absolute,غليتي ابسولوت,4.12,3.7,3.1,2017,11,عطر غليتي ابسولوت,Guilty Absolute
1165,Guerlain,غيرلان,L'Instant de pour Homme,لينستانت الرجالي,4.32,3.5,2.9,2004,300,عطر لينستانت الرجالي,L'Instant de pour Homme
1166,Guerlain,غيرلان,L’Homme Ideal Intense,لي هوم ايديل انتنس الرجالي,4.32,3.5,2.9,2018,9,عطر لي هوم ايديل انتنس الرجالي,L’Homme Ideal Intense
1167,Guerlain,غيرلان,al Intense,لي هوم ايديال انتنس,4.32,3.5,2.9,2018,260,عطر لي هوم ايديال انتنس,al Intense
1168,Valentino,فالنتينو,Donna Acqua,دونا اكوا النسائي,4.12,3.4,3.4,2017,425,عطر دونا اكوا النسائي,Donna Acqua
1169,ATELIER DES ORS,اتيليه دي اورس,Rose Omeyyade,ديس روز اومياد,4.02,3.7,3.3,2015,190,عطر ديس روز اومياد,Rose Omeyyade
1170,Giorgio Armani,ارماني,Eau de Nuit,نوي الرجالي,4.22,3.4,3.2,2013,550,عطر نوي الرجالي,Eau de Nuit
1171,Guerlain,غيرلان,L Homme Ideal Extreme,لي هوم ايديل اكستريم الرجالي,4.37,3.5,2.8,2020,10,عطر لي هوم ايديل اكستريم الرجالي,L Homme Ideal Extreme
1172,Histoires De Parfums,هيستورا,Rent,ايريفرانت هيستوريس,4.02,3.7,3.3,2017,610,عطر ايريفرانت هيستوريس,Rent
1173,J.F.,جي أف شوارزلوس برلين,Leder 6 J.F. Schwarzlose Berlin,ليدر,4.22,3.6,3,2015,25,عطر ليدر,Leder 6 J.F. Schwarzlose Berlin
1174,MEMO PARIS,ميمو باريس,Italian Leather,كويرس نومادز إيطاليان ليذر,4.02,3.8,3.2,2013,550,عطر كويرس نومادز إيطاليان ليذر,Italian Leather
1175,Montale,مونتال,Orchid Powder,اوركيد باودر,3.52,4,4,2018,350,عطر اوركيد باودر,Orchid Powder
1176,Naomi Goodsir,نعومي قودسير,Bois d'Ascese,بوا داسيسي,4.17,3.7,3,2012,600,عطر بوا داسيسي,Bois d'Ascese
1177,Nishane,نيشاني,Meant To Be Seen,مينت تو بي سين,4.17,3.7,3,2025,900,عطر مينت تو بي سين,Meant To Be Seen
1178,Perris Monte Carlo,بيريز,Patchouli Nosy Be,باتشولي نوزي بيري مونت كارلو,4.07,3.7,3.2,2014,520,عطر باتشولي نوزي بيري مونت كارلو,Patchouli Nosy Be
1179,Roberto Cavalli,روبرتو كفالي,Supreme Sandal,كافالي سوبريم صندل,4.22,3.4,3.2,2016,720,عطر كافالي سوبريم صندل,Supreme Sandal
1180,Thameen,ثمين,Insignia,مركز انسيجنيا,4.17,3.7,3,2022,16,عطر مركز انسيجنيا,Insignia
1181,TizianaTerenzi,تيزيانا تيرينزي,TIZIANA TERENZI Spirito Fiorentino,سبيريتو فيورينتينو,3.87,3.8,3.5,2019,600,عطر سبيريتو فيورينتينو,TIZIANA TERENZI Spirito Fiorentino
1182,Boucheron,بوشرون,Patchouli D’Angkor,باتشولي انكور,3.96,3.7,3.4,2019,600,عطر باتشولي انكور,Patchouli D’Angkor
1183,Les Indemodables,ليه إنديمودابل,Me,امبر سوبريم,4.21,3.7,2.9,2021,780,عطر امبر سوبريم,Me
1184,BYREDO,بيريدو,Accord Oud,اكورد عود,4.06,3.7,3.2,2010,700,عطر اكورد عود,Accord Oud
1185,Clive Christian,كلايف كريستيان,Matsukita,ماتسوكيتا,4.16,3.7,3,2021,35,عطر ماتسوكيتا,Matsukita
1186,Clive Christian,كلايف كريستيان,Travel Set -,طقم كراون كوليكشن ترافيلر,4.16,3.7,3,2021,800,عطر طقم كراون كوليكشن ترافيلر,Travel Set -
1187,Electimuss,الكتيموس,Black Caviar,اليكتيموس بلاك كافيار,3.91,3.9,3.3,2019,20,عطر اليكتيموس بلاك كافيار,Black Caviar
1188,Givenchy,جيفنشي,L'Interdit Absolu Intense,لانترديت أبسولو أنتس,4.16,3.6,3.1,2024,400,عطر لانترديت أبسولو أنتس,L'Interdit Absolu Intense
1189,Hugo Boss,هوغو بوس,Deep Red,ديب ان رد النسائي,4.01,3.6,3.4,2001,215,عطر ديب ان رد النسائي,Deep Red
1190,Initio,انيشيو,Addictive Vibration Parfums Prives,أديكتيف فيبريشن,4.01,3.7,3.3,2016,770,عطر أديكتيف فيبريشن,Addictive Vibration Parfums Prives
1191,Issey Miyake,ايسي مياكي,L'Eau Bleue d' Pour Homme,لو بلو الرجالي,4.21,3.5,3.1,2004,10,عطر لو بلو الرجالي,L'Eau Bleue d' Pour Homme
1192,Loewe,لويفي,Solo Platinum,لوي سولو بلاتينيوم,4.11,3.6,3.2,2012,350,عطر لوي سولو بلاتينيوم,Solo Platinum
1193,MEMO PARIS,ميمو باريس,Tiger's Nest,تايجرز نيست,4.01,3.7,3.3,2018,650,عطر تايجرز نيست,Tiger's Nest
1194,Olfattivo,لابوراتوريو,Oud in White - Labratorio,عود ان وايت,3.91,3.9,3.3,2024,750,عطر عود ان وايت,Oud in White - Labratorio
1195,Ormonde Jayne,اورموند جين,Montabaco Verano,ارموند مونتباكو فيرانو,4.31,3.5,2.9,2022,900,عطر ارموند مونتباكو فيرانو,Montabaco Verano
1196,Ormonde Jayne,اورموند جين,Muscat,أورموند جاين مسقط,4.01,3.8,3.2,2021,750,عطر أورموند جاين مسقط,Muscat
1197,Pana Dora,بانا دورا,Grand Musk,جراند مسك من,3.86,3.9,3.4,2021,800,عطر جراند مسك من,Grand Musk
1198,TOM FORD,توم فورد,Oud Fleur,عود فلير,4.11,3.6,3.2,2013,1280,عطر عود فلير,Oud Fleur
1199,Tom Daxon,توم داكسون,Riven Oak,ريفين أوك,4.31,3.5,2.9,2017,500,عطر ريفين أوك,Riven Oak
1200,XERJOFF,زيرجوف,Golden Moka,قولدن موكا,4.11,3.6,3.2,2018,1020,عطر قولدن موكا,Golden Moka
1201,Yves Saint Laur,ايف سان لوران,LAURENT M7 Oud Absolu,ام عود ابسولو,4.31,3.5,2.9,2011,13,عطر ام عود ابسولو,LAURENT M7 Oud Absolu
1202,M Micallef,ميكاليف,Royal Vintage M.,رويال فنتج,4.31,3.3,3.1,2013,15,عطر رويال فنتج,Royal Vintage M.
1203,Jeroboam,جيروبوم,Hauto,جيروبام هاوتو,3.95,3.7,3.4,2015,380,عطر جيروبام هاوتو,Hauto
1204,Alghabra,الغبرا,City of Jasmine Parfums,ستي اوف جاسمين,4.05,3.6,3.3,2018,480,عطر ستي اوف جاسمين,City of Jasmine Parfums
1205,Atelier Cologne,اتيليه كولون,Oud Saphir,اتيلير عود سافير,4.1,3.6,3.2,2015,212,عطر اتيلير عود سافير,Oud Saphir
1206,BVLGARI,بولغاري,Splendida Rose,سبلنديدا روز,4,3.6,3.4,2017,260,عطر سبلنديدا روز,Splendida Rose
1207,CREED,كريد,Royal Oud,رويال عود,4.35,3.5,2.8,2011,320,عطر رويال عود,Royal Oud
1208,Carolina Herra,كارولينا هيريرا,Herrera CH Men Prive,برايفت الرجالي,4.1,3.4,3.4,2015,450,عطر برايفت الرجالي,Herrera CH Men Prive
1209,Carolina Herra,كارولينا هيريرا,Red,روز رد النسائي,4.1,3.5,3.3,2020,250,عطر روز رد النسائي,Red
1210,Cartier,كارتير,L'Envol,لونفول,3.9,3.8,3.4,2016,310,عطر لونفول,L'Envol
1211,Chanel,شانيل,Exclusifs de Sycomore,سيكومور,4.35,3.3,3,2008,1480,عطر سيكومور,Exclusifs de Sycomore
1212,Clive Christian,كلايف كريستيان,XXI ART DECO AMBERWOOD,ارت ديكو عنبر وود,4.25,3.6,2.9,2022,700,عطر ارت ديكو عنبر وود,XXI ART DECO AMBERWOOD
1213,Dorsay,دورساي,Oud et Bois D’ORSAY,عود إيت بويس,4,3.5,3.5,2014,915,عطر عود إيت بويس,Oud et Bois D’ORSAY
1214,Du Bois,دو بوا,Sirene Fragrance,فراغرنس سيرين,4.05,3.7,3.2,2024,18,عطر فراغرنس سيرين,Sirene Fragrance
1215,D’ORSAY,دورساي,Oud et Bois,عود إيت بويس,4,3.5,3.5,2014,35,عطر عود إيت بويس,Oud et Bois
1216,Givenchy,جيفنشي,Eaudemoiselle,اوودوموازيل جينفشي,3.6,4,3.8,2012,490,عطر اوودوموازيل جينفشي,Eaudemoiselle
1217,Gucci,قوتشي,Bloom Nettare di Fiori,بلوم نيتار فيوري انتنس,3.85,3.7,3.6,2018,500,عطر بلوم نيتار فيوري انتنس,Bloom Nettare di Fiori
1218,Guerlain,غيرلان,Neroli Plein Sud,نيرولي بلين سود,4.1,3.8,3,2024,320,عطر نيرولي بلين سود,Neroli Plein Sud
1219,Issey Miyake,ايسي مياكي,Sel d’,لو سيل إيسي,4.3,3.6,2.8,2024,290,عطر لو سيل إيسي,Sel d’
1220,JeanPaulGaultie,جان بول غولتير,Jean Paul Gaultier Le Male Terrible,لومال تربل الرجالي,3.7,3.9,3.7,2010,300,عطر لومال تربل الرجالي,Jean Paul Gaultier Le Male Terrible
1221,Jeroboam,جيروبوم,Miksado,جيروبام مسكادو اكسترايت,3.95,3.8,3.3,2015,460,عطر جيروبام مسكادو اكسترايت,Miksado
1222,Lancome,لانكوم,Chloe,كلوي ربطة,3.75,3.9,3.6,2007,350,عطر كلوي ربطة,Chloe
1223,MEMO PARIS,ميمو باريس,Russian Leather,روشيان ليذر,3.85,3.8,3.5,2016,550,عطر روشيان ليذر,Russian Leather
1224,Mancera,مانسيرا,Pearl,بيرل,3.7,3.9,3.7,2016,340,عطر بيرل,Pearl
1225,Montale,مونتال,Wild Aoud,وايلد عود,3.45,4.3,3.8,2009,200,عطر وايلد عود,Wild Aoud
1226,Prada,برادا,L'Homme Water Splash,ال هوم واتر سبلاش الرجالي,4.05,3.6,3.3,2019,340,عطر ال هوم واتر سبلاش الرجالي,L'Homme Water Splash
1227,TOM FORD,توم فورد,Eau d'Ombre Leather,اومبري ليذر,4.3,3.6,2.8,2024,580,عطر اومبري ليذر,Eau d'Ombre Leather
1228,The Woods,ذا وودز كوليكشن,Collection Sunrise,كولكشن صان رايز,3.95,3.8,3.3,2020,10,عطر كولكشن صان رايز,Collection Sunrise
1229,Valentino,فالنتينو,Valentina Rosa Assoluto,روزا اسولوتو,3.7,4,3.6,2014,340,عطر روزا اسولوتو,Valentina Rosa Assoluto
1230,XERJOFF,زيرجوف,Ascot Moon,جوين ذا كلوب أسكوت مون,3.6,4,3.8,2012,770,عطر جوين ذا كلوب أسكوت مون,Ascot Moon
1231,Yves Saint Laur,ايف سان لوران,Laurent Y,النسائي,3.75,3.8,3.7,2018,250,عطر النسائي,Laurent Y
1232,Boucheron,بوشرون,Quatre Absolu de Nuit,كواتر ابسولو نوي الرجالي,3.8,3.8,3.6,2017,270,عطر كواتر ابسولو نوي الرجالي,Quatre Absolu de Nuit
1233,Chloe,كلوي,Nomade,نوماد,3.8,3.8,3.6,2018,370,عطر نوماد,Nomade
1234,Dior,كريستيان ديور,J'adore,جادور,3.8,3.8,3.6,1999,390,عطر جادور,J'adore
1235,Giorgio Armani,ارماني,Code Ultimate,كود التيميت الرجالي,3.8,3.8,3.6,2012,420,عطر كود التيميت الرجالي,Code Ultimate
1236,Hugo Boss,هوغو بوس,Bottled Oud,بوتلد عود,3.8,3.8,3.6,,240,عطر بوتلد عود,Bottled Oud
1237,NarcisoRodriguez,نرسيسو رودريغز,Narciso Rodriguez Fleur Musc,نارسيسو فلور مسك,3.8,3.8,3.6,2017,480,عطر نارسيسو فلور مسك,Narciso Rodriguez Fleur Musc
1238,Unique'e Luxury,يونيك لاكجري,Aphrodisiac Touch,افروديزياك تاتش لكجري,3.8,3.8,3.6,2018,675,عطر افروديزياك تاتش لكجري,Aphrodisiac Touch
1239,Paco Rabanne,باكو رابان,Invictus Victory Extreme,انفكتوس فيكتوري اكستريم,4.19,3.7,2.9,2021,370,عطر انفكتوس فيكتوري اكستريم,Invictus Victory Extreme
1240,Aramis,اراميس,900,,3.99,3.7,3.3,1966,250,,900
1241,Aramis,اراميس,Classic,كلاسيك,3.99,3.7,3.3,1966,170,عطر كلاسيك,Classic
1242,BDK Parfums,بي دي كي,Pas Ce Soir Extrait,باس سي سوار اكسترايت,4.04,3.7,3.2,2023,800,عطر باس سي سوار اكسترايت,Pas Ce Soir Extrait
1243,Boadicea,بوديسيا ذا فيكتوريوس,Empire THE VICTORIOUS,أمبير,4.19,3.5,3.1,2016,20,عطر أمبير,Empire THE VICTORIOUS
1244,Burberry,بربري,Her,هير,3.89,3.6,3.6,2018,400,عطر هير,Her
1245,CREED,كريد,Bois du Portugal,بويس بورتغال,4.19,3.6,3,1987,1150,عطر بويس بورتغال,Bois du Portugal
1246,Carolina Herra,كارولينا هيريرا,Good Girl Dot Drama Collector Edition Herrera,جود جيرل دوت دراما اودى بيرفيوم,4.04,3.5,3.4,2019,460,عطر جود جيرل دوت دراما اودى بيرفيوم,Good Girl Dot Drama Collector Edition Herrera
1247,Francesca Bia,فرانشيسكا بيانكي,Lost In Heaven Bianchi,لوست إن هيفن,3.89,3.9,3.3,2019,27,عطر لوست إن هيفن,Lost In Heaven Bianchi
1248,Gucci,قوتشي,Guilty Absolute Pour Femme,غليتي ابسولوت النسائي,3.99,3.6,3.4,2018,450,عطر غليتي ابسولوت النسائي,Guilty Absolute Pour Femme
1249,Guerlain,غيرلان,Chamade,شاماد,4.24,3.4,3.1,1969,460,عطر شاماد,Chamade
1250,Houbigant,هوبيجان,Ambre Rubis and men,هوبيجانت عنبر روبي اكستريم,4.24,3.6,2.9,2024,600,عطر هوبيجانت عنبر روبي اكستريم,Ambre Rubis and men
1251,Mancera,مانسيرا,Pink Prestigium,بينك بريستيجيوم,4.04,3.5,3.4,2016,330,عطر بينك بريستيجيوم,Pink Prestigium
1252,Mancera,مانسيرا,Tonka Cola,تونكا كولا ادو,4.04,3.7,3.2,2022,10,عطر تونكا كولا ادو,Tonka Cola
1253,Ormonde Jayne,اورموند جين,Ambre Royal,ارموند عنبر رويال,4.04,3.7,3.2,2016,260,عطر ارموند عنبر رويال,Ambre Royal
1254,Parfums de Marly,مارلي,Percival,برسيفال,4.24,3.6,2.9,2018,250,عطر برسيفال,Percival
1255,Perris Monte Carlo,بيريز,Ambre Gris,بيريس مونتي كارلو أمبير جريس,3.89,3.8,3.4,2012,465,عطر بيريس مونتي كارلو أمبير جريس,Ambre Gris
1256,Sisley,سيسلي,Soir d'Orient,سوار دورينت,3.89,3.7,3.5,2015,11,عطر سوار دورينت,Soir d'Orient
1257,TizianaTerenzi,تيزيانا تيرينزي,TIZIANA TERENZI Orion,اوريون,4.09,3.6,3.2,2015,15,عطر اوريون,TIZIANA TERENZI Orion
1258,Vilhelm,فيلهلم,THE OUD AFFAIR Parfumerie,ذا عود افير,3.99,3.8,3.2,2015,175,عطر ذا عود افير,THE OUD AFFAIR Parfumerie
1259,XERJOFF,زيرجوف,Mefisto,ميفيستو,4.24,3.5,3,2009,800,عطر ميفيستو,Mefisto
1260,XERJOFF,زيرجوف,Purple Accento,بربل أكسينتو,3.94,3.7,3.4,2025,1630,عطر بربل أكسينتو,Purple Accento
1261,XERJOFF,زيرجوف,erjoff Mefisto,مفيستو,4.24,3.5,3,2009,400,عطر مفيستو,erjoff Mefisto
1262,YSL,ايف سان لوران,Yves Saint Laurent Black Opium Neon,بلاك اوبيوم نيون,3.89,3.6,3.6,2020,420,عطر بلاك اوبيوم نيون,Yves Saint Laurent Black Opium Neon
1263,A Lab on Fire,ايه لاب اون فاير,Liquidnight A on,ليكويد نايت,4.14,3.6,3.1,2012,320,عطر ليكويد نايت,Liquidnight A on
1264,FREDERIC MALLE,فريدريك مال,Noir Epices,نوير إبيسيز,3.93,3.7,3.4,2000,1000,عطر نوير إبيسيز,Noir Epices
1265,Ferrari,فيراري,Scuderia Forte,سكوديريا فورتي,4.13,3.5,3.2,2017,170,عطر سكوديريا فورتي,Scuderia Forte
1266,Guerlain,غيرلان,Absolus Allegoria Rose Amira,جيرلان ابسولو اليغوريا روز اميرا,4.13,3.7,3,2024,720,عطر جيرلان ابسولو اليغوريا روز اميرا,Absolus Allegoria Rose Amira
1267,Guerlain,غيرلان,Rose Amira,روز اميرا,4.13,3.7,3,2024,640,عطر روز اميرا,Rose Amira
1268,Louis Vuitton,لويس فيتون,Heures d'Absence,هورس ابسنس,4.23,3.5,3,2020,990,عطر هورس ابسنس,Heures d'Absence
1269,Mancera,مانسيرا,Amber Fever,عنبر فيفر,3.98,3.7,3.3,2019,340,عطر عنبر فيفر,Amber Fever
1270,Montale,مونتال,Pure Gold,بيور قولد,3.73,4,3.5,2009,330,عطر بيور قولد,Pure Gold
1271,Naomi Goodsir,نعومي قودسير,Corpus Equus,كوربوس ايكوس,3.93,3.8,3.3,2021,600,عطر كوربوس ايكوس,Corpus Equus
1272,Serge Lutens,سيرج لوتنس,Chergui,شيرجي,4.23,3.6,2.9,2001,14,عطر شيرجي,Chergui
1273,TOM FORD,توم فورد,Velvet Orchid,فيلفيت اوركيد,4.03,3.6,3.3,2014,490,عطر فيلفيت اوركيد,Velvet Orchid
1274,Valentino,فالنتينو,Valentina Pink,فالنتينا بنك,3.98,3.6,3.4,2015,370,عطر فالنتينا بنك,Valentina Pink
1275,Vertus,فيرتس,Ombre,فيرتوس امبر,3.68,3.9,3.7,2016,650,عطر فيرتوس امبر,Ombre
1276,Boadicea,بوديسيا ذا فيكتوريوس,Rebellious,ريباليس,4.18,3.5,3.1,2019,240,عطر ريباليس,Rebellious
1277,Carolina Herrera,كارولينا,212 VIP,هيريرا النسائي,3.88,3.6,3.6,2011,300,عطر هيريرا النسائي,212 VIP
1278,Dior,كريستيان ديور,MISS CLASSIC,مس كلاسيك,4.13,3.6,3.1,1947,380,عطر مس كلاسيك,MISS CLASSIC
1279,Mugler,موغلر,Womanity,تيري وومانيتي,3.68,4,3.6,2010,390,عطر تيري وومانيتي,Womanity
1280,Thameen,ثمين,Peacock Throne .,بيكوك ثرون,3.88,3.8,3.4,2013,570,عطر بيكوك ثرون,Peacock Throne .
1281,TizianaTerenzi,تيزيانا تيرينزي,Libra TIZIANA TERENZI,ترينزى ليبرا اودى بيرفيوم,3.88,3.8,3.4,2022,610,عطر ترينزى ليبرا اودى بيرفيوم,Libra TIZIANA TERENZI
1282,CREED,كريد,Aventus,افينتوس,4.32,3.4,2.9,2010,725,عطر افينتوس,Aventus
1283,Cartier,كارتير,Baiser Vole,بيزى فوليه,4.07,3.6,3.2,2011,390,عطر بيزى فوليه,Baiser Vole
1284,Estee Lauder,استي لودر,Aliage,إستي ألياج,4.07,3.5,3.3,1972,285,عطر إستي ألياج,Aliage
1285,Givenchy,جيفنشي,L'Interdit,لو إنتيرديت رذاذ للشعر,3.97,3.7,3.3,2018,285,عطر لو إنتيرديت رذاذ للشعر,L'Interdit
1286,Givenchy,جيفنشي,L'Interdit Intense,لا انترديت انتنس,3.97,3.7,3.3,2018,11,عطر لا انترديت انتنس,L'Interdit Intense
1287,Givenchy,جيفنشي,L’Interdit,لا نتيرديت اودي,3.97,3.7,3.3,2018,13,عطر لا نتيرديت اودي,L’Interdit
1288,Masque Milano,ماسك ميلانو,Petra,البتراء,3.92,3.8,3.3,2020,400,عطر البتراء,Petra
1289,Mugler,موغلر,Thierry Oriental Express .,تيري اورينتال اكسبريس,4.17,3.4,3.2,2014,600,عطر تيري اورينتال اكسبريس,Thierry Oriental Express .
1290,Roja Parfums,روجا بارفيومز,Isola Blu Parfum,إيزولا بلو,4.32,3.5,2.8,2023,24,عطر إيزولا بلو,Isola Blu Parfum
1291,Sospiro,سوسبيرو,Classica,كلاسيكا,3.47,4.3,3.7,2014,850,عطر كلاسيكا,Classica
1292,BVLGARI,بولغاري,Selima,لو جيم اوريتالي سليمة,3.92,3.7,3.4,2015,950,عطر لو جيم اوريتالي سليمة,Selima
1293,Boadicea,بوديسيا ذا فيكتوريوس,Decade THE VICTORIOUS,ديكاد,4.02,3.5,3.4,2019,1200,عطر ديكاد,Decade THE VICTORIOUS
1294,Carner Barcelona,كارنر برشلونة,Cuirs,كويرز,4.07,3.7,3.1,2011,430,عطر كويرز,Cuirs
1295,Clive Christian,كلايف كريستيان,Iconic Masculin,ايكونيك ماسكيولين,4.22,3.5,3,2025,1450,عطر ايكونيك ماسكيولين,Iconic Masculin
1296,Costume Natio,كوستوم ناشونال,Scent Intense NATIONAL,كوستم سنت انتنس,4.22,3.5,3,2002,10,عطر كوستم سنت انتنس,Scent Intense NATIONAL
1297,Histoires De Parfums,هيستورا,This Is Not A Blue Bottle,هيستوريس,3.77,3.8,3.6,2017,16,عطر هيستوريس,This Is Not A Blue Bottle
1298,Montale,مونتال,Tropical Wood,تروبيكال وود,3.47,4.1,3.9,2016,340,عطر تروبيكال وود,Tropical Wood
1299,Pana Dora,بانا دورا,Blom Bukett,بلوم بوكيت من بانادورا,3.92,3.6,3.5,2019,800,عطر بلوم بوكيت من بانادورا,Blom Bukett
1300,Rochas,روشاس,Femme,فيمي الاسود,4.12,3.6,3.1,1944,235,عطر فيمي الاسود,Femme
1301,Serge Lutens,سيرج لوتنس,AMBRE SULTAN,عنبر سلطان,4.17,3.6,3,1993,15,عطر عنبر سلطان,AMBRE SULTAN
1302,TizianaTerenzi,تيزيانا تيرينزي,Tiziana Terenzi Arethusa,اريثوزا اكسترايت,3.77,3.8,3.6,2014,650,عطر اريثوزا اكسترايت,Tiziana Terenzi Arethusa
1303,XERJOFF,زيرجوف,Dolce Amalfi,كاساموراتي دولتشي أمالفي,4.12,3.6,3.1,2017,240,عطر كاساموراتي دولتشي أمالفي,Dolce Amalfi
1304,XERJOFF,زيرجوف,Red Hoba,شوتينغ ستارز ريد هوبا,3.72,3.9,3.6,2014,20,عطر شوتينغ ستارز ريد هوبا,Red Hoba
1305,XERJOFF,زيرجوف,Uden Overdose,شوتنيج ستارز أودن اوفردوز,4.17,3.6,3,2018,770,عطر شوتنيج ستارز أودن اوفردوز,Uden Overdose
1306,Electimuss,الكتيموس,Imperium,اليكتيموس إمبريوم,4.27,3.6,2.8,2020,775,عطر اليكتيموس إمبريوم,Imperium
1307,Nilafar du Nil,نيلافار دو نيل,TANIS TABAC,تانيس تاباك,4.02,3.6,3.3,2022,11,عطر تانيس تاباك,TANIS TABAC
1308,Renier Perfumes,رينيي,Habana 500,هابانا رونيي,4.02,3.7,3.2,2019,650,عطر هابانا رونيي,Habana 500
1309,BYREDO,بيريدو,Sellier,سيلير نايت فيلز,4.11,3.7,3,2019,1150,عطر سيلير نايت فيلز,Sellier
1310,Dunhill,دانهيل,London Sinature Collection British Leather,لندن سيقنيتشر كوليكشن بريتش ليذر,4.11,3.5,3.2,2019,390,عطر لندن سيقنيتشر كوليكشن بريتش ليذر,London Sinature Collection British Leather
1311,JeanPaulGaultie,جان بول غولتير,Jean Paul Gaultier SO Scandal - Eau De Perfum,سو سكاندال,4.11,3.5,3.2,2020,11,عطر سو سكاندال,Jean Paul Gaultier SO Scandal - Eau De Perfum
1312,Korloff,كورلوف,In White Intense Paris,إن وايت إنتنس,4.11,3.7,3,,230,عطر إن وايت إنتنس,In White Intense Paris
1313,Parfums de Marly,مارلي,Delina,ديلينا,3.96,3.7,3.3,2017,700,عطر ديلينا,Delina
1314,Parfums de Marly,مارلي,Delina Hair,ديلينا للشعر,3.96,3.7,3.3,2017,270,عطر ديلينا للشعر,Delina Hair
1315,Thameen,ثمين,LONDON THE CORA,ذا كورا,4.11,3.5,3.2,2017,600,عطر ذا كورا,LONDON THE CORA
1316,jar,رامون بيجار,Magnum Iris Ramon Bejar,ماغنوم ايريس,4.16,3.3,3.3,2014,340,عطر ماغنوم ايريس,Magnum Iris Ramon Bejar
1317,Alexandre,الكسندر ماكويين,Silver Ombre .J,جي ذا كولكيتور سيلفر اومبر,3.86,3.7,3.5,2012,11,عطر جي ذا كولكيتور سيلفر اومبر,Silver Ombre .J
1318,Azzaro,ازارو,Forever Wanted Elixir Parfum,أزارو فوريفر وانتد إليكسر,4.21,3.6,2.9,2025,320,عطر أزارو فوريفر وانتد إليكسر,Forever Wanted Elixir Parfum
1319,Burberry,بربري,My Blush,ماي بلاش,3.91,3.6,3.5,2017,11,عطر ماي بلاش,My Blush
1320,JeanPaulGaultie,جان بول غولتير,Scandal Le Parfum Jean Paul Gaultier,غوتييه سكاندال لي,3.86,3.8,3.4,2017,450,عطر غوتييه سكاندال لي,Scandal Le Parfum Jean Paul Gaultier
1321,Juliette HAG,جولييت,Vengeance Extreme Has A Gun,هاز اجن فنجنز اكستريم,4.01,3.5,3.4,2011,320,عطر هاز اجن فنجنز اكستريم,Vengeance Extreme Has A Gun
1322,Min New York,مين نيويورك,Old School Bench,أولد سكول بنش,4.06,3.7,3.1,2014,575,عطر أولد سكول بنش,Old School Bench
1323,Prada,برادا,L'homme,ال هوم الرجالي الاسود,4.46,3.4,2.6,2016,200,عطر ال هوم الرجالي الاسود,L'homme
1324,Houbigant,هوبيجان,Quelques Fleurs,هوبيجانت كلك فلور لو أورجينال,4.06,3.6,3.2,1912,350,عطر هوبيجانت كلك فلور لو أورجينال,Quelques Fleurs
1325,Reminiscence,ريمانسس,Patchouli,باتشولي من ريمنسيس,4.06,3.6,3.2,1970,10,عطر باتشولي من ريمنسيس,Patchouli
1326,Cartier,كارتير,Panthere Parfum,لابانتير,3.95,3.7,3.3,2014,395,عطر لابانتير,Panthere Parfum
1327,Karl Lagerfeld,كارل لاغرفيلد,Classic,كلاكسيك,3.95,3.7,3.3,1978,210,عطر كلاكسيك,Classic
1328,BVLGARI,بولغاري,Black,بلاك الرجالي,3.95,3.6,3.4,2014,250,عطر بلاك الرجالي,Black
1329,BVLGARI,بولغاري,Man,مان,3.95,3.6,3.4,2014,200,عطر مان,Man
1330,BVLGARI,بولغاري,Man Black,مان بلاك,3.95,3.6,3.4,2014,200,عطر مان بلاك,Man Black
1331,Boucheron,بوشرون,Place Vendome White Gold,بالاس فاندوم وايت قولد,3.75,3.8,3.6,2015,310,عطر بالاس فاندوم وايت قولد,Place Vendome White Gold
1332,Carolina Herra,كارولينا هيريرا,Herrera CH Grand Tour,جراند تور الازرق,3.75,3.8,3.6,2014,200,عطر جراند تور الازرق,Herrera CH Grand Tour
1333,Clive Christian,كلايف كريستيان,XXI Art Deco Vanilla Orchid,نوبل آرت ديكو فانيلا أوركيد,4.25,3.3,3.1,2018,30,عطر نوبل آرت ديكو فانيلا أوركيد,XXI Art Deco Vanilla Orchid
1334,Franck Boclet,فرانك بوكليت,Tobacco,توباكو,4.2,3.5,3,2014,355,عطر توباكو,Tobacco
1335,Hugo Boss,هوغو بوس,Extreme,مان اكستريم,3.8,3.7,3.6,2016,240,عطر مان اكستريم,Extreme
1336,Le Labo,لي لابو,The Noir 29 Le,ذا نوار,4.2,3.6,2.9,2015,1050,عطر ذا نوار,The Noir 29 Le
1337,Min New York,مين نيويورك,Blak Star,بلاك ستار,3.7,3.9,3.6,2022,500,عطر بلاك ستار,Blak Star
1338,Roja Parfums,روجا بارفيومز,Enigma Aoud Dove,انجما عود,4.25,3.5,2.9,2018,550,عطر انجما عود,Enigma Aoud Dove
1339,Yves Saint Laur,ايف سان لوران,Blouse LAURENT,بلوز,3.95,3.6,3.4,2018,750,عطر بلوز,Blouse LAURENT
1340,AMOUAGE,امواج,Lyric,ليريك الرجالي,4.05,3.6,3.2,2008,16,عطر ليريك الرجالي,Lyric
1341,BYREDO,بيريدو,Oud Immortel,عود إمورتال,4,3.7,3.2,2010,275,عطر عود إمورتال,Oud Immortel
1342,Francesca Bia,فرانشيسكا بيانكي,Angel's Dust Bianchi,انجل دست,3.95,3.8,3.2,2016,450,عطر انجل دست,Angel's Dust Bianchi
1343,Initio,انيشيو,Oud for Happiness Parfums Prives,عود فور هابينيس,3.9,3.8,3.3,2021,800,عطر عود فور هابينيس,Oud for Happiness Parfums Prives
1344,Nishane,نيشاني,Wulong Cha,أولونغ شا,4.25,3.6,2.8,2015,780,عطر أولونغ شا,Wulong Cha
1345,Olfattivo,لابوراتوريو,Nerotic - Labratorio,نوراتیك ادو بارفیوم,4.05,3.6,3.2,2016,550,عطر نوراتیك ادو بارفیوم,Nerotic - Labratorio
1346,Ralph Lauren,رالف لورين,Polo,بولو جرين,3.8,3.8,3.5,1978,325,عطر بولو جرين,Polo
1347,Ralph Lauren,رالف لورين,Polo 67,بولو,3.8,3.8,3.5,1978,10,عطر بولو,Polo 67
1348,Roja Parfums,روجا بارفيومز,Reckless,دوف ريكلس,4.2,3.3,3.2,2011,1800,عطر دوف ريكلس,Reckless
1349,XERJOFF,زيرجوف,Accento,اكسنتو,3.95,3.8,3.2,2019,750,عطر اكسنتو,Accento
1350,XERJOFF,زيرجوف,Groove Xcape,جروف اكسكاب,3.85,3.9,3.3,2023,800,عطر جروف اكسكاب,Groove Xcape
1351,Diesel,ديزل,Only The Brave Extreme,اونلي ذا بريف إكستريم,3.84,3.8,3.4,2016,285,عطر اونلي ذا بريف إكستريم,Only The Brave Extreme
1352,Dior,كريستيان ديور,Vanilla Diorama,فانيلا ديوراما,4.14,3.7,2.9,2021,15,عطر فانيلا ديوراما,Vanilla Diorama
1353,Initio,انيشيو,Rehab Parfums Prives,ريهاب إكستريه,4.24,3.5,2.9,2018,750,عطر ريهاب إكستريه,Rehab Parfums Prives
1354,NarcisoRodriguez,نرسيسو رودريغز,Narciso Rodriguez Jasmine Musc Intense,نارسيسو جاسمين مسك انتنس,4.24,3.5,2.9,2022,440,عطر نارسيسو جاسمين مسك انتنس,Narciso Rodriguez Jasmine Musc Intense
1355,XERJOFF,زيرجوف,Pizzi,كواترو بيتزي,4.04,3.7,3.1,2024,260,عطر كواترو بيتزي,Pizzi
1356,XERJOFF,زيرجوف,Quattro Pizzi,كواترو بيتزي,4.04,3.7,3.1,2024,770,عطر كواترو بيتزي,Quattro Pizzi
1357,YSL,ايف سان لوران,Yves Saint Laurent Black Opium Floral Shock,بلاك اوبيوم فلورال شوك,3.99,3.5,3.4,2017,480,عطر بلاك اوبيوم فلورال شوك,Yves Saint Laurent Black Opium Floral Shock
1358,Yves Saint Laur,ايف سان لوران,Rouge Velours LAURENT,روج فلورس,4.19,3.5,3,2021,1100,عطر روج فلورس,Rouge Velours LAURENT
1359,Conteur,كونتور,MYTHIC,ميثك,4.14,3.6,3,2025,13,عطر ميثك,MYTHIC
1360,Du Bois,دو بوا,Oud Jaune Intense Fragrance,فراغرانس عود جون,4.09,3.6,3.1,2013,1150,عطر فراغرانس عود جون,Oud Jaune Intense Fragrance
1361,Giorgio Armani,ارماني,Cuir Noir,برايف كيور نوار انتنس,4.29,3.3,3,2011,240,عطر برايف كيور نوار انتنس,Cuir Noir
1362,Gucci,قوتشي,Guilty Pour Femme Intense,غليتي بور فيم الابيض انتنس,3.94,3.8,3.2,2022,450,عطر غليتي بور فيم الابيض انتنس,Guilty Pour Femme Intense
1363,Louis Vuitton,لويس فيتون,Etoile Filante,ايتوال فيلانتي,3.89,3.8,3.3,2021,950,عطر ايتوال فيلانتي,Etoile Filante
1364,Mont Blanc,مونت بلانك,Legend Night,ليجند نايت,4.19,3.3,3.2,2017,230,عطر ليجند نايت,Legend Night
1365,Nicolai,نيكولاي,Number One Intense Parfumeur,نمبر ون إنتنس,3.99,3.7,3.2,,440,عطر نمبر ون إنتنس,Number One Intense Parfumeur
1366,Paradis,باردايس,Utopia des Sens pour homme et femme,يوتوبيا,4.09,3.7,3,2020,370,عطر يوتوبيا,Utopia des Sens pour homme et femme
1367,Pazzaglia,لورنزو بازاجليا,Sweet Xplosion Lorenzo,سويت اكسبلوجن,3.79,3.8,3.5,2023,20,عطر سويت اكسبلوجن,Sweet Xplosion Lorenzo
1368,Roberto Cavalli,روبرتو كفالي,Emporio Armani Because It's You,امبوريو ارماني بيكوز إتس يو النسائي,3.84,3.6,3.6,2017,400,عطر امبوريو ارماني بيكوز إتس يو النسائي,Emporio Armani Because It's You
1369,Thameen,ثمين,Amber Room,امبر روم اكسترايت,4.14,3.6,3,2013,590,عطر امبر روم اكسترايت,Amber Room
1370,Bond No.9,بوند,No. 9 No 9,نمبر الذهبي,3.83,3.8,3.4,2009,850,عطر نمبر الذهبي,No. 9 No 9
1371,Caron,كارون,Yatagan,ياتاجان,4.23,3.4,3,1978,250,عطر ياتاجان,Yatagan
1372,Mont Blanc,مونت بلانك,Montblanc Individuel,اندفيديال النسائي,3.93,3.6,3.4,2003,6,عطر اندفيديال النسائي,Montblanc Individuel
1373,Ramon Monegal,رامون مونيجال,Next To Me,مونيغال نكست تو مي,3.88,3.7,3.4,2016,620,عطر مونيغال نكست تو مي,Next To Me
1374,Calvin Klein,كالفن كلاين,Obsession,كالفين أوبسيشن,3.73,3.9,3.5,1985,165,عطر كالفين أوبسيشن,Obsession
1375,Carner Barcelona,كارنر برشلونة,Volcano,فولكانو,4.08,3.6,3.1,2018,580,عطر فولكانو,Volcano
1376,Carner Barcelona,كارنر برشلونة,Volcano Eau de Parfuml,فولكانو,4.08,3.6,3.1,2018,15,عطر فولكانو,Volcano Eau de Parfuml
1377,Chopard,شوبارد,Happy Spirit Forever,هابي سبيريت فورايفر النسائي,4.03,3.5,3.3,2016,200,عطر هابي سبيريت فورايفر النسائي,Happy Spirit Forever
1378,Dorsay,دورساي,Nomade D’ORSAY,لا نوماد,4.18,3.3,3.2,1974,580,عطر لا نوماد,Nomade D’ORSAY
1379,D’ORSAY,دورساي,Nomade,لا نوماد,4.18,3.3,3.2,1974,15,عطر لا نوماد,Nomade
1380,Francesca Bia,فرانشيسكا بيانكي,Voluptuous Oud Bianchi,فولابشو عود,3.98,3.7,3.2,2024,17,عطر فولابشو عود,Voluptuous Oud Bianchi
1381,Hermes,هيرمس,Terre d' Parfum,تيري,4.28,3.5,2.8,2006,10,عطر تيري,Terre d' Parfum
1382,Hermes,هيرمس,s Intense,تيري انتنس,4.28,3.5,2.8,2006,400,عطر تيري انتنس,s Intense
1383,Houbigant,هوبيجان,Patchouli Sauvage,هوبيجانت باتشولي سوفاج,4.13,3.6,3,2023,600,عطر هوبيجانت باتشولي سوفاج,Patchouli Sauvage
1384,JeanPaulGaultie,جان بول غولتير,Jean Paul Gaultier DIVINE ELIXIR,غوتييه ديفاين إليكسير من,3.98,3.8,3.1,2024,14,عطر غوتييه ديفاين إليكسير من,Jean Paul Gaultier DIVINE ELIXIR
1385,Lorenzo,لورينزو بازاليا,Sweet Xplosion Pazzaglia,لورنزو بازاجليا سويت اكسبلوجن اكسترايت,3.78,3.8,3.5,2023,550,عطر لورنزو بازاجليا سويت اكسبلوجن اكسترايت,Sweet Xplosion Pazzaglia
1386,Min New York,مين نيويورك,Barrel,باريل,3.93,3.7,3.3,2014,16,عطر باريل,Barrel
1387,Mizensir,ميزنسير,Perfect Oud,بيرفكت عود,4.28,3.5,2.8,2016,650,عطر بيرفكت عود,Perfect Oud
1388,Naomi Goodsir,نعومي قودسير,Cuir Velours,كوير فيلورز,4.13,3.6,3,2012,600,عطر كوير فيلورز,Cuir Velours
1389,Nicolai,نيكولاي,Odalisque Parfumeur Createur,اوداليسك,4.13,3.5,3.1,1989,16,عطر اوداليسك,Odalisque Parfumeur Createur
1390,Provenzano,بروفينزانو,Esprit de Oud Christian Parfums,كريستيان بروفنزانو إسبريت عود,4.23,3.2,3.2,2021,826,عطر كريستيان بروفنزانو إسبريت عود,Esprit de Oud Christian Parfums
1391,TOM FORD,توم فورد,Vanille Fatale,فانيلا فاتال,4.08,3.6,3.1,2017,700,عطر فانيلا فاتال,Vanille Fatale
1392,Thameen,ثمين,Re,ريفيير,4.13,3.6,3,2016,750,عطر ريفيير,Re
1393,jar,رامون بيجار,Celestial Rose Ramon Bejar,كليستيال روز,3.93,3.5,3.5,2014,21,عطر كليستيال روز,Celestial Rose Ramon Bejar
1394,Giorgio Armani,ارماني,Sable Nuit by,سابل نوي,4.12,3.7,2.9,2021,800,عطر سابل نوي,Sable Nuit by
1395,BVLGARI,بولغاري,Man In Black,مان ان بلاك,4.32,3.4,2.8,2014,10,عطر مان ان بلاك,Man In Black
1396,Bond No.9,بوند,West Side No 9,نمبر ويست سايد,4.02,3.6,3.2,2006,1000,عطر نمبر ويست سايد,West Side No 9
1397,CREED,كريد,Queen of Silk,كوين اوف سيلك,3.82,3.8,3.4,2024,1000,عطر كوين اوف سيلك,Queen of Silk
1398,Carolina Herra,كارولينا هيريرا,Herrera Bad Boy Elixir,باد بوي إكسير,3.92,3.8,3.2,2025,500,عطر باد بوي إكسير,Herrera Bad Boy Elixir
1399,Guerlain,غيرلان,Petite Robe Noire,الفستان لابتيت روب نوار,3.67,3.9,3.6,2012,11,عطر الفستان لابتيت روب نوار,Petite Robe Noire
1400,Halston,هالستون,Classic,كلاسيك,4.07,3.6,3.1,1975,190,عطر كلاسيك,Classic
1401,Louis Vuitton,لويس فيتون,California Dream,كاليفورنيا,4.17,3.5,3,2020,1180,عطر كاليفورنيا,California Dream
1402,MDCI Parfums,ام دي سي آي,L’Homme aux Gants,اي لاهوم جانتس,4.27,3.5,2.8,2019,350,عطر اي لاهوم جانتس,L’Homme aux Gants
1403,Masque Milano,ماسك ميلانو,Mandala,ماندالا,3.72,4.1,3.3,2017,340,عطر ماندالا,Mandala
1404,Masque Milano,ماسك ميلانو,Mandala by,ماندالا من ٣٥,3.72,4.1,3.3,2017,390,عطر ماندالا من ٣٥,Mandala by
1405,XERJOFF,زيرجوف,Regio,كاساموراتي ريجيو,3.82,3.8,3.4,2011,750,عطر كاساموراتي ريجيو,Regio
1406,nasamat najd,نسمات نجد,FIDAH,فيضة,4.67,3,2.5,2021,250,عطر فيضة,FIDAH
1407,Costume Natio,كوستوم ناشونال,Secret Woods NATIONAL,سيكريت وودز,4.02,3.7,3.1,2021,350,عطر سيكريت وودز,Secret Woods NATIONAL
1408,Dorsay,دورساي,Dandy D’ORSAY,لو داندي,4.22,3.3,3.1,1999,550,عطر لو داندي,Dandy D’ORSAY
1409,Dorsay,دورساي,Dandy Pour Homme D’ORSAY,لو داندي,4.22,3.3,3.1,1999,550,عطر لو داندي,Dandy Pour Homme D’ORSAY
1410,D’ORSAY,دورساي,Dandy,لو داندي,4.22,3.3,3.1,1999,15,عطر لو داندي,Dandy
1411,D’ORSAY,دورساي,Dandy Pour Homme,لو داندي,4.22,3.3,3.1,1999,15,عطر لو داندي,Dandy Pour Homme
1412,AMOUAGE,امواج,Honour,اونر النسائي,4.01,3.6,3.2,2011,260,عطر اونر النسائي,Honour
1413,BVLGARI,بولغاري,Splendida Magnolia Sensuel,سبلينديدا ماغنوليا سينسول,3.91,3.6,3.4,2018,320,عطر سبلينديدا ماغنوليا سينسول,Splendida Magnolia Sensuel
1414,Dior,كريستيان ديور,Spice Blend,سبايس بيلند,4.21,3.4,3,2019,240,عطر سبايس بيلند,Spice Blend
1415,Du Bois,دو بوا,e Parfum,فراغرانس بريفيه سيرين,3.96,3.7,3.2,2025,1100,عطر فراغرانس بريفيه سيرين,e Parfum
1416,ELIE SAAB,ايلي ساب,Parfum,صعب لي,4.01,3.6,3.2,2011,315,عطر صعب لي,Parfum
1417,ELIE SAAB,ايلي ساب,Parfum Hair,شعر صعب لي,4.01,3.6,3.2,2011,290,عطر شعر صعب لي,Parfum Hair
1418,Electimuss,الكتيموس,Capua,اليكتيموس كابوا بيور,3.86,3.7,3.4,2020,900,عطر اليكتيموس كابوا بيور,Capua
1419,Guerlain,غيرلان,Spiritueuse Double Vanille,سبيريتويوز دبل فانيلا,4.41,3.3,2.7,2007,290,عطر سبيريتويوز دبل فانيلا,Spiritueuse Double Vanille
1420,Houbigant,هوبيجان,Fougere Royale,هوبيجانت فوجير رويال إكستريم,4.36,3.3,2.8,2010,600,عطر هوبيجانت فوجير رويال إكستريم,Fougere Royale
1421,Jo Malone,جو مالون,Myrrh & Tonka Jo London,مر اند تونكا,4.21,3.5,2.9,2016,750,عطر مر اند تونكا,Myrrh & Tonka Jo London
1422,Lalique,لاليك,Fleur Universelle,فلور يونيفيرسال نوار بريمير,4.26,3.3,3,2014,420,عطر فلور يونيفيرسال نوار بريمير,Fleur Universelle
1423,PENHALIGONS,بنهاليغونز,As Sawira Penhaligon's,بنهاليغنز أس ساويرا,4.11,3.4,3.2,2015,750,عطر بنهاليغنز أس ساويرا,As Sawira Penhaligon's
1424,Parfums de Marly,مارلي,Akaster,اكاستر,3.81,3.8,3.4,2015,570,عطر اكاستر,Akaster
1425,TOM FORD,توم فورد,Velvet Orchid Lumiere,فيلفيت اوركيد لوميير,3.96,3.6,3.3,2016,400,عطر فيلفيت اوركيد لوميير,Velvet Orchid Lumiere
1426,XERJOFF,زيرجوف,Duran Neorio Fluo Pink Unisex Parfum,دوران نيو ريو بينك دوبرفيوم,3.81,3.8,3.4,2025,970,عطر دوران نيو ريو بينك دوبرفيوم,Duran Neorio Fluo Pink Unisex Parfum
1427,Yves Saint Laur,ايف سان لوران,Collection Jazz LAURENT,جاز,4.11,3.5,3.1,2011,390,عطر جاز,Collection Jazz LAURENT
1428,Chanel,شانيل,No.5 Eau Premiere,نمبر بريمير,4.31,3.3,2.9,2015,15,عطر نمبر بريمير,No.5 Eau Premiere
1429,Du Bois,دو بوا,Paris Fragrance,فريقرانس فوياج باريس,4.06,3.6,3.1,,18,عطر فريقرانس فوياج باريس,Paris Fragrance
1430,NarcisoRodriguez,نرسيسو رودريغز,Narciso Rodriguez Narciso Hair,شعر نارسيسو,4.06,3.6,3.1,2014,240,عطر شعر نارسيسو,Narciso Rodriguez Narciso Hair
1431,NarcisoRodriguez,نرسيسو رودريغز,Narciso Rodriguez Narciso Rouge,نارسيسو روج,4.06,3.6,3.1,2014,9,عطر نارسيسو روج,Narciso Rodriguez Narciso Rouge
1432,AMOUAGE,امواج,Silver,سلفر,4,3.6,3.2,2002,600,عطر سلفر,Silver
1433,Amado,امادو,My Immortal,ماي إمورتال,4,3,3.8,2023,750,عطر ماي إمورتال,My Immortal
1434,Boadicea,بوديسيا ذا فيكتوريوس,Kahwa THE VICTORIOUS,قهوة,3.9,3.7,3.3,2021,850,عطر قهوة,Kahwa THE VICTORIOUS
1435,Burberry,بربري,Body Intense,بودي انتنس,3.9,3.6,3.4,2011,180,عطر بودي انتنس,Body Intense
1436,Dolce Gabbana,دولتشي غابانا,& Light Blue Pour Homme,لايت بلو الرجالي,3.95,3.5,3.4,2017,280,عطر لايت بلو الرجالي,& Light Blue Pour Homme
1437,Gucci,قوتشي,Guilty Pour Femme,غليتي بور فيم الابيض,3.9,3.6,3.4,2018,360,عطر غليتي بور فيم الابيض,Guilty Pour Femme
1438,Lalique,لاليك,Perles,بيرلس الابيض,3.75,3.8,3.5,2006,220,عطر بيرلس الابيض,Perles
1439,NarcisoRodriguez,نرسيسو رودريغز,Narciso Rodriguez Bleu Noir,نارسيسو بلو نوار الرجالي,4.1,3.4,3.2,2018,320,عطر نارسيسو بلو نوار الرجالي,Narciso Rodriguez Bleu Noir
1440,Parfums de Marly,مارلي,Darley,دارلي,3.9,3.6,3.4,2012,500,عطر دارلي,Darley
1441,Parfums de Marly,مارلي,Kuhuyan,كوهويان,3.7,3.9,3.5,2013,550,عطر كوهويان,Kuhuyan
1442,Parfums de Marly,مارلي,VALAYA de HAIR,فالايا للشعر,3.9,3.8,3.2,2023,290,عطر فالايا للشعر,VALAYA de HAIR
1443,Parfums de Marly,مارلي,Valaya,فالايا,3.9,3.8,3.2,2023,850,عطر فالايا,Valaya
1444,Prada,برادا,Amber Pour Homme,عنبر,4.25,3.5,2.8,2006,12,عطر عنبر,Amber Pour Homme
1445,Ralph Lauren,رالف لورين,Polo Intense,بولو كولجين انتنس بافيوم,4,3.4,3.4,2021,8,عطر بولو كولجين انتنس بافيوم,Polo Intense
1446,V Canto,في كانتو,Irae V,إريا,4.05,3.5,3.2,2015,390,عطر إريا,Irae V
1447,XERJOFF,زيرجوف,CASAMORATI BOUQUET IDEALE,كاسوموراتي بوكيه ايديال,4.15,3.4,3.1,2010,725,عطر كاسوموراتي بوكيه ايديال,CASAMORATI BOUQUET IDEALE
1448,Yves Saint Laur,ايف سان لوران,Laurent L'Homme Le Parfum,ال هوم لي,4.2,3.2,3.2,2009,350,عطر ال هوم لي,Laurent L'Homme Le Parfum
1449,AMOUAGE,امواج,Sunshine,سن شاين النسائي,4.05,3.6,3.1,2014,800,عطر سن شاين النسائي,Sunshine
1450,Azzaro,ازارو,Wanted Girl By Night,وانتد جيرل باي نايت ملكة الليل الجديدة,3.75,3.7,3.6,2021,295,عطر وانتد جيرل باي نايت ملكة الليل الجديدة,Wanted Girl By Night
1451,Azzaro,ازارو,Wanted by Night,أزارو وانتد بي نايت,3.75,3.7,3.6,2021,390,عطر أزارو وانتد بي نايت,Wanted by Night
1452,BVLGARI,بولغاري,Or,سبلينديدا ايريس دور,3.8,3.8,3.4,2017,200,عطر سبلينديدا ايريس دور,Or
1453,Davidoff,دافيدوف,Cool Water Intense,كول ووتر انتنس,4.05,3.6,3.1,2019,7,عطر كول ووتر انتنس,Cool Water Intense
1454,Davidoff,دافيدوف,Wood Blend,وود بليند,3.7,3.8,3.6,2017,220,عطر وود بليند,Wood Blend
1455,Dolce Gabbana,دولتشي غابانا,& Garden,دولسي غاردن,3.75,3.7,3.6,2018,340,عطر دولسي غاردن,& Garden
1456,Dolce Gabbana,دولتشي غابانا,& The Only One 2,ذا اونلي وان,3.75,3.7,3.6,2019,340,عطر ذا اونلي وان,& The Only One 2
1457,Givenchy,جيفنشي,L'ange Noir,لانج نوار,3.7,3.8,3.6,2016,310,عطر لانج نوار,L'ange Noir
1458,Hugo Boss,هوغو بوس,The Scent Absolute,ذا سنت ابسولوت الرجالي,3.8,3.6,3.6,2019,200,عطر ذا سنت ابسولوت الرجالي,The Scent Absolute
1459,Humbert Lucas,همبرت لوكاس,Phane 777 And Men,ستيفان هامبرت مورتال سكين,4.1,3.6,3,2015,800,عطر ستيفان هامبرت مورتال سكين,Phane 777 And Men
1460,Burberry,بربري,Brit,بريت الرجالي,3.94,3.6,3.3,2003,190,عطر بريت الرجالي,Brit
1461,CREED,كريد,Green Irish Tweed,جرين ايرش تويد الرجالي,4.29,3.4,2.8,1985,15,عطر جرين ايرش تويد الرجالي,Green Irish Tweed
1462,Carner Barcelona,كارنر برشلونة,Bestium,بيستيوم,3.74,3.8,3.5,2020,430,عطر بيستيوم,Bestium
1463,Carolina Herra,كارولينا هيريرا,Good Girl Midnight Herrera,جود جيرل عَبَق اللَّيل,4.04,3.5,3.2,2022,525,عطر جود جيرل عَبَق اللَّيل,Good Girl Midnight Herrera
1464,Du Bois,دو بوا,Fragrance Du Oud Bleu Intense,فراغرنس عود بلو انتنس,4.34,3.4,2.7,2013,2100,عطر فراغرنس عود بلو انتنس,Fragrance Du Oud Bleu Intense
1465,Francesca Bia,فرانشيسكا بيانكي,Bianchi THE MARINER’S RHYME,ذا ميرينرز رايم,3.89,3.8,3.2,2024,13,عطر ذا ميرينرز رايم,Bianchi THE MARINER’S RHYME
1466,Givenchy,جيفنشي,Me,جنتلمان سوسايتي إكستريم,4.19,3.6,2.8,2024,530,عطر جنتلمان سوسايتي إكستريم,Me
1467,Masque Milano,ماسك ميلانو,Russian Tea Oud,روسيان عود,3.84,3.9,3.2,2023,17,عطر روسيان عود,Russian Tea Oud
1468,Michael Kors,مايكل كورس,Midnight Shimmer,ميد نايت شيمر,4.24,3.3,3,2016,285,عطر ميد نايت شيمر,Midnight Shimmer
1469,Ormonde Jayne,اورموند جين,Kashmir,ارموند كشمير,4.04,3.7,3,2024,250,عطر ارموند كشمير,Kashmir
1470,PENHALIGONS,بنهاليغونز,Babylon Penhaligon's,بنهاليقنز بابيلون,4.24,3.5,2.8,2019,250,عطر بنهاليقنز بابيلون,Babylon Penhaligon's
1471,PENHALIGONS,بنهاليغونز,Penhaligon's Legacy of Petra,ليجاسي اوف بيترا,4.04,3.7,3,2022,375,عطر ليجاسي اوف بيترا,Penhaligon's Legacy of Petra
1472,Tom Daxon,توم داكسون,Midnight Saffron,ميدنايت سافرون,3.89,3.6,3.4,2018,500,عطر ميدنايت سافرون,Midnight Saffron
1473,Aramis,اراميس,Special Blend,سبشيال بلند,4.24,3.2,3.1,2019,230,عطر سبشيال بلند,Special Blend
1474,Boucheron,بوشرون,Rose d'Isparta,روز ديسبارتا,4.14,3.5,3,2020,500,عطر روز ديسبارتا,Rose d'Isparta
1475,CREED,كريد,Centaurus,سنتوروس,3.99,3.7,3.1,2024,1100,عطر سنتوروس,Centaurus
1476,Mancera,مانسيرا,Roses Jasmine,روز ياسمين,3.69,3.8,3.6,2012,360,عطر روز ياسمين,Roses Jasmine
1477,Min New York,مين نيويورك,Coda,كودا,4.09,3.5,3.1,2015,550,عطر كودا,Coda
1478,Chopard,شوبارد,Nuit Des Rois,نويت روز,4.14,3.3,3.2,2019,630,عطر نويت روز,Nuit Des Rois
1479,Alghabra,الغبرا,From the Heart Parfums,فروم ذا هارت,4.03,3.5,3.2,2018,530,عطر فروم ذا هارت,From the Heart Parfums
1480,Chopard,شوبارد,Cedar Malaki,سيدار ملكي,4.03,3.7,3,2023,400,عطر سيدار ملكي,Cedar Malaki
1481,Jeroboam,جيروبوم,Ambra,جيروبام امبرا,4.13,3.7,2.8,2017,485,عطر جيروبام امبرا,Ambra
1482,Paradis,باردايس,Eden des Sens,ديس سينس إيدن,4.28,3.4,2.8,2020,530,عطر ديس سينس إيدن,Eden des Sens
1483,Ramon Monegal,رامون مونيجال,- AGAR MUSK,اجار مسك,4.03,3.5,3.2,2009,570,عطر اجار مسك,- AGAR MUSK
1484,TOM FORD,توم فورد,Noir Anthracite,نوار انثراسايت الرجالي,3.98,3.6,3.2,2017,600,عطر نوار انثراسايت الرجالي,Noir Anthracite
1485,Thameen,ثمين,CULLINAN DIAMOND,كولينان دايموند,3.83,3.8,3.3,2021,550,عطر كولينان دايموند,CULLINAN DIAMOND
1486,V Canto,في كانتو,Lucrethia V,لوسريثيا,3.98,3.5,3.3,2016,550,عطر لوسريثيا,Lucrethia V
1487,Van Cleef,فان كليف اند اربلز,& Arpels First,فيرست,3.98,3.6,3.2,1976,250,عطر فيرست,& Arpels First
1488,Atelier Cologne,اتيليه كولون,Tobacco Nuit,اتيلير توباكو نوي,4.08,3.5,3.1,2016,720,عطر اتيلير توباكو نوي,Tobacco Nuit
1489,Chanel,شانيل,Coco Noir,كوكو نوار النسائي,4.13,3.5,3,2012,12,عطر كوكو نوار النسائي,Coco Noir
1490,Humbert Lucas,همبرت لوكاس,The Queen and the Viper Stephane,ذا كوين أند فايبر ستيفان,3.98,3.7,3.1,2025,765,عطر ذا كوين أند فايبر ستيفان,The Queen and the Viper Stephane
1491,Imaginaires,ليكويد اماجينيرز,Blanche Bete Les Liquides,بلانش بيت ايماجينيرز,4.08,3.7,2.9,2021,16,عطر بلانش بيت ايماجينيرز,Blanche Bete Les Liquides
1492,Jacques Bogart,جاك بوجارت,One Man Show,ون مان شو,3.83,3.7,3.4,1980,60,عطر ون مان شو,One Man Show
1493,Mancera,مانسيرا,Indian Dream,انديان دريم,3.83,3.7,3.4,2014,350,عطر انديان دريم,Indian Dream
1494,Moschino,موسكينو,Forever Sailing,فور إيفر سيلينغ,4.03,3.6,3.1,2013,260,عطر فور إيفر سيلينغ,Forever Sailing
1495,Perris Monte Carlo,بيريز,Rose de Taif,روز تايف,3.88,3.6,3.4,2013,12,عطر روز تايف,Rose de Taif
1496,TOM FORD,توم فورد,Jasmin Rouge,ياسمين روج,4.13,3.4,3.1,2011,1270,عطر ياسمين روج,Jasmin Rouge
1497,TizianaTerenzi,تيزيانا تيرينزي,TIZIANA TERENZI Kirke,كيركي اكسترايت,3.33,4.2,3.9,2015,12,عطر كيركي اكسترايت,TIZIANA TERENZI Kirke
1498,Renier Perfumes,رينيي,Guanabo,جانابو,3.78,3.9,3.3,2021,450,عطر جانابو,Guanabo
1499,Louis Vuitton,لويس فيتون,Cosmic Cloud,كوزمو كلاود من,3.72,4,3.3,2021,35,عطر كوزمو كلاود من,Cosmic Cloud
1500,Trussardi,تروساردي,Riflesso,ريفليسو,4.07,3.4,3.2,2017,220,عطر ريفليسو,Riflesso
1501,Yves Saint Laur,ايف سان لوران,Elle LAURENT,ايلي,4.07,3.4,3.2,2007,455,عطر ايلي,Elle LAURENT
1502,Acqua Di Parma,اكوا دي بارما,Note di Colonia II di,نوت,4.32,3.2,2.9,2016,500,عطر نوت,Note di Colonia II di
1503,Ex Nihilo,اكس نيهيلو,Ex Blue Talisman,بلو تاليسمان,4.17,3.5,2.9,2023,23,عطر بلو تاليسمان,Ex Blue Talisman
1504,Giorgio Armani,ارماني,Bleu Lazuli,جورجيو بلو لازولي,4.12,3.4,3.1,2018,290,عطر جورجيو بلو لازولي,Bleu Lazuli
1505,Giorgio Armani,ارماني,Prive Bleu Lazuli,بريف بلو لازولي,4.12,3.4,3.1,2018,870,عطر بريف بلو لازولي,Prive Bleu Lazuli
1506,Gucci,قوتشي,Bloom,بلوم النسائي,3.77,3.6,3.6,2017,360,عطر بلوم النسائي,Bloom
1507,Loewe,لويفي,7,لوي بور أوم,4.12,3.5,3,2010,340,عطر لوي بور أوم,7
1508,Nishane,نيشاني,B-612,بي,4.07,3.6,3,2018,17,عطر بي,B-612
1509,Ralph Lauren,رالف لورين,Polo Blue Gold Blend,بولو بلو قولد بليند,4.27,3.3,2.9,2019,345,عطر بولو بلو قولد بليند,Polo Blue Gold Blend
1510,Ralph Lauren,رالف لورين,Polo Red Intense by,بولو انتينس,4.27,3.3,2.9,2015,370,عطر بولو انتينس,Polo Red Intense by
1511,Serge Lutens,سيرج لوتنس,E,ايكرين فومي,4.17,3.5,2.9,2023,360,عطر ايكرين فومي,E
1512,Armaf,ارماف,Club de Nuit Sillage,أرماف كلوب نوي سيلاج,3.92,3.7,3.2,2020,165,عطر أرماف كلوب نوي سيلاج,Club de Nuit Sillage
1513,Carolina Herra,كارولينا هيريرا,Gold Incense Herrera,قولد انسنس,4.02,3.6,3.1,2017,240,عطر قولد انسنس,Gold Incense Herrera
1514,Dunhill,دانهيل,Icon Racing Alfred,ايكون ريسنغ,4.02,3.4,3.3,2017,190,عطر ايكون ريسنغ,Icon Racing Alfred
1515,ELIE SAAB,ايلي ساب,Girl of Now,صعب جيرل اوف ناو,4.02,3.5,3.2,2017,300,عطر صعب جيرل اوف ناو,Girl of Now
1516,NarcisoRodriguez,نرسيسو رودريغز,Narciso Rodriguez Hair Mist Narciso Rodriguez,نارسيسو فور هير للشعر,4.27,3.1,3.1,,245,عطر نارسيسو فور هير للشعر,Narciso Rodriguez Hair Mist Narciso Rodriguez
1517,Battistoni,باتيستوني مارتي,Marte Concentree,الرجالي,4.11,3.5,3,,280,عطر الرجالي,Marte Concentree
1518,Biehl Parfumkunstwerke,بيهل,Al03,ايه ال,3.81,3.6,3.5,,750,عطر ايه ال,Al03
1519,Clive Christian,كلايف كريستيان,XX Art Nouveau Papyrus,اكس ارت نوفو بابيروس,4.11,3.5,3,2018,1150,عطر اكس ارت نوفو بابيروس,XX Art Nouveau Papyrus
1520,Dior,كريستيان ديور,Forever & Ever,فوريفر اند ايفر الزهري النسائي,4.31,3.2,2.9,2006,550,عطر فوريفر اند ايفر الزهري النسائي,Forever & Ever
1521,Du Bois,دو بوا,Cavort Fragrance,فريقرانس كافور,4.11,3.5,3,2021,20,عطر فريقرانس كافور,Cavort Fragrance
1522,Givenchy,جيفنشي,Raire,تيميرير,3.96,3.9,2.9,2023,850,عطر تيميرير,Raire
1523,TOM FORD,توم فورد,EBENE FUME Body,للجسم ايبن فوم,4.11,3.6,2.9,2021,350,عطر للجسم ايبن فوم,EBENE FUME Body
1524,TOM FORD,توم فورد,EBENE FUME TOMFORD,ايبن فوم,4.11,3.6,2.9,2021,940,عطر ايبن فوم,EBENE FUME TOMFORD
1525,TizianaTerenzi,تيزيانا تيرينزي,TIZIANA TERENZI Draco,دراكو اكسترايت,3.66,3.9,3.5,2015,12,عطر دراكو اكسترايت,TIZIANA TERENZI Draco
1526,ATELIER DES ORS,اتيليه دي اورس,Lune Feline,ديس لون فيلين,4.06,3.6,3,2015,210,عطر ديس لون فيلين,Lune Feline
1527,BVLGARI,بولغاري,Au The Noir Intense,ذا نوير انتنس كوليجن,4.31,3.1,3,2018,10,عطر ذا نوير انتنس كوليجن,Au The Noir Intense
1528,Mont Blanc,مونت بلانك,Montblanc Legend Spirit,ليجند سبيريت الابيض,4.11,3.3,3.2,2016,230,عطر ليجند سبيريت الابيض,Montblanc Legend Spirit
1529,Montale,مونتال,Roses Musk,روزس مسك للشعر,3.71,3.8,3.5,2009,290,عطر روزس مسك للشعر,Roses Musk
1530,Nishane,نيشاني,Tempfluo,تيمبفلو الجديد اكسترايت,3.81,3.8,3.3,2022,1200,عطر تيمبفلو الجديد اكسترايت,Tempfluo
1531,Orto Parisi,اورتو باريسي,Lune Feline Atelier des Ors,اتيليه ديس اورس لون فيلين,4.06,3.6,3,2015,650,عطر اتيليه ديس اورس لون فيلين,Lune Feline Atelier des Ors
1532,TOM FORD,توم فورد,Oud Voyager Unisex -,عود فويجار للجنـــــسين,4.01,3.7,3,2025,900,عطر عود فويجار للجنـــــسين,Oud Voyager Unisex -
1533,Thameen,ثمين,Blue Heart,بلو هارت,3.91,3.7,3.2,2022,590,عطر بلو هارت,Blue Heart
1534,Versace,فرزاتشي,Eros,ايروس من,4.06,3.5,3.1,2012,8,عطر ايروس من,Eros
1535,Versace,فرزاتشي,Eros Parfum,ايروس الاصدار الجديد,4.06,3.5,3.1,2012,375,عطر ايروس الاصدار الجديد,Eros Parfum
1536,BVLGARI,بولغاري,Jasmin Noir,جاسمين نوار الاسود,3.75,3.8,3.4,2008,500,عطر جاسمين نوار الاسود,Jasmin Noir
1537,Burberry,بربري,Brit Rhythm Intense,بريت ريثم انتنس الرجالي,3.75,3.8,3.4,2015,190,عطر بريت ريثم انتنس الرجالي,Brit Rhythm Intense
1538,Dior,كريستيان ديور,Hypnotic Poison Eau Secrete,هيبنوتيك بويزن الاحمر اصدار سيكريت,3.85,3.6,3.4,2013,400,عطر هيبنوتيك بويزن الاحمر اصدار سيكريت,Hypnotic Poison Eau Secrete
1539,Estee Lauder,استي لودر,Beautiful,پيوتيفل,3.75,3.8,3.4,1985,275,عطر پيوتيفل,Beautiful
1540,Etienne Aigner,اجنر,Oud,نمبر عود,4.15,3.4,3,2014,235,عطر نمبر عود,Oud
1541,Etro,ايترو,Io Myself,اي ماي سيلف,3.85,3.6,3.4,2015,430,عطر اي ماي سيلف,Io Myself
1542,Givenchy,جيفنشي,Monsieur de Man,مونسيور,4.4,3,2.9,1959,300,عطر مونسيور,Monsieur de Man
1543,Guerlain,غيرلان,Champs Elysees,شانزليزيه النسائي,3.75,3.8,3.4,1996,350,عطر شانزليزيه النسائي,Champs Elysees
1544,Issey Miyake,ايسي مياكي,L’Eau D’ Vetiver,ليو دا فيتفير الرجالي,3.85,3.6,3.4,1994,280,عطر ليو دا فيتفير الرجالي,L’Eau D’ Vetiver
1545,Lorenzo,لورينزو بازاليا,Basaglia Q Chimpa,بازاجليا كيو شيمبا,3.7,3.7,3.6,2025,430,عطر بازاجليا كيو شيمبا,Basaglia Q Chimpa
1546,Masque Milano,ماسك ميلانو,Montecristo,مونتيكريستو,3.95,3.7,3.1,2013,340,عطر مونتيكريستو,Montecristo
1547,Paco Rabanne,باكو رابان,Olympea Aqua,اولمبيا اكوا,3.85,3.6,3.4,2016,320,عطر اولمبيا اكوا,Olympea Aqua
1548,Prada,برادا,Femme,لافام النسائي الابيض,3.85,3.6,3.4,2016,320,عطر لافام النسائي الابيض,Femme
1549,Yves Saint Laur,ايف سان لوران,Libre Flowers & Flames LAURENT,ليبر فلورز اند فليمز,4.15,3.5,2.9,2024,520,عطر ليبر فلورز اند فليمز,Libre Flowers & Flames LAURENT
1550,Du Bois,دو بوا,Fragrance Du Oud Orange Intense Parfum,فراغرانس عود أورانج إنتنس,4.1,3.5,3,2013,1350,عطر فراغرانس عود أورانج إنتنس,Fragrance Du Oud Orange Intense Parfum
1551,Electimuss,الكتيموس,Puritas Pure Parfum,اليكتيموس بيوريتاس,3.9,3.7,3.2,2020,485,عطر اليكتيموس بيوريتاس,Puritas Pure Parfum
1552,Giorgio Armani,ارماني,Si,الزهري,3.65,3.8,3.6,2013,470,عطر الزهري,Si
1553,Houbigant,هوبيجان,Figuier Noir,هوبيجانت فيجوير نوير إكستريم,4.15,3.6,2.8,2022,600,عطر هوبيجانت فيجوير نوير إكستريم,Figuier Noir
1554,Hugo Boss,هوغو بوس,Ma Vie Pour Femme Intense,ما في بيور فيم انتنس,3.95,3.5,3.3,2016,225,عطر ما في بيور فيم انتنس,Ma Vie Pour Femme Intense
1555,Orto Parisi,اورتو باريسي,Brutus,بروتوس,4.05,3.6,3,2014,18,عطر بروتوس,Brutus
1556,Paco Rabanne,باكو رابان,Calandre,كالندر,3.8,3.8,3.3,1990,200,عطر كالندر,Calandre
1557,Rochas,روشاس,Moustache,موستاش,4.35,3.3,2.7,2018,10,عطر موستاش,Moustache
1558,Rosendo Mateu,روسيندو ماتيو,Olfactive Expressions,,4.15,3.6,2.8,2023,15,,Olfactive Expressions
1559,Rosendo Mateu,روسيندو ماتيو,Olfactive Expressions 1968,,4.15,3.6,2.8,2023,550,,Olfactive Expressions 1968
1560,Rosendo Mateu,روسيندو ماتيو,Olfactive Expressions 2010,,4.15,3.6,2.8,2023,550,,Olfactive Expressions 2010
1561,Valentino,فالنتينو,Donna Rosa Verde,دونا روزا فيردي,4.05,3.4,3.2,2018,360,عطر دونا روزا فيردي,Donna Rosa Verde
1562,YSL,ايف سان لوران,Yves Saint Laurent Mon Paris Couture,مون باريس كوتور,3.9,3.6,3.3,2018,385,عطر مون باريس كوتور,Yves Saint Laurent Mon Paris Couture
1563,Van Cleef,فان كليف اند اربلز,Moonlight Patchouli,مونلايت باتشولي,4.19,3.4,2.9,2016,550,عطر مونلايت باتشولي,Moonlight Patchouli
1564,AMOUAGE,امواج,Crimson Rocks,كريمسون روك,3.79,3.8,3.3,2020,900,عطر كريمسون روك,Crimson Rocks
1565,AMOUAGE,امواج,Honour Man,اونر,3.99,3.7,3,2011,16,عطر اونر,Honour Man
1566,Alghabra,الغبرا,Crown of Marmara,كراون اوف مرمر,3.54,4,3.6,2019,20,عطر كراون اوف مرمر,Crown of Marmara
1567,Bois,بويس,Van Cleef & Arpels Collection Extraordinaire Dore Parfum,فان كليف دور,4.29,3.3,2.8,2017,180,عطر فان كليف دور,Van Cleef & Arpels Collection Extraordinaire Dore Parfum
1568,ELIE SAAB,ايلي ساب,Parfum Essentiel,صعب لي اسنتيال,3.84,3.6,3.4,2020,390,عطر صعب لي اسنتيال,Parfum Essentiel
1569,Floris,فلوريس,Honey Oud,لندن هني عود,4.19,3.5,2.8,2014,14,عطر لندن هني عود,Honey Oud
1570,Hermes,هيرمس,Kelly Caleche,كيلي كاليتش,3.94,3.6,3.2,2007,490,عطر كيلي كاليتش,Kelly Caleche
1571,JeanPaulGaultie,جان بول غولتير,Jean Paul Gaultier Scandal Gold,غوتييه سكاندال قولد,3.94,3.6,3.2,2021,480,عطر غوتييه سكاندال قولد,Jean Paul Gaultier Scandal Gold
1572,Juliette HAG,جولييت,Midnight Oud Has A Gun,هاز اجن ميدنايت عود,3.74,3.7,3.5,2009,480,عطر هاز اجن ميدنايت عود,Midnight Oud Has A Gun
1573,Mancera,مانسيرا,Blue Aoud,بلو عود,3.64,3.8,3.6,2015,350,عطر بلو عود,Blue Aoud
1574,Min New York,مين نيويورك,PLUSH BODY,ستاردست للشعر,4.09,3.5,3,2015,235,عطر ستاردست للشعر,PLUSH BODY
1575,Min New York,مين نيويورك,Plush,بلوش,4.09,3.5,3,2015,240,عطر بلوش,Plush
1576,Mont Blanc,مونت بلانك,Presence,برزنس النسائي,3.99,3.4,3.3,2001,225,عطر برزنس النسائي,Presence
1577,Montale,مونتال,Orange Aoud,اورنج عود,3.84,3.6,3.4,2014,350,عطر اورنج عود,Orange Aoud
1578,NarcisoRodriguez,نرسيسو رودريغز,Narciso Rodriguez Bleu Noir Extreme,نارسيسو بلو نوار الرجالي اكستريم,3.99,3.4,3.3,2020,310,عطر نارسيسو بلو نوار الرجالي اكستريم,Narciso Rodriguez Bleu Noir Extreme
1579,NarcisoRodriguez,نرسيسو رودريغز,Narciso Rodriguez Oriental Musc Hair,نارسيسو أورينتال مسك للشعر,3.99,3.4,3.3,2019,260,عطر نارسيسو أورينتال مسك للشعر,Narciso Rodriguez Oriental Musc Hair
1580,Nishane,نيشاني,Nanshe,نانشي اكسترايت,3.74,4,3.2,2020,230,عطر نانشي اكسترايت,Nanshe
1581,Orto Parisi,اورتو باريسي,Van Cleef & Arpels Collection Extraordinaire Bois Dore Parfum,فان كليف بويس دور,4.29,3.3,2.8,2017,560,عطر فان كليف بويس دور,Van Cleef & Arpels Collection Extraordinaire Bois Dore Parfum
1582,Orto Parisi,اورتو باريسي,Viride,فیریدي,3.99,3.7,3,2014,500,عطر فیریدي,Viride
1583,Paco Rabanne,باكو رابان,Pure XS,بيور اكس اس,4.04,3.5,3.1,2018,270,عطر بيور اكس اس,Pure XS
1584,Roberto Cavalli,روبرتو كفالي,Uomo,كافالي أومو,4.14,3.4,3,2016,230,عطر كافالي أومو,Uomo
1585,Valentino,فالنتينو,uomo Born in Roma Purple Melancholia,اومو بورن ان روما بيربل ميلانكوليا,4.09,3.7,2.8,2026,500,عطر اومو بورن ان روما بيربل ميلانكوليا,uomo Born in Roma Purple Melancholia
1586,Vertus,فيرتس,Narcos'is,فيرتوس ناركوسيز,3.69,3.8,3.5,2017,540,عطر فيرتوس ناركوسيز,Narcos'is
1587,Azzaro,ازارو,Visit,أزارو فيزيت,4.18,3.4,2.9,2003,150,عطر أزارو فيزيت,Visit
1588,Boucheron,بوشرون,Santal de Kandy,سانتال كاندي,3.93,3.5,3.3,2018,540,عطر سانتال كاندي,Santal de Kandy
1589,Chanel,شانيل,Allure Homme Edition Blanche,الور هوم ايديشن بلانش,4.43,3.1,2.7,2008,15,عطر الور هوم ايديشن بلانش,Allure Homme Edition Blanche
1590,Clive Christian,كلايف كريستيان,VIII Rococo ImmortelleParfum,روكوكو امورتال,3.98,3.5,3.2,2017,700,عطر روكوكو امورتال,VIII Rococo ImmortelleParfum
1591,Coquillete,كوكيليت,Moramanga,مورامانجا,3.93,3.4,3.4,2012,380,عطر مورامانجا,Moramanga
1592,Du Bois,دو بوا,PM Fragrance,فريقرانس بويس بي ام,3.28,4.3,3.8,2022,1300,عطر فريقرانس بويس بي ام,PM Fragrance
1593,Floris,فلوريس,A Rose For,لندن ايه روز فور,4.18,3.4,2.9,2016,650,عطر لندن ايه روز فور,A Rose For
1594,Giorgio Armani,ارماني,Acqua di Gio Elixir,جورجيو اكوا جيو اليكسير,4.13,3.6,2.8,2025,15,عطر جورجيو اكوا جيو اليكسير,Acqua di Gio Elixir
1595,Givenchy,جيفنشي,- De Sans Merci,سانس ميرسي من,4.08,3.5,3,2020,15,عطر سانس ميرسي من,- De Sans Merci
1596,Givenchy,جيفنشي,Sans Merci,جفنشي سان ميرسي,4.08,3.5,3,2020,850,عطر جفنشي سان ميرسي,Sans Merci
1597,Guerlain,غيرلان,Jardins de Bagatelle,جاردينز باجاتيلي,3.98,3.5,3.2,1983,550,عطر جاردينز باجاتيلي,Jardins de Bagatelle
1598,Imaginaires,ليكويد اماجينيرز,Liquides,غولد ليكويدس ايماجينريس,4.03,3.6,3,2022,650,عطر غولد ليكويدس ايماجينريس,Liquides
1599,Lalique,لاليك,Or Intemporel,لوريجن اور انتمبورال نوار بريمير,4.18,3.3,3,2015,500,عطر لوريجن اور انتمبورال نوار بريمير,Or Intemporel
1600,Les Indemodables,ليه إنديمودابل,Rose de Jamal,روز جمال,4.18,3.5,2.8,2019,770,عطر روز جمال,Rose de Jamal
1601,Olfattivo,لابوراتوريو,Tonkade - Labratorio,تونكادي ادو بارفیوم,4.08,3.7,2.8,2020,535,عطر تونكادي ادو بارفیوم,Tonkade - Labratorio
1602,Paco Rabanne,باكو رابان,Million1,مليون,3.73,3.7,3.5,2008,7,عطر مليون,Million1
1603,Provenzano,بروفينزانو,Patchouli Noir Christian,باتشولي نوار من كريستيان,4.08,3.6,2.9,2018,550,عطر باتشولي نوار من كريستيان,Patchouli Noir Christian
1604,Provenzano,بروفينزانو,Patchouli Noir Christian Parfums,كريستيان بروفنزانو باتشولي نوار انتنس,4.08,3.6,2.9,2018,270,عطر كريستيان بروفنزانو باتشولي نوار انتنس,Patchouli Noir Christian Parfums
1605,The Woods,ذا وودز كوليكشن,Dawn Collection,كولكشن داون,4.13,3.4,3,2020,12,عطر كولكشن داون,Dawn Collection
1606,Vertus,فيرتس,Bois et Cuir Raffine,فيرتوس بوا ايت كيور رافيني,4.18,3.3,3,2025,650,عطر فيرتوس بوا ايت كيور رافيني,Bois et Cuir Raffine
1607,XERJOFF,زيرجوف,Lira,كاساموراتي ليرا,4.28,3.3,2.8,2011,230,عطر كاساموراتي ليرا,Lira
1608,XERJOFF,زيرجوف,Louis XV 1722 by,لويس الخامس عشر من,4.18,3.6,2.7,2024,1100,عطر لويس الخامس عشر من,Louis XV 1722 by
1609,Yves Saint Laur,ايف سان لوران,LAURENT Paris,باريس,3.88,3.6,3.3,1983,385,عطر باريس,LAURENT Paris
1610,Yves Saint Laur,ايف سان لوران,Y Iced LAURENT,واي آيسد,4.23,3.5,2.7,2025,545,عطر واي آيسد,Y Iced LAURENT
1611,Acqua Di Parma,اكوا دي بارما,di Buongiorno,بونجورنوا اودي,4.43,3.2,2.6,2025,15,عطر بونجورنوا اودي,di Buongiorno
1612,PENHALIGONS,بنهاليغونز,Agarbathi Penhaligon's,بنهاليغنز تريد روتس أجارباثي,4.13,3.3,3.1,2017,680,عطر بنهاليغنز تريد روتس أجارباثي,Agarbathi Penhaligon's
1613,AMOUAGE,امواج,Meander,مايندر,4.12,3.6,2.8,2020,260,عطر مايندر,Meander
1614,AMOUAGE,امواج,Search,سيرش دى بيرفيوم,3.97,3.7,3,2023,1180,عطر سيرش دى بيرفيوم,Search
1615,Aramis,اراميس,Devin,ديفين,4.12,3.4,3,1977,250,عطر ديفين,Devin
1616,Balmain,بالمان,Ambre Gris,امبر جريس,4.12,3.5,2.9,2008,360,عطر امبر جريس,Ambre Gris
1617,Boadicea,بوديسيا ذا فيكتوريوس,THE VICTORIOUS Consort,كونسورت,4.27,3.3,2.8,2016,20,عطر كونسورت,THE VICTORIOUS Consort
1618,Carolina Herra,كارولينا هيريرا,Herrera Bad Boy Cobalt Electrique,باد بوي كوبالت,4.32,3.3,2.7,2022,390,عطر باد بوي كوبالت,Herrera Bad Boy Cobalt Electrique
1619,Etienne Aigner,اجنر,Starlight,ستار لايت,3.92,3.6,3.2,2008,195,عطر ستار لايت,Starlight
1620,Etro,ايترو,- MANROSE,مان روز,4.22,3.2,3,2017,400,عطر مان روز,- MANROSE
1621,Etro,ايترو,ManRose,مان روز,4.22,3.2,3,2017,430,عطر مان روز,ManRose
1622,Ex Nihilo,اكس نيهيلو,Outcast Blue Ex,اوتكاست بلو برفان,3.97,3.7,3,2019,24,عطر اوتكاست بلو برفان,Outcast Blue Ex
1623,Guerlain,غيرلان,Frenchy,لو فرنشي,4.07,3.4,3.1,2017,22,عطر لو فرنشي,Frenchy
1624,Kenzo,كنزو,Homme,هوم,4.07,3.5,3,1991,470,عطر هوم,Homme
1625,Kenzo,كنزو,pour Homme,كينزو بور أوم,4.07,3.5,3,1991,270,عطر كينزو بور أوم,pour Homme
1626,Lalique,لاليك,Encre Noire Al'Extreme,انكر نوار اكستريم,4.22,3.4,2.8,2015,8,عطر انكر نوار اكستريم,Encre Noire Al'Extreme
1627,Laurent Mazzone,لورنت مازون,Hysteric,لورين هيستريك,3.97,3.6,3.1,2018,970,عطر لورين هيستريك,Hysteric
1628,Mont Blanc,مونت بلانك,Montblanc Extreme Leather Montblanc,اكستريم لذر,4.32,3.3,2.7,2024,580,عطر اكستريم لذر,Montblanc Extreme Leather Montblanc
1629,Montale,مونتال,Bakhoor,بخور,3.87,3.7,3.2,2018,310,عطر بخور,Bakhoor
1630,ONCE,وانس,Upon a Time Francesca Bianchi,فرانشيسكا بيانكي ونس اوبن ذا تايم إكتسريت,3.97,3.7,3,2025,16,عطر فرانشيسكا بيانكي ونس اوبن ذا تايم إكتسريت,Upon a Time Francesca Bianchi
1631,PENHALIGONS,بنهاليغونز,Constantinople Penhaligon's,بنهاليغنز القسطنطينية,4.07,3.6,2.9,2021,17,عطر بنهاليغنز القسطنطينية,Constantinople Penhaligon's
1632,The Woods,ذا وودز كوليكشن,Collection Eclipse Parfum,كولكشن إكليبس,3.97,3.6,3.1,,10,عطر كولكشن إكليبس,Collection Eclipse Parfum
1633,Tom Daxon,توم داكسون,Absolute,أبسولوت,3.92,3.4,3.4,2013,10,عطر أبسولوت,Absolute
1634,V Canto,في كانتو,Stramonio V,سترامونيا إكستراكت,3.97,3.4,3.3,2018,550,عطر سترامونيا إكستراكت,Stramonio V
1635,Van Cleef,فان كليف اند اربلز,Precious Oud & Arpels,آربيلز بريشس عود,4.07,3.4,3.1,2011,440,عطر آربيلز بريشس عود,Precious Oud & Arpels
1636,XERJOFF,زيرجوف,Decas,ديكاس,4.02,3.7,2.9,2021,650,عطر ديكاس,Decas
1637,Alghabra,الغبرا,Neva Winged Lions Parfums,نيفا وينجيد لايونز,4.11,3.6,2.8,2022,25,عطر نيفا وينجيد لايونز,Neva Winged Lions Parfums
1638,Aramis,اراميس,Modern Leather,مودرن ليذر,4.11,3.4,3,2017,230,عطر مودرن ليذر,Modern Leather
1639,Atkinsons,اتكينسونس,Her Majesty The Oud,أتكينسونس هيز ماجيستي ذا عود,4.11,3.4,3,2016,480,عطر أتكينسونس هيز ماجيستي ذا عود,Her Majesty The Oud
1640,BYREDO,بيريدو,Tobacco Mandarin,توباكو مندرين,3.81,3.7,3.3,2020,690,عطر توباكو مندرين,Tobacco Mandarin
1641,Bentley,بنتلي,Black Edition,فور مين بلاك إديشين,4.16,3.4,2.9,2018,190,عطر فور مين بلاك إديشين,Black Edition
1642,Burberry,بربري,Touch,تاتش الرجالي,4.01,3.4,3.2,2000,6,عطر تاتش الرجالي,Touch
1643,Gres,جريس,Dior Gris Doir,ديور,4.21,3.4,2.8,2017,240,عطر ديور,Dior Gris Doir
1644,Hermes,هيرمس,L'ambre Des Merveilles,لامبر ميرفيل,4.16,3.4,2.9,2012,12,عطر لامبر ميرفيل,L'ambre Des Merveilles
1645,Ormonde Jayne,اورموند جين,Montabaco Aruba 2025 and men,ارموند مونتباكو اروبا,4.26,3.4,2.7,2025,850,عطر ارموند مونتباكو اروبا,Montabaco Aruba 2025 and men
1646,PENHALIGONS,بنهاليغونز,The Bewitching Yasmine Penhaligon's,بنهاليغنز ذا بويتشنج ياسمين,4.11,3.4,3,2017,950,عطر بنهاليغنز ذا بويتشنج ياسمين,The Bewitching Yasmine Penhaligon's
1647,TOM FORD,توم فورد,Grey Vetiver,جراي فيتيفر,4.26,3.4,2.7,2009,15,عطر جراي فيتيفر,Grey Vetiver
1648,A Lab on Fire,ايه لاب اون فاير,L'Anonyme ou OP-1475-A What We Do Is Secret,لانونيوم,4.01,3.6,3,2011,450,عطر لانونيوم,L'Anonyme ou OP-1475-A What We Do Is Secret
1649,AMOUAGE,امواج,Blossom Love,بلوسم لوف للشعر,3.61,3.9,3.5,2017,330,عطر بلوسم لوف للشعر,Blossom Love
1650,ATELIER DES ORS,اتيليه دي اورس,Larmes du Desert,ديس لارم ديزير,4.06,3.5,3,2015,15,عطر ديس لارم ديزير,Larmes du Desert
1651,Diptyque,ديبتيك,Eau Capitale,كابيتال,4.06,3.5,3,2019,17,عطر كابيتال,Eau Capitale
1652,Humbert Lucas,همبرت لوكاس,STEPHANE 777 OUMMA,ستيفن أوما,4.01,3.5,3.1,2013,1000,عطر ستيفن أوما,STEPHANE 777 OUMMA
1653,Mugler,موغلر,Thierry Chyprissime,تيري شيبريسيم,4.06,3.5,3,2014,550,عطر تيري شيبريسيم,Thierry Chyprissime
1654,Olfattivo,لابوراتوريو,Patchouliful - Labratorio,باتشوليفل ادو,4.01,3.6,3,2014,190,عطر باتشوليفل ادو,Patchouliful - Labratorio
1655,Ralph Lauren,رالف لورين,Safari,سفاري,4.26,3.2,2.9,1992,300,عطر سفاري,Safari
1656,Rosendo Mateu,روسيندو ماتيو,No. 4 Saffron Oud Vanilla,نمبر,3.96,3.6,3.1,2017,350,عطر نمبر,No. 4 Saffron Oud Vanilla
1657,Rosendo Mateu,روسيندو ماتيو,Saffron Oud Vanilla,نمبر سافرون عود فانيلا,3.96,3.6,3.1,2017,200,عطر نمبر سافرون عود فانيلا,Saffron Oud Vanilla
1658,Rosendo Mateu,روسيندو ماتيو,Saffron Oud Vanilla 100m,نمبر سافرون عود فانيلا,3.96,3.6,3.1,2017,650,عطر نمبر سافرون عود فانيلا,Saffron Oud Vanilla 100m
1659,Santi Burgas,سانتي بورجاس,Lojazz,لوجاز,3.86,3.4,3.5,2013,480,عطر لوجاز,Lojazz
1660,XERJOFF,زيرجوف,Don,جوين ذا كلوب دون,4.01,3.7,2.9,2013,20,عطر جوين ذا كلوب دون,Don
1661,Bentley,بنتلي,Silverlake,سلفر ليك,4.31,3.3,2.7,2020,230,عطر سلفر ليك,Silverlake
1662,BVLGARI,بولغاري,Gemme Noorah,لو جيم نورا,3.9,3.6,3.2,2014,790,عطر لو جيم نورا,Gemme Noorah
1663,CREED,كريد,Aventus 10th Anniversary,افينتوس انيفيرساري العاشر الرجالي,4.3,3.2,2.8,2020,1170,عطر افينتوس انيفيرساري العاشر الرجالي,Aventus 10th Anniversary
1664,Guerlain,غيرلان,Vol De Nuit pour femme,جيرلان فول نوي,4.4,3,2.8,1933,380,عطر جيرلان فول نوي,Vol De Nuit pour femme
1665,Lalique,لاليك,Hommage A l'Homme,هوماج لي هوم الرجالي,3.9,3.6,3.2,2011,180,عطر هوماج لي هوم الرجالي,Hommage A l'Homme
1666,Masque Milano,ماسك ميلانو,Times Square,تايمز سكوير,3.8,3.7,3.3,2017,18,عطر تايمز سكوير,Times Square
1667,Nishane,نيشاني,Ve,فاين اند ناييف,3.8,3.7,3.3,2018,440,عطر فاين اند ناييف,Ve
1668,Paco Rabanne,باكو رابان,One Million Parfum,ون مليون الرجالي,3.45,3.9,3.8,2008,350,عطر ون مليون الرجالي,One Million Parfum
1669,Paco Rabanne,باكو رابان,Phantom Intense,فانتوم إنتنس,4.15,3.5,2.8,2024,430,عطر فانتوم إنتنس,Phantom Intense
1670,Ralph Lauren,رالف لورين,Polo Supreme Cashmere,بولو سوبريم كشمير,4.15,3.3,3,2017,370,عطر بولو سوبريم كشمير,Polo Supreme Cashmere
1671,Alexandre,الكسندر ماكويين,Oscent Pink .J,جيه اوسينت بينك,3.8,3.4,3.6,2012,11,عطر جيه اوسينت بينك,Oscent Pink .J
1672,Atelier Flou,اتيلير فلو,Katana,كاتانا,4.25,3.2,2.9,,490,عطر كاتانا,Katana
1673,BVLGARI,بولغاري,Gemme Malakeos,لي جيم مالاكيوس,4.2,3.3,2.9,2016,25,عطر لي جيم مالاكيوس,Gemme Malakeos
1674,BVLGARI,بولغاري,Gemme Maravilla,لو جيم مارافيلا,3.8,3.6,3.4,2014,650,عطر لو جيم مارافيلا,Gemme Maravilla
1675,Burberry,بربري,Brit Rhythm,بريت ريذم الاسود الرجالي,3.7,3.8,3.4,2014,270,عطر بريت ريذم الاسود الرجالي,Brit Rhythm
1676,Carolina Herra,كارولينا هيريرا,Maison Lancome Mille et Une Roses,لانكوم روز الازرق,3.75,3.6,3.5,2022,750,عطر لانكوم روز الازرق,Maison Lancome Mille et Une Roses
1677,Caron,كارون,AIMEZ MOI,اميز مول,4.1,3.3,3.1,1996,16,عطر اميز مول,AIMEZ MOI
1678,Diptyque,ديبتيك,Orpheon,اورفيون,4.3,3.4,2.6,2021,750,عطر اورفيون,Orpheon
1679,Dolce Gabbana,دولتشي غابانا,& Pour Femme Intense,بور فيمي انتنس,3.8,3.6,3.4,2013,290,عطر بور فيمي انتنس,& Pour Femme Intense
1680,FREDERIC MALLE,فريدريك مال,Lipstick Rose,ليب ستيك روز,4.05,3.5,3,2000,1000,عطر ليب ستيك روز,Lipstick Rose
1681,Giorgio Armani,ارماني,Acqua Di Gio Absolu Instinct,اكوا جيو ابسولو انستنكت الرجالي,3.75,3.6,3.5,2019,370,عطر اكوا جيو ابسولو انستنكت الرجالي,Acqua Di Gio Absolu Instinct
1682,Givenchy,جيفنشي,Very Irresistible Intense,فيري ارزسستبل انتنس,3.7,3.6,3.6,2011,200,عطر فيري ارزسستبل انتنس,Very Irresistible Intense
1683,Givenchy,جيفنشي,Vetyver,فيتيفر,4,3.6,3,2007,210,عطر فيتيفر,Vetyver
1684,Guerlain,غيرلان,Shalimar Souffle de Parfum,شاليمار,3.85,3.5,3.4,2014,290,عطر شاليمار,Shalimar Souffle de Parfum
1685,J.F.,جي أف شوارزلوس برلين,Treffpunkt 8 Uhr J.F. Schwarzlose Berlin,اف ترفبنكت يو اتش آر,3.8,3.6,3.4,2012,650,عطر اف ترفبنكت يو اتش آر,Treffpunkt 8 Uhr J.F. Schwarzlose Berlin
1686,JeanPaulGaultie,جان بول غولتير,Jean Paul Gaultier Le Male Le Parfum Intense,لومال لي انتنس,4,3.6,3,1995,390,عطر لومال لي انتنس,Jean Paul Gaultier Le Male Le Parfum Intense
1687,JeanPaulGaultie,جان بول غولتير,Male Jean Paul Gaultier,لومال الرجالي,4,3.6,3,1995,9,عطر لومال الرجالي,Male Jean Paul Gaultier
1688,Kilian,كيليان,Woman in Gold BY,باي وومن ان قولد,4,3.5,3.1,2017,20,عطر باي وومن ان قولد,Woman in Gold BY
1689,Masque Milano,ماسك ميلانو,L'Attesa,لاتيسا,4.05,3.6,2.9,2016,650,عطر لاتيسا,L'Attesa
1690,Paco Rabanne,باكو رابان,Invictus Aqua,انفكتوس اكوا,3.7,3.6,3.6,2016,250,عطر انفكتوس اكوا,Invictus Aqua
1691,Parfums de Marly,مارلي,Galloway,جالواي,4.05,3.6,2.9,2014,250,عطر جالواي,Galloway
1692,TizianaTerenzi,تيزيانا تيرينزي,Andromeda TIZIANA TERENZI,اندروميدا,3.65,3.8,3.5,2015,16,عطر اندروميدا,Andromeda TIZIANA TERENZI
1693,YSL,ايف سان لوران,Yves Saint Laurent Mon Paris,مون باريس,3.8,3.6,3.4,2016,450,عطر مون باريس,Yves Saint Laurent Mon Paris
1694,Yves Saint Laur,ايف سان لوران,Laurent Opium,اوبيوم النسائي,3.6,3.8,3.6,2014,480,عطر اوبيوم النسائي,Laurent Opium
1695,Giorgio Armani,ارماني,Eau de Cedre,سيدار الاخضر,4.3,3.3,2.7,2015,13,عطر سيدار الاخضر,Eau de Cedre
1696,M Micallef,ميكاليف,M. Akowa,أكوا,3.8,3.8,3.2,2015,370,عطر أكوا,M. Akowa
1697,Montale,مونتال,Day Dreams,داي دريم,3.55,3.8,3.7,2017,200,عطر داي دريم,Day Dreams
1698,PENHALIGONS,بنهاليغونز,Lothair Penhaligon's,بنهاليغنز لوثير,4.3,3.3,2.7,2014,800,عطر بنهاليغنز لوثير,Lothair Penhaligon's
1699,Parfums de Marly,مارلي,Sedbury,سيدبيري النسائي,3.55,3.8,3.7,2015,620,عطر سيدبيري النسائي,Sedbury
1700,Lancome,لانكوم,Santal Kardamon,ميسون سانتال كاردامون,3.89,3.5,3.3,2018,12,عطر ميسون سانتال كاردامون,Santal Kardamon
1701,Parfums de Marly,مارلي,Greenley,جرينلي,4.19,3.5,2.7,2020,255,عطر جرينلي,Greenley
1702,Acqua Di Parma,اكوا دي بارما,Colonia Ambra di,امبرا,4.09,3.4,3,2015,850,عطر امبرا,Colonia Ambra di
1703,Atkinsons,اتكينسونس,Gold Fair in Mayfair,جولد فير إن مايفير من,4.09,3.4,3,2018,200,عطر جولد فير إن مايفير من,Gold Fair in Mayfair
1704,Atkinsons,اتكينسونس,The Other Side of Oud,أتكينسونس ذا أوذر سايد أوف عود,3.94,3.6,3.1,2019,480,عطر أتكينسونس ذا أوذر سايد أوف عود,The Other Side of Oud
1705,BYREDO,بيريدو,Vanille Antique,فانيل انتيك,4.04,3.6,2.9,2022,25,عطر فانيل انتيك,Vanille Antique
1706,Boadicea,بوديسيا ذا فيكتوريوس,Monarch THE VICTORIOUS,مونارك,3.99,3.5,3.1,2015,16,عطر مونارك,Monarch THE VICTORIOUS
1707,Burberry,بربري,My,ماي,3.79,3.6,3.4,2014,360,عطر ماي,My
1708,Chopard,شوبارد,Amber Malaki,عنبر ملكي,4.09,3.5,2.9,2015,270,عطر عنبر ملكي,Amber Malaki
1709,FREDERIC MALLE,فريدريك مال,Ric .,اكني ستوديوز,3.94,3.6,3.1,2024,868,عطر اكني ستوديوز,Ric .
1710,Francesca Bia,فرانشيسكا بيانكي,Musk - Extrait - Bianchi,مسك,3.94,3.8,2.9,2022,470,عطر مسك,Musk - Extrait - Bianchi
1711,Giorgio Armani,ارماني,Indigo Tanzanite,جورجيو إنديجو تنزانيت,3.99,3.6,3,2022,17,عطر جورجيو إنديجو تنزانيت,Indigo Tanzanite
1712,Gucci,قوتشي,A Midnight Stroll,ميدنايت سترول,4.14,3.4,2.9,2020,1100,عطر ميدنايت سترول,A Midnight Stroll
1713,MEMO PARIS,ميمو باريس,Irish Leather,ايريش ليذر,3.99,3.6,3,2013,500,عطر ايريش ليذر,Irish Leather
1714,MEMO PARIS,ميمو باريس,Irish Leather Hair,كويرس نومادز أيريش ليذر للشعر,3.99,3.6,3,2013,280,عطر كويرس نومادز أيريش ليذر للشعر,Irish Leather Hair
1715,Olfattivo,لابوراتوريو,Alambar - Labratorio,الامبر ادو,4.04,3.6,2.9,2010,485,عطر الامبر ادو,Alambar - Labratorio
1716,Pana Dora,بانا دورا,Livet Vatten,ليفيت فاتن,3.74,3.5,3.6,2019,240,عطر ليفيت فاتن,Livet Vatten
1717,Parfums de Marly,مارلي,Kalan,كالان,3.64,3.9,3.4,2019,250,عطر كالان,Kalan
1718,Tauer Perfumes,اندي تاور,Heraud,هيرود الكسير,3.89,3.7,3.1,2024,26,عطر هيرود الكسير,Heraud
1719,Thomas Kosmala,توماس كوسمالا,No. 12,رقم عود دوز,4.09,3.5,2.9,2018,450,عطر رقم عود دوز,No. 12
1720,Versace,فرزاتشي,Dreamer The Original,ذا دريمر,4.09,3.5,2.9,1996,215,عطر ذا دريمر,Dreamer The Original
1721,Etro,ايترو,Udaipur,اودايبور,4.14,3.3,3,2018,590,عطر اودايبور,Udaipur
1722,Gucci,قوتشي,Flora 1966,فلورا الاسود,3.94,3.5,3.2,2010,285,عطر فلورا الاسود,Flora 1966
1723,Lalique,لاليك,Ombre Noire,اومبر نوار الرجالي,4.34,3.2,2.7,2017,8,عطر اومبر نوار الرجالي,Ombre Noire
1724,Dior,كريستيان ديور,Homme,هوم,4.23,3.4,2.7,2020,220,عطر هوم,Homme
1725,Dior,كريستيان ديور,Homme 2020,هوم الاصدار الجديد,4.23,3.4,2.7,2020,13,عطر هوم الاصدار الجديد,Homme 2020
1726,Dior,كريستيان ديور,Homme 2022,اوم,4.23,3.4,2.7,2020,12,عطر اوم,Homme 2022
1727,Dior,كريستيان ديور,Homme Parfum,هوم,4.23,3.4,2.7,2020,14,عطر هوم,Homme Parfum
1728,Dior,كريستيان ديور,Homme Parfum 2025,هوم الاصدار الجديد,4.23,3.4,2.7,2020,600,عطر هوم الاصدار الجديد,Homme Parfum 2025
1729,AMOUAGE,امواج,Lustre and men,لوستر اسنس,3.88,3.7,3.1,2024,1250,عطر لوستر اسنس,Lustre and men
1730,Boadicea,بوديسيا ذا فيكتوريوس,Glorious THE VICTORIOUS,جلوريوس,4.03,3.4,3.1,2012,750,عطر جلوريوس,Glorious THE VICTORIOUS
1731,Carolina Herra,كارولينا هيريرا,Good Girl Blush Elixir Herrera,جود جيرل بلوش اليكسير,4.03,3.5,3,2024,480,عطر جود جيرل بلوش اليكسير,Good Girl Blush Elixir Herrera
1732,Givenchy,جيفنشي,Live Irresistible,لايف ارزيستبل,3.78,3.6,3.4,2015,310,عطر لايف ارزيستبل,Live Irresistible
1733,Histoires De Parfums,هيستورا,Moulin Rouge,هيستوريس مولان روج النسائي,4.03,3.5,3,2010,680,عطر هيستوريس مولان روج النسائي,Moulin Rouge
1734,Imaginaires,ليكويد اماجينيرز,Desert Suave Les Liquides,ديزرت سواف,3.93,3.6,3.1,2018,690,عطر ديزرت سواف,Desert Suave Les Liquides
1735,Jesus Del Pozo,خيسوس دل بوزو,Gold Tuberose Nights,جي ديل جولد توبيروز نايتس,3.58,3.8,3.6,2020,295,عطر جي ديل جولد توبيروز نايتس,Gold Tuberose Nights
1736,Korloff,كورلوف,Silver Wood Paris,سيلفر وود,3.98,3.5,3.1,2016,215,عطر سيلفر وود,Silver Wood Paris
1737,MEMO PARIS,ميمو باريس,Shams Narcissus,شمس نارسيسوس,3.73,3.6,3.5,2014,660,عطر شمس نارسيسوس,Shams Narcissus
1738,Mancera,مانسيرا,Kumkat Wood,كومكات وود,3.93,3.6,3.1,2013,355,عطر كومكات وود,Kumkat Wood
1739,Mont Blanc,مونت بلانك,Lady Emblem Elixir,ليدي امبليم الكسير,3.83,3.5,3.4,2016,220,عطر ليدي امبليم الكسير,Lady Emblem Elixir
1740,Nicolai,نيكولاي,Cuir Cuba Intense Parfumeur Createur,كيور كوبا انتنس,3.93,3.6,3.1,2014,450,عطر كيور كوبا انتنس,Cuir Cuba Intense Parfumeur Createur
1741,Pana Dora,بانا دورا,Patchouli Dust,باتشولي دوست من بانادورا,3.93,3.7,3,2023,780,عطر باتشولي دوست من بانادورا,Patchouli Dust
1742,Valentino,فالنتينو,Uomo Acqua,اومو اكوا الرجالي,4.13,3.2,3.1,2017,460,عطر اومو اكوا الرجالي,Uomo Acqua
1743,Amouroud,امور عود,Midnight Rose,ميدنايت روز,4.03,3.3,3.2,2016,490,عطر ميدنايت روز,Midnight Rose
1744,Boucheron,بوشرون,Quatre,كواتر النسائي,4.03,3.3,3.2,2015,270,عطر كواتر النسائي,Quatre
1745,Guerlain,غيرلان,L’Homme Ideal,لي هوم ايديل الرجالي,4.18,3.4,2.8,2014,10,عطر لي هوم ايديل الرجالي,L’Homme Ideal
1746,Histoires De Parfums,هيستورا,Noir Patchouli,هيستوريس نوار باتشولي,3.78,3.7,3.3,,450,عطر هيستوريس نوار باتشولي,Noir Patchouli
1747,Prada,برادا,Femme Water Splash,لا فيمي واتر سبلاش النسائي,3.93,3.4,3.3,2019,370,عطر لا فيمي واتر سبلاش النسائي,Femme Water Splash
1748,nasamat najd,نسمات نجد,GINGER,جينجر,4.38,3,2.8,2024,10,عطر جينجر,GINGER
1749,Bentley,بنتلي,Momentum,مومنتم,3.77,3.6,3.4,2017,190,عطر مومنتم,Momentum
1750,Electimuss,الكتيموس,Mercurial Cashmere,اليكتيموس كاشميري بيور,4.12,3.4,2.9,2021,750,عطر اليكتيموس كاشميري بيور,Mercurial Cashmere
1751,Etienne Aigner,اجنر,Black,بلاك,4.07,3.4,3,2005,215,عطر بلاك,Black
1752,JeanPaulGaultie,جان بول غولتير,Belle Fleur Terrible Jean Paul Gaultier,لا ييل فلير تريبل,4.07,3.5,2.9,2022,580,عطر لا ييل فلير تريبل,Belle Fleur Terrible Jean Paul Gaultier
1753,Kenzo,كنزو,Homme Indigo,كينزو هوم إنديغو,3.97,3.7,2.9,2025,260,عطر كينزو هوم إنديغو,Homme Indigo
1754,Lorenzo Villo,لورينزو فيلوريسي,Villoresi ALAMUT,ألموت من,3.97,3.5,3.1,2006,480,عطر ألموت من,Villoresi ALAMUT
1755,The Woods,ذا وودز كوليكشن,Collection Eden,كولكشن إيدن,4.07,3.4,3,2018,10,عطر كولكشن إيدن,Collection Eden
1756,V Canto,في كانتو,Psiche V,بيشي,3.67,3.8,3.4,2020,940,عطر بيشي,Psiche V
1757,Acqua Di Parma,اكوا دي بارما,Essenza di Colonia di,ايسنزا,4.32,3.2,2.7,2010,470,عطر ايسنزا,Essenza di Colonia di
1758,Acqua Di Parma,اكوا دي بارما,Oud & Spice di,عود أند سبايس من,3.92,3.7,3,2021,730,عطر عود أند سبايس من,Oud & Spice di
1759,Diptyque,ديبتيك,Tempo,تيمبو,4.17,3.4,2.8,2018,330,عطر تيمبو,Tempo
1760,Montale,مونتال,Soleil de Capri,سولي كابري,3.97,3.4,3.2,,340,عطر سولي كابري,Soleil de Capri
1761,Ormonde Jayne,اورموند جين,Man,ارموند مان من,4.22,3.3,2.8,2004,850,عطر ارموند مان من,Man
1762,The Woods,ذا وودز كوليكشن,Panorama Collection,وود كولكشن بانوراما,4.27,3.3,2.7,2020,10,عطر وود كولكشن بانوراما,Panorama Collection
1763,BDK Parfums,بي دي كي,Gris Charnel,جريس شارنيل,4.21,3.4,2.7,2019,15,عطر جريس شارنيل,Gris Charnel
1764,BVLGARI,بولغاري,Gemme Rubinia,لو جيم روبينيا,3.81,3.6,3.3,2018,15,عطر لو جيم روبينيا,Gemme Rubinia
1765,BVLGARI,بولغاري,Rubinia,روبينيا إصدار خاص,3.81,3.6,3.3,2018,350,عطر روبينيا إصدار خاص,Rubinia
1766,Bentley,بنتلي,Momentum Unlimited,مومنتم انلميتيد,3.96,3.4,3.2,2018,190,عطر مومنتم انلميتيد,Momentum Unlimited
1767,Caron,كارون,Poivre Sacre,سكير,3.91,3.7,3,2022,16,عطر سكير,Poivre Sacre
1768,Chanel,شانيل,Allure Homme Sport,الور اوم سبورت,4.26,3.2,2.8,2004,15,عطر الور اوم سبورت,Allure Homme Sport
1769,Dior,كريستيان ديور,Happy Hour,هابي اور من,4.31,2.9,3,2018,16,عطر هابي اور من,Happy Hour
1770,Giorgio Armani,ارماني,Emporio In Love With You,امبوريو ان لوف ويذ يو النسائي,3.76,3.6,3.4,2018,370,عطر امبوريو ان لوف ويذ يو النسائي,Emporio In Love With You
1771,Gucci,قوتشي,The Eyes Of The Tiger,ذا آيز أوف تايجر,4.06,3.5,2.9,2019,1100,عطر ذا آيز أوف تايجر,The Eyes Of The Tiger
1772,Guerlain,غيرلان,Oud Nude,عود نود,4.21,3.4,2.7,2022,260,عطر عود نود,Oud Nude
1773,Halloween,هالوين,Man X,مان اكس,4.21,3.4,2.7,2019,250,عطر مان اكس,Man X
1774,Initio,انيشيو,Musk Therapy Parfums Prives,مسك ثيرابي اكسترايت,4.21,3.5,2.6,2021,330,عطر مسك ثيرابي اكسترايت,Musk Therapy Parfums Prives
1775,JeanPaulGaultie,جان بول غولتير,Beau Le Parfum Jean Paul Gaultier,لو بو الرجالي انتنس,4.31,3.2,2.7,2019,460,عطر لو بو الرجالي انتنس,Beau Le Parfum Jean Paul Gaultier
1776,Lalique,لاليك,Terres Aromatiques,بريمير تيريز اروماتيك نوار,4.16,3.2,3,2014,420,عطر بريمير تيريز اروماتيك نوار,Terres Aromatiques
1777,MEMO PARIS,ميمو باريس,Madurai,مادوراي,4.06,3.5,2.9,2022,700,عطر مادوراي,Madurai
1778,MEMO PARIS,ميمو باريس,Marfa,مارفا اوديو,3.91,3.6,3.1,2016,590,عطر مارفا اوديو,Marfa
1779,Min New York,مين نيويورك,Shaman,شامان,3.91,3.5,3.2,2014,16,عطر شامان,Shaman
1780,Nishane,نيشاني,Deziro,ديزيرو اكسترايت,4.01,3.6,2.9,2024,800,عطر ديزيرو اكسترايت,Deziro
1781,Ormonde Jayne,اورموند جين,Tolu,ارموند تولو,4.06,3.5,2.9,2002,1000,عطر ارموند تولو,Tolu
1782,Parfums de Marly,مارلي,Delina La Rosee,ديلينا لا روز,4.16,3.4,2.8,2021,770,عطر ديلينا لا روز,Delina La Rosee
1783,Parfums de Marly,مارلي,E,ديلينا لا روزي,4.16,3.4,2.8,2021,500,عطر ديلينا لا روزي,E
1784,Prada,برادا,Femme Leau,لافام ليو الزهري,3.96,3.4,3.2,2017,320,عطر لافام ليو الزهري,Femme Leau
1785,Ramon Monegal,رامون مونيجال,Impossible Iris,امبوسيبول آيريس,3.96,3.4,3.2,2010,600,عطر امبوسيبول آيريس,Impossible Iris
1786,S T Dupont,ديبون,Passenger S.T.,اس تي باسنجر,4.01,3.5,3,2008,140,عطر اس تي باسنجر,Passenger S.T.
1787,TOM FORD,توم فورد,Noir,نوار الاسود الرجالي,4.06,3.5,2.9,2012,570,عطر نوار الاسود الرجالي,Noir
1788,Tauer Perfumes,اندي تاور,L'Air Des Alpes Suisses,هواء جبال الألب السويسري,4.06,3.5,2.9,2019,880,عطر هواء جبال الألب السويسري,L'Air Des Alpes Suisses
1789,V Canto,في كانتو,Cor Gentile V,كور جينتيل,3.96,3.3,3.3,2015,550,عطر كور جينتيل,Cor Gentile V
1790,Van Cleef,فان كليف اند اربلز,&Arpels So First,سو فيرست,3.91,3.4,3.3,2016,250,عطر سو فيرست,&Arpels So First
1791,Caron,كارون,Fleur De Rocaille,فلور ريكاي,4.06,3.3,3.1,1934,850,عطر فلور ريكاي,Fleur De Rocaille
1792,Laurent Mazzone,لورنت مازون,Sensual Orchid Parfums,لورين سنشوال اوركيد,4.06,3.3,3.1,2012,500,عطر لورين سنشوال اوركيد,Sensual Orchid Parfums
1793,Guerlain,غيرلان,Iris Torrefie and men,ايريس توريفييه,4.2,3.2,2.9,2020,17,عطر ايريس توريفييه,Iris Torrefie and men
1794,Guerlain,غيرلان,L’Homme Ideal Cool,لوم ايديال كول,4.15,3.3,2.9,2019,400,عطر لوم ايديال كول,L’Homme Ideal Cool
1795,Zegna,زينيا,Ermenegildo Intenso,انتنسيو الرجالي,4.2,3.2,2.9,2007,190,عطر انتنسيو الرجالي,Ermenegildo Intenso
1796,Azzaro,ازارو,Chrome Legend,ليجند كروم,3.9,3.5,3.2,2007,220,عطر ليجند كروم,Chrome Legend
1797,Bentley,بنتلي,Momentum Intense,مومنتم انتنس,3.75,3.6,3.4,2017,190,عطر مومنتم انتنس,Momentum Intense
1798,Carolina Herrera,كارولينا,212 Sexy,هيريرا سكسي النسائي,3.85,3.4,3.4,2006,270,عطر هيريرا سكسي النسائي,212 Sexy
1799,Dolce Gabbana,دولتشي غابانا,& Light Blue,لايت بلو النسائي,3.8,3.5,3.4,2017,330,عطر لايت بلو النسائي,& Light Blue
1800,Givenchy,جيفنشي,Very Irresistible,فيري اريسيستيبل,3.9,3.5,3.2,2003,330,عطر فيري اريسيستيبل,Very Irresistible
1801,Hugo Boss,هوغو بوس,Red,رد الرجالي,3.75,3.6,3.4,2001,150,عطر رد الرجالي,Red
1802,MEMO PARIS,ميمو باريس,Lalibela,لاليبلا,3.95,3.5,3.1,2007,575,عطر لاليبلا,Lalibela
1803,Mancera,مانسيرا,French Riviera,فرنش ريڤيرا,4.05,3.6,2.8,2022,350,عطر فرنش ريڤيرا,French Riviera
1804,Nicolai,نيكولاي,Ambre Cashmere Intense Parfumeur Createur,عنبر كشمير إنتنس,4,3.6,2.9,2015,490,عطر عنبر كشمير إنتنس,Ambre Cashmere Intense Parfumeur Createur
1805,Orto Parisi,اورتو باريسي,Fond d'Amour De Gabor,جابور فون دامور,4,3.6,2.9,2024,18,عطر جابور فون دامور,Fond d'Amour De Gabor
1806,Paco Rabanne,باكو رابان,Invictus,انفكتوس,3.8,3.5,3.4,2013,320,عطر انفكتوس,Invictus
1807,Provenzano,بروفينزانو,Christian Parfums flordi ise,كريستيان فلوردي آسي,3.8,3.4,3.5,2021,16,عطر كريستيان فلوردي آسي,Christian Parfums flordi ise
1808,Serge Lutens,سيرج لوتنس,L'orpheline,لورفيلين,3.85,3.6,3.2,2014,450,عطر لورفيلين,L'orpheline
1809,TOM FORD,توم فورد,Fleur de Chine,فلور شاين دى,4.05,3.2,3.2,2013,950,عطر فلور شاين دى,Fleur de Chine
1810,TOM FORD,توم فورد,Santal Blush,سانتال بلاش من بافريوم,4.1,3.4,2.9,2011,580,عطر سانتال بلاش من بافريوم,Santal Blush
1811,XERJOFF,زيرجوف,Blue Hope,بلو هوب,3.95,3.5,3.1,2014,370,عطر بلو هوب,Blue Hope
1812,Yves Saint Laur,ايف سان لوران,Laurent L'Homme L'intense,ال هوم انتنس,3.75,3.6,3.4,2013,380,عطر ال هوم انتنس,Laurent L'Homme L'intense
1813,Yves Saint Laur,ايف سان لوران,Laurent Manifesto Leclat,مانفيستو ليكلا,3.85,3.6,3.2,2014,230,عطر مانفيستو ليكلا,Laurent Manifesto Leclat
1814,Calvin Klein,كالفن كلاين,Pure Gold Euphoria Women,كالفين ايفوريا بيور قولد,3.55,3.8,3.6,2017,260,عطر كالفين ايفوريا بيور قولد,Pure Gold Euphoria Women
1815,Carolina Herra,كارولينا هيريرا,Herrera 212 VIP Men Club Edition,كلوب اديشن الرجالي,3.55,3.8,3.6,2015,350,عطر كلوب اديشن الرجالي,Herrera 212 VIP Men Club Edition
1816,Laurent Mazzone,لورنت مازون,Ultimate Seduction,لورين التميت سيدكشن,3.55,3.8,3.6,2014,800,عطر لورين التميت سيدكشن,Ultimate Seduction
1817,Abercrombie & Fitch,ابيركرومبي,Fierce &,أبركرومبي آند فيتش فيرس,4.24,3.1,2.9,2002,235,عطر أبركرومبي آند فيتش فيرس,Fierce &
1818,Azzaro,ازارو,Wanted,وانتيد,3.89,3.6,3.1,2016,250,عطر وانتيد,Wanted
1819,Bentley,بنتلي,Infinite Rush White Edition,انفينيت رش وايت ايديشن,3.84,3.4,3.4,2016,180,عطر انفينيت رش وايت ايديشن,Infinite Rush White Edition
1820,Boadicea,بوديسيا ذا فيكتوريوس,Energizer,إنرجايزر,4.14,3.4,2.8,2008,800,عطر إنرجايزر,Energizer
1821,Boucheron,بوشرون,Jaipur Bracelet,جايبور براسلي,4.04,3.4,3,2012,290,عطر جايبور براسلي,Jaipur Bracelet
1822,Carner Barcelona,كارنر برشلونة,EL BORN,لي بورن,4.09,3.4,2.9,2014,450,عطر لي بورن,EL BORN
1823,Chopard,شوبارد,Enchanted,انشانتيد,3.94,3.3,3.3,2012,250,عطر انشانتيد,Enchanted
1824,Dior,كريستيان ديور,Jadore in Joy,جادور ان جوي,3.79,3.5,3.4,2017,470,عطر جادور ان جوي,Jadore in Joy
1825,Dolce Gabbana,دولتشي غابانا,Light Blue Eau Intense By &,لايت بلو ايو انتنس الرجالي,4.14,3.4,2.8,2017,10,عطر لايت بلو ايو انتنس الرجالي,Light Blue Eau Intense By &
1826,Du Bois,دو بوا,Siberian Rose Fragrance,فراغرنس سيبيريان روز,3.99,3.5,3,2020,20,عطر فراغرنس سيبيريان روز,Siberian Rose Fragrance
1827,Ex Nihilo,اكس نيهيلو,The Hedonist Ex,ذا هيدونيست,4.09,3.4,2.9,2021,980,عطر ذا هيدونيست,The Hedonist Ex
1828,Givenchy,جيفنشي,Dahlia Divin,داليا ديفين,3.84,3.5,3.3,2014,330,عطر داليا ديفين,Dahlia Divin
1829,Gres,جريس,S,بيرفيومز كابوتين,3.69,3.7,3.4,1990,120,عطر بيرفيومز كابوتين,S
1830,Jimmy Choo,جيمي شوو,I Want Forever,تشو النسائي,4.09,3.4,2.9,2022,365,عطر تشو النسائي,I Want Forever
1831,Louis Vuitton,لويس فيتون,Jour se Leve Sample,لي جور سي ليف,4.24,3.2,2.8,2018,950,عطر لي جور سي ليف,Jour se Leve Sample
1832,MEMO PARIS,ميمو باريس,Oriental Leather,أورينتال ليذر,3.79,3.6,3.3,2019,16,عطر أورينتال ليذر,Oriental Leather
1833,Matiere Premier,ماتيري بريمير,Santal Austral Premiere,سانتال أوسترال,3.89,3.7,3,2019,900,عطر سانتال أوسترال,Santal Austral Premiere
1834,Min New York,مين نيويورك,First Time,فيرست تايم,4.04,3.7,2.7,2022,550,عطر فيرست تايم,First Time
1835,Min New York,مين نيويورك,Forever Now,فوريفر ناو,4.04,3.4,3,2015,740,عطر فوريفر ناو,Forever Now
1836,Orto Parisi,اورتو باريسي,EIGHT & BOB,ايت آند بوب,4.04,3.5,2.9,2012,750,عطر ايت آند بوب,EIGHT & BOB
1837,Serge Lutens,سيرج لوتنس,Vierge De Fer,لا فيرج فير,4.09,3.3,3,2013,600,عطر لا فيرج فير,Vierge De Fer
1838,Trussardi,تروساردي,My Name,ماي نيم,4.04,3.4,3,2013,280,عطر ماي نيم,My Name
1839,Boadicea,بوديسيا ذا فيكتوريوس,THE VICTORIOUS Heroine,هيروين,4.04,3.3,3.1,2019,20,عطر هيروين,THE VICTORIOUS Heroine
1840,Histoires De Parfums,هيستورا,Veni,فيني هيستوريس بارفيومز,4.04,3.3,3.1,2012,520,عطر فيني هيستوريس بارفيومز,Veni
1841,Lancome,لانكوم,Magnolia Rosae,ميسون ماجنوليا روزيه,4.09,3.2,3.1,2019,650,عطر ميسون ماجنوليا روزيه,Magnolia Rosae
1842,AMOUAGE,امواج,Material,ماتيريال,3.93,3.7,2.9,2021,1050,عطر ماتيريال,Material
1843,Acqua Di Parma,اكوا دي بارما,Di Sandalo,ساندالو,4.03,3.5,2.9,2019,750,عطر ساندالو,Di Sandalo
1844,CREED,كريد,Delphinus,دلفينوس,4.13,3.4,2.8,2024,1200,عطر دلفينوس,Delphinus
1845,Carolina Herra,كارولينا هيريرا,Herrera CH Pasion,بيشون النسائي,4.08,3.5,2.8,2023,430,عطر بيشون النسائي,Herrera CH Pasion
1846,Chanel,شانيل,Bleu,بلو,4.18,3.3,2.8,2010,15,عطر بلو,Bleu
1847,Chanel,شانيل,Bleu de Parfum,بلو الاصدار المركز,4.18,3.3,2.8,2010,15,عطر بلو الاصدار المركز,Bleu de Parfum
1848,Chanel,شانيل,Chance,شانس,3.93,3.4,3.2,2010,550,عطر شانس,Chance
1849,Francesca Bia,فرانشيسكا بيانكي,Encounters Bianchi,انكاونترز,3.93,3.7,2.9,2023,370,عطر انكاونترز,Encounters Bianchi
1850,Givenchy,جيفنشي,Insense Ultramarine,انسنس الترا مارين الازرق الرجالي,4.03,3.4,3,1994,230,عطر انسنس الترا مارين الازرق الرجالي,Insense Ultramarine
1851,Humbert Lucas,همبرت لوكاس,Phane 777,ستيفن بانثيا آيريس,4.08,3.4,2.9,2019,540,عطر ستيفن بانثيا آيريس,Phane 777
1852,Initio,انيشيو,High Frequency,هاي فريكونسي,3.88,3.5,3.2,2016,770,عطر هاي فريكونسي,High Frequency
1853,Issey Miyake,ايسي مياكي,L'Eau d' Pour Homme Intense,إيسي مايكي لو أيسي بور أوم إنتنس,4.13,3.4,2.8,2007,210,عطر إيسي مايكي لو أيسي بور أوم إنتنس,L'Eau d' Pour Homme Intense
1854,Jeroboam,جيروبوم,Insulo,جيروبام انسولو,4.03,3.6,2.8,2015,380,عطر جيروبام انسولو,Insulo
1855,Lorenzo,لورينزو بازاليا,Dark Florum Pazzaglia,دارك فلوروم لورنزو بازاجليا,3.73,3.5,3.5,2024,780,عطر دارك فلوروم لورنزو بازاجليا,Dark Florum Pazzaglia
1856,Maison Crivelli,مايزون كريفيلي,Iris Malikhan,ايرس ماليكان,4.03,3.6,2.8,2020,25,عطر ايرس ماليكان,Iris Malikhan
1857,Mizensir,ميزنسير,Legend Leather,ليجند ليذر,4.18,3.3,2.8,2024,700,عطر ليجند ليذر,Legend Leather
1858,Mizensir,ميزنسير,Musc Eternel,مسك اتيرنيل,4.08,3.5,2.8,2015,14,عطر مسك اتيرنيل,Musc Eternel
1859,Nilafar du Nil,نيلافار دو نيل,Jardins de la Bargamote,جاردن لابرغموت,4.28,3.2,2.7,2021,11,عطر جاردن لابرغموت,Jardins de la Bargamote
1860,Ormonde Jayne,اورموند جين,Xandria,ارموند,3.83,3.6,3.2,2020,650,عطر ارموند,Xandria
1861,Robert Piguet,روبرت بيغيه,Calypso,روبيرت بيجيه كاليبسو,4.13,3.2,3,2010,610,عطر روبيرت بيجيه كاليبسو,Calypso
1862,Roja Parfums,روجا بارفيومز,Pour Femme Dove,النسائي,4.23,3,3,,35,عطر النسائي,Pour Femme Dove
1863,Zegna,زينيا,Italian Bergamot Ermenegildo,ايتالين برغموت,4.28,3.1,2.8,2012,16,عطر ايتالين برغموت,Italian Bergamot Ermenegildo
1864,AMOUAGE,امواج,Remain,أمواج ريمين,3.88,3.6,3.1,2026,20,عطر أمواج ريمين,Remain
1865,Du Bois,دو بوا,New York 5th Avenue Fragrance,فراغرنس نيويورك افينيو,3.93,3.5,3.1,2020,1000,عطر فراغرنس نيويورك افينيو,New York 5th Avenue Fragrance
1866,Giorgio Armani,ارماني,Acqua Di Gio Profondo Parfum,جورجيو اكوا جيو بروفوندو,4.33,3.2,2.6,2020,440,عطر جورجيو اكوا جيو بروفوندو,Acqua Di Gio Profondo Parfum
1867,Giorgio Armani,ارماني,Acqua di Gio Profondo,جورجيو اكوا جيو بروفوندو,4.33,3.2,2.6,2020,10,عطر جورجيو اكوا جيو بروفوندو,Acqua di Gio Profondo
1868,Gres,جريس,Musc Ambre Gris Affinessence,افينسنس مسك عنبر,3.73,3.9,3.1,2017,800,عطر افينسنس مسك عنبر,Musc Ambre Gris Affinessence
1869,Hugo Boss,هوغو بوس,Bottled Unlimited,بوتلد انليميتد,4.08,3.2,3.1,2014,280,عطر بوتلد انليميتد,Bottled Unlimited
1870,Mont Blanc,مونت بلانك,Emblem Absolu,امبليم ابسولو,3.98,3.4,3.1,2017,220,عطر امبليم ابسولو,Emblem Absolu
1871,Nicolai,نيكولاي,Rose Oud,روز عود,3.88,3.6,3.1,2013,14,عطر روز عود,Rose Oud
1872,Santi Burgas,سانتي بورجاس,Lorose,لوروز,3.93,3.5,3.1,2013,480,عطر لوروز,Lorose
1873,Sunset Cafe,سن سيت كافيه,Avalon Peach,أفالون بيتش للأطفال,4.18,3.5,2.6,2023,50,عطر أفالون بيتش للأطفال,Avalon Peach
1874,Sunset Cafe,سن سيت كافيه,CHERRY BOMB,كافي شيري بومب للأطفال,4.18,3.5,2.6,2023,50,عطر كافي شيري بومب للأطفال,CHERRY BOMB
1875,Yves Saint Laur,ايف سان لوران,MYSLF Le Parfum LAURENT,ماي سيلف لي,4.33,3.2,2.6,2023,440,عطر ماي سيلف لي,MYSLF Le Parfum LAURENT
1876,Alexandre,الكسندر ماكويين,Black Muscs .J,جي ذا كوليكتور بلاك مسك,3.77,3.6,3.3,2012,11,عطر جي ذا كوليكتور بلاك مسك,Black Muscs .J
1877,FREDERIC MALLE,فريدريك مال,Iris Poudre,ايريس باودر,4.07,3.4,2.9,2000,325,عطر ايريس باودر,Iris Poudre
1878,Guerlain,غيرلان,Mon Bloom Of Rose,مون بلوم اوف روز,3.72,3.6,3.4,2020,360,عطر مون بلوم اوف روز,Mon Bloom Of Rose
1879,Guerlain,غيرلان,Vetiver,فيتيفر الاخضر,4.17,3.4,2.7,2000,10,عطر فيتيفر الاخضر,Vetiver
1880,Guerlain,غيرلان,Vetiver Parfum,فيتيفر,4.17,3.4,2.7,2000,415,عطر فيتيفر,Vetiver Parfum
1881,Juliette HAG,جولييت,Mad Madame Has A Gun,هاز اجن ماد مادام,3.72,3.7,3.3,2012,290,عطر هاز اجن ماد مادام,Mad Madame Has A Gun
1882,M Micallef,ميكاليف,DesirToxic M. and men,ديزاير توكسيك,4.12,3.4,2.8,2019,550,عطر ديزاير توكسيك,DesirToxic M. and men
1883,Nishane,نيشاني,Ambra Calabria,امبرا كالابريا,4.12,3.4,2.8,2015,480,عطر امبرا كالابريا,Ambra Calabria
1884,Ormonde Jayne,اورموند جين,Montabaco Flor,مونتباكو فلور من ارموند,4.07,3.4,2.9,2024,900,عطر مونتباكو فلور من ارموند,Montabaco Flor
1885,Pazzaglia,لورنزو بازاجليا,Dark Florum Lorenzo,دارك فلوروم,3.72,3.5,3.5,2024,16,عطر دارك فلوروم,Dark Florum Lorenzo
1886,AMOUAGE,امواج,Lilac Love,ليلك لوف للشعر,3.92,3.5,3.1,2016,300,عطر ليلك لوف للشعر,Lilac Love
1887,Acqua Di Parma,اكوا دي بارما,Note di Colonia I,نوت,4.22,3.1,2.9,2016,14,عطر نوت,Note di Colonia I
1888,Acqua Di Parma,اكوا دي بارما,Note di Colonia I di,نوت,4.22,3.1,2.9,2016,500,عطر نوت,Note di Colonia I di
1889,Atelier Flou,اتيلير فلو,Paradis,اتيليه باراديس,4.27,3,2.9,,15,عطر اتيليه باراديس,Paradis
1890,Chanel,شانيل,Allure Homme Sport Superleggera,الور سبورت سوبرليقرا,4.27,3.3,2.6,2024,220,عطر الور سبورت سوبرليقرا,Allure Homme Sport Superleggera
1891,Diesel,ديزل,Only The Brave Tattoo,أونلي ذا براف تاتو,4.02,3.4,3,2012,275,عطر أونلي ذا براف تاتو,Only The Brave Tattoo
1892,MEMO PARIS,ميمو باريس,Argentina,ارجنتينا,3.92,3.6,3,2021,730,عطر ارجنتينا,Argentina
1893,Mizensir,ميزنسير,Ambre Magique,عنبر ماجيك ادو,4.02,3.5,2.9,2022,560,عطر عنبر ماجيك ادو,Ambre Magique
1894,Yves Saint Laur,ايف سان لوران,Laurent Libre,ليبر,3.92,3.5,3.1,2019,430,عطر ليبر,Laurent Libre
1895,Yves Saint Laur,ايف سان لوران,Libre Le Parfum LAURENT,ليبر لو,3.92,3.5,3.1,2019,550,عطر ليبر لو,Libre Le Parfum LAURENT
1896,jar,رامون بيجار,Mar Enterna De Parfum Ramon Bejar,مار اتيرنا,4.22,3.3,2.7,2023,340,عطر مار اتيرنا,Mar Enterna De Parfum Ramon Bejar
1897,Chloe,كلوي,Love Story,لوف ستوري,3.91,3.4,3.2,2014,350,عطر لوف ستوري,Love Story
1898,El Ganso,الجنسو,Friday Edition El,فرايدي ايديشن,4.11,3.5,2.7,2019,9,عطر فرايدي ايديشن,Friday Edition El
1899,Houbigant,هوبيجان,Duc de Vervins,دوك فيرفينز هوبيجانت,3.91,3.4,3.2,1985,330,عطر دوك فيرفينز هوبيجانت,Duc de Vervins
1900,Lancome,لانكوم,Jasmins Marzipane,ميزون ياسمين مرزباني,4.11,3.2,3,2016,700,عطر ميزون ياسمين مرزباني,Jasmins Marzipane
1901,TOM FORD,توم فورد,White Patchouli,وايت باتشولي الابيض,3.81,3.6,3.2,2008,620,عطر وايت باتشولي الابيض,White Patchouli
1902,Alghabra,الغبرا,Scent of Paradise Parfums,سنت اوف برادايس,3.86,3.6,3.1,2018,530,عطر سنت اوف برادايس,Scent of Paradise Parfums
1903,BDK Parfums,بي دي كي,Tubereuse Imperiale,تيوب روز امبيريال اي,4.01,3.4,3,2016,680,عطر تيوب روز امبيريال اي,Tubereuse Imperiale
1904,Carner Barcelona,كارنر برشلونة,600,,4.06,3.4,2.9,2010,390,,600
1905,Dorsay,دورساي,Chevalier d'Orsay D’ORSAY,شيفالييه,4.11,3.3,2.9,1911,650,عطر شيفالييه,Chevalier d'Orsay D’ORSAY
1906,D’ORSAY,دورساي,Chevalier d'Orsay,شيفالييه,4.11,3.3,2.9,1911,15,عطر شيفالييه,Chevalier d'Orsay
1907,Hermes,هيرمس,Terre d' Eau Givree,تيري ايو جيفري,4.41,3.1,2.5,2022,10,عطر تيري ايو جيفري,Terre d' Eau Givree
1908,Min New York,مين نيويورك,Moon Dust,مون داست,3.96,3.5,3,2014,16,عطر مون داست,Moon Dust
1909,Roja Parfums,روجا بارفيومز,Apex Eau Intense Dov,دوف ابيكس إنتنس,4.06,3.4,2.9,2025,850,عطر دوف ابيكس إنتنس,Apex Eau Intense Dov
1910,The Woods,ذا وودز كوليكشن,Twilight Collection,كولكشن توايلايت,3.86,3.5,3.2,2017,10,عطر كولكشن توايلايت,Twilight Collection
1911,Valentino,فالنتينو,Donna,دونا النسائي,4.06,3.3,3,2015,11,عطر دونا النسائي,Donna
1912,Valentino,فالنتينو,Donna Hair,الشعر دونا من,4.06,3.3,3,2015,250,عطر الشعر دونا من,Donna Hair
1913,Acqua Di Parma,اكوا دي بارما,di Blu Mediterraneo - Ginepro di Sardegna di,أكوا جنيبرو سردينيا,4.2,3.2,2.8,2014,12,عطر أكوا جنيبرو سردينيا,di Blu Mediterraneo - Ginepro di Sardegna di
1914,Cartier,كارتير,Baiser Fou,بيزيه فو الاحمر,3.7,3.7,3.3,2017,280,عطر بيزيه فو الاحمر,Baiser Fou
1915,Roja Parfums,روجا بارفيومز,A Midsummer Dream Dove,ميد سمر دريم,4.15,3.3,2.8,2016,18,عطر ميد سمر دريم,A Midsummer Dream Dove
1916,Valentino,فالنتينو,Donna Born In Roma,دونا بورن ان روما,4.15,3.3,2.8,2019,10,عطر دونا بورن ان روما,Donna Born In Roma
1917,Amado,امادو,IRIS INTIMATE,أيريس إنتيميت,3,4,4.4,2026,16,عطر أيريس إنتيميت,IRIS INTIMATE
1918,Bois,بويس,d'Ebene Matiere Premiere,ماتيري بريميير ديبين,3.95,3.6,2.9,2019,18,عطر ماتيري بريميير ديبين,d'Ebene Matiere Premiere
1919,Carolina Herra,كارولينا هيريرا,Herrera 212 Sexy,سكسي الرجالي,3.8,3.4,3.4,2006,265,عطر سكسي الرجالي,Herrera 212 Sexy
1920,Etat,ايتات ليبر دي اورانج,Libre D'Orange Tom of Finland,ايتا ليبري توم أوف فينلاند,4.05,3.4,2.9,2007,450,عطر ايتا ليبري توم أوف فينلاند,Libre D'Orange Tom of Finland
1921,Lancome,لانكوم,Hypnose Homme,هيبنوز الاسود الرجالي,3.7,3.6,3.4,2007,320,عطر هيبنوز الاسود الرجالي,Hypnose Homme
1922,Lancome,لانكوم,Miracle,ميركل النسائي,3.95,3.4,3.1,2000,320,عطر ميركل النسائي,Miracle
1923,Louis Vuitton,لويس فيتون,Rose des Vents,روز فينتس,4,3.4,3,2016,1000,عطر روز فينتس,Rose des Vents
1924,Nasomatto,ناسوماتو,Hindu Grass,هندو جراس اكسترايت,3.6,3.8,3.4,2007,510,عطر هندو جراس اكسترايت,Hindu Grass
1925,Nasomatto,ناسوماتو,Silver Musk,سلفر مسك اكسترايت,3.9,3.6,3,2007,470,عطر سلفر مسك اكسترايت,Silver Musk
1926,Paco Rabanne,باكو رابان,Invictus Intense,انفكتوس انتنس,3.5,3.8,3.6,2017,200,عطر انفكتوس انتنس,Invictus Intense
1927,Parfums de Marly,مارلي,Perseus,بيرسيوس,3.9,3.7,2.9,2024,260,عطر بيرسيوس,Perseus
1928,TOM FORD,توم فورد,BLACK LACQUER,بلاك لاكر,3.95,3.6,2.9,2024,750,عطر بلاك لاكر,BLACK LACQUER
1929,Biehl Parfumkunstwerke,بيهل,Eo01,اي,4,3.2,3.2,2007,750,عطر اي,Eo01
1930,Boucheron,بوشرون,Feve Tonka de Canaima,فيف تونكا كانيما,4.1,3.4,2.8,2022,12,عطر فيف تونكا كانيما,Feve Tonka de Canaima
1931,Boucheron,بوشرون,ve Tonka de Canaima,فيف تونكا كانيما,4.1,3.4,2.8,2022,580,عطر فيف تونكا كانيما,ve Tonka de Canaima
1932,Chanel,شانيل,Chance Eau Fraiche,شانس فريش,3.85,3.5,3.2,2007,590,عطر شانس فريش,Chance Eau Fraiche
1933,Chanel,شانيل,Cristalle,كريستال,4.05,3.3,3,2009,380,عطر كريستال,Cristalle
1934,Chanel,شانيل,Cristalle Eau Verte,كريستال ايو فيرت,4.05,3.3,3,2009,380,عطر كريستال ايو فيرت,Cristalle Eau Verte
1935,Chanel,شانيل,Pour Monsieur,بور مسيو الرجالي,4.1,3.2,3,1955,550,عطر بور مسيو الرجالي,Pour Monsieur
1936,Chopard,شوبارد,Love,لاف,3.9,3.4,3.2,2020,370,عطر لاف,Love
1937,Dolce Gabbana,دولتشي غابانا,& Pour Femme,بور فيم العنابي,3.75,3.6,3.3,2012,300,عطر بور فيم العنابي,& Pour Femme
1938,Giorgio Armani,ارماني,Stronger With You Spices,جورجو أرماني سترونجر ويذ يو سبايسز,3.75,3.6,3.3,2026,460,عطر جورجو أرماني سترونجر ويذ يو سبايسز,Stronger With You Spices
1939,Hugo Boss,هوغو بوس,The Scent Private Accord,ذا سنت برايفت أكورد الرجالي,3.95,3.3,3.2,2018,220,عطر ذا سنت برايفت أكورد الرجالي,The Scent Private Accord
1940,Lalique,لاليك,Hommage a L'homme Voyageur,هوماج لا هوم فويجر,3.8,3.6,3.2,2014,250,عطر هوماج لا هوم فويجر,Hommage a L'homme Voyageur
1941,Le Labo,لي لابو,Santal 33 Le,سانتال,3.75,3.7,3.2,2011,330,عطر سانتال,Santal 33 Le
1942,Mont Blanc,مونت بلانك,Legend,ليجند الرجالي الاسود,3.95,3.3,3.2,2016,230,عطر ليجند الرجالي الاسود,Legend
1943,Parfums de Marly,مارلي,Byerley,بايرلي,3.55,3.8,3.5,2013,500,عطر بايرلي,Byerley
1944,Versace,فرزاتشي,Bright Crystal Absolu,برايت كريستال ابسولو,3.9,3.4,3.2,2013,285,عطر برايت كريستال ابسولو,Bright Crystal Absolu
1945,CREED,كريد,Royal Mayfair,رويال مايفير,4.09,3.3,2.9,2015,287,عطر رويال مايفير,Royal Mayfair
1946,Caron,كارون,Lady,ليدي,3.89,3.5,3.1,2000,850,عطر ليدي,Lady
1947,Cartier,كارتير,Declaration,ديكلاريشن الرجالي,4.04,3.4,2.9,1998,385,عطر ديكلاريشن الرجالي,Declaration
1948,Chanel,شانيل,Exclusifs de Misia,ليه إكسكلوسيف ميسيا,4.14,3.2,2.9,2015,950,عطر ليه إكسكلوسيف ميسيا,Exclusifs de Misia
1949,Chopard,شوبارد,1000 Miglia Chrono,ميل كرونو,4.04,3.2,3.1,2017,200,عطر ميل كرونو,1000 Miglia Chrono
1950,Lancome,لانكوم,me Absolue Rose From The Dark,أبسولو روز فروم ذا دارك,3.89,3.7,2.9,2025,750,عطر أبسولو روز فروم ذا دارك,me Absolue Rose From The Dark
1951,Parfums de Marly,مارلي,Safanad,سافاناد,4.14,3.2,2.9,2013,15,عطر سافاناد,Safanad
1952,TizianaTerenzi,تيزيانا تيرينزي,Tempel TIZIANA TERENZI,تيرنزي تيمبل كوميت,3.49,3.9,3.5,2019,900,عطر تيرنزي تيمبل كوميت,Tempel TIZIANA TERENZI
1953,Alexandre,الكسندر ماكويين,.j The Collector Rose Oud,جي ذا كوليكتور رووز عود,3.74,3.6,3.3,2012,11,عطر جي ذا كوليكتور رووز عود,.j The Collector Rose Oud
1954,Clive Christian,كلايف كريستيان,L Floral Chypre Parfum,فلورال شيبر,3.84,3.6,3.1,2017,700,عطر فلورال شيبر,L Floral Chypre Parfum
1955,Clive Christian,كلايف كريستيان,L Floral Chypre With Rich Patchouli,كريستي فلورال باتشول,3.84,3.6,3.1,2017,24,عطر كريستي فلورال باتشول,L Floral Chypre With Rich Patchouli
1956,Diptyque,ديبتيك,Volutes,فولوت,4.19,3.3,2.7,2012,720,عطر فولوت,Volutes
1957,Etat,ايتات ليبر دي اورانج,Spice Must Flow Libre d'Orange,ايتا ليبري سبايس ماست فلو,3.79,3.6,3.2,2019,16,عطر ايتا ليبري سبايس ماست فلو,Spice Must Flow Libre d'Orange
1958,JeanPaulGaultie,جان بول غولتير,Belle Paradise Garden Jean Paul Gaultier,غوتييه لا بيل بارادايس جاردن,4.09,3.4,2.8,2024,490,عطر غوتييه لا بيل بارادايس جاردن,Belle Paradise Garden Jean Paul Gaultier
1959,Lalique,لاليك,Encre Noire,انكر نوار الرجالي,4.14,3.4,2.7,2006,6,عطر انكر نوار الرجالي,Encre Noire
1960,Mancera,مانسيرا,Wild Fruits,وايلد فروت,3.79,3.6,3.2,2011,350,عطر وايلد فروت,Wild Fruits
1961,Versace,فرزاتشي,Pour Homme Dylan Blue,ديلان بلو,4.19,3.3,2.7,2016,9,عطر ديلان بلو,Pour Homme Dylan Blue
1962,BVLGARI,بولغاري,Splendida Patchouli Tentation,سبلينديدا باتشولي تينتاشن,3.98,3.5,2.9,2020,355,عطر سبلينديدا باتشولي تينتاشن,Splendida Patchouli Tentation
1963,Carner Barcelona,كارنر برشلونة,Ambar Del Sur,امبار ديل سور,4.08,3.3,2.9,2018,430,عطر امبار ديل سور,Ambar Del Sur
1964,Chanel,شانيل,Beige,بيج ليه إكسكلوسيف,4.13,3.2,2.9,2016,260,عطر بيج ليه إكسكلوسيف,Beige
1965,Guerlain,غيرلان,Mon,مون,4.08,3.3,2.9,2017,11,عطر مون,Mon
1966,Nilafar du Nil,نيلافار دو نيل,Sonit Intense,سونيت انتنس ادو للسيدات,3.88,3.7,2.9,2022,11,عطر سونيت انتنس ادو للسيدات,Sonit Intense
1967,Ormonde Jayne,اورموند جين,Indus,ارموند اندوس,3.88,3.7,2.9,2020,550,عطر ارموند اندوس,Indus
1968,Versace,فرزاتشي,Versense,فرسينس الاخضر,4.03,3.2,3.1,2009,290,عطر فرسينس الاخضر,Versense
1969,Amado,امادو,BLUE INCENSE,بلو انسنس,4.18,3.2,2.8,2026,661,عطر بلو انسنس,BLUE INCENSE
1970,BVLGARI,بولغاري,Gemme Empyr,لوجيم امبير,3.83,3.7,3,2021,950,عطر لوجيم امبير,Gemme Empyr
1971,Bois,بويس,Nicolai BELIZE INTENSE,نيكولاي بوا بيليز,3.98,3.6,2.8,2020,14,عطر نيكولاي بوا بيليز,Nicolai BELIZE INTENSE
1972,Dorsay,دورساي,Tilleul D’ORSAY,تليول,4.18,3.1,2.9,1915,550,عطر تليول,Tilleul D’ORSAY
1973,D’ORSAY,دورساي,Tilleul,تليول,4.18,3.1,2.9,1915,15,عطر تليول,Tilleul
1974,Guerlain,غيرلان,Lhomme idel platine prive,لي هوم اديل بلاتين بريف ادو,4.43,3.1,2.4,2023,10,عطر لي هوم اديل بلاتين بريف ادو,Lhomme idel platine prive
1975,JeanPaulGaultie,جان بول غولتير,Jean Paul Gaultier Gaul Tier Divine Scandal,قول تير ديفين النسائي,3.78,3.7,3.1,2023,470,عطر قول تير ديفين النسائي,Jean Paul Gaultier Gaul Tier Divine Scandal
1976,Lalique,لاليك,Satine,ساتين النسائي,3.83,3.5,3.2,2012,215,عطر ساتين النسائي,Satine
1977,Roja Parfums,روجا بارفيومز,Apex Dove,دوف ابيكس,3.88,3.6,3,2022,1000,عطر دوف ابيكس,Apex Dove
1978,Roja Parfums,روجا بارفيومز,Apex Parfum Dove,ابيكس دوف,3.88,3.6,3,2022,1200,عطر ابيكس دوف,Apex Parfum Dove
1979,Thomas Kosmala,توماس كوسمالا,ve Nouvelle,باريس رقم سيف نوفيل,3.68,3.7,3.3,2018,650,عطر باريس رقم سيف نوفيل,ve Nouvelle
1980,Van Cleef,فان كليف اند اربلز,& Arpels Collection Extraordinaire Santal Blanc Parfum,سانتال بلانك,4.08,3.4,2.8,2019,13,عطر سانتال بلانك,& Arpels Collection Extraordinaire Santal Blanc Parfum
1981,Acqua Di Parma,اكوا دي بارما,DI QUERCIA,كويرتشا,4.07,3.4,2.8,2019,520,عطر كويرتشا,DI QUERCIA
1982,Bentley,بنتلي,Momentum Unbreakable,مومينتوم أن بريكابل,4.17,3.2,2.8,2021,240,عطر مومينتوم أن بريكابل,Momentum Unbreakable
1983,CREED,كريد,Spicre and Wood,سبايس اند وود من,4.32,3.1,2.6,2010,23,عطر سبايس اند وود من,Spicre and Wood
1984,Carolina Herra,كارولينا هيريرا,Good Girl Hair Mist Herrera,جود جيرل للشعر,4.27,3.1,2.7,2018,235,عطر جود جيرل للشعر,Good Girl Hair Mist Herrera
1985,Chopard,شوبارد,Leather Malaki,ليذر ملكي,4.07,3.4,2.8,2024,12,عطر ليذر ملكي,Leather Malaki
1986,CnR Create,سي ان ار كريات,Capricorn,كابريكورن الرجالي,3.27,4,3.8,2008,425,عطر كابريكورن الرجالي,Capricorn
1987,Etienne Aigner,اجنر,Starlight Gold,ستار لايت قولد,4.12,2.9,3.2,2018,235,عطر ستار لايت قولد,Starlight Gold
1988,Givenchy,جيفنشي,MMW,ام دبليو,4.07,3.6,2.6,2022,1050,عطر ام دبليو,MMW
1989,Gucci,قوتشي,Envy Me,انفي مي النسائي,3.87,3.4,3.2,2004,725,عطر انفي مي النسائي,Envy Me
1990,Histoires De Parfums,هيستورا,Tubereuse 2 Virginale,هيستوريس توبيريوس فيرجينيا,3.97,3.3,3.1,2010,580,عطر هيستوريس توبيريوس فيرجينيا,Tubereuse 2 Virginale
1991,Issey Miyake,ايسي مياكي,L'Eau d' Pour Homme,لو ديسي بور هوم,4.17,3.3,2.7,1994,7,عطر لو ديسي بور هوم,L'Eau d' Pour Homme
1992,Issey Miyake,ايسي مياكي,L’Eau d’ Pour Homme,لو ديسي بور هوم,4.17,3.3,2.7,1994,250,عطر لو ديسي بور هوم,L’Eau d’ Pour Homme
1993,Kilian,كيليان,Love BY,باي لوف دونت بي شاي,4.02,3.4,2.9,2007,20,عطر باي لوف دونت بي شاي,Love BY
1994,Kilian,كيليان,Love Don't Be Shy,لوف دونت بي شاي,4.02,3.4,2.9,2007,800,عطر لوف دونت بي شاي,Love Don't Be Shy
1995,Korloff,كورلوف,Lady Intense Paris,ليدي إنتينس,3.67,3.3,3.7,2017,235,عطر ليدي إنتينس,Lady Intense Paris
1996,Lancome,لانكوم,me Absolue 6AM Rose,أبسولو إيه إم روز,4.27,3.1,2.7,2024,1100,عطر أبسولو إيه إم روز,me Absolue 6AM Rose
1997,Lancome,لانكوم,me Absolue Rose on the Moon,أبسولو روز أون ذا مون,4.02,3.5,2.8,2024,750,عطر أبسولو روز أون ذا مون,me Absolue Rose on the Moon
1998,Mancera,مانسيرا,Musk of Flowers,مسك اوف فلاور,3.72,3.7,3.2,2011,350,عطر مسك اوف فلاور,Musk of Flowers
1999,Mercedes Benz,مرسيدس بنز,Intense -,بينز إينتينس,4.12,3.3,2.8,2013,210,عطر بينز إينتينس,Intense -
2000,Olfattivo,لابوراتوريو,Amberbomb - Labratorio,عنبر بومب,3.52,4,3.3,2024,280,عطر عنبر بومب,Amberbomb - Labratorio
2001,Ralph Lauren,رالف لورين,Polo Deep Blue Parfum,بولو ديب بلو,4.17,3.3,2.7,2020,340,عطر بولو ديب بلو,Polo Deep Blue Parfum
2002,ATELIER DES ORS,اتيليه دي اورس,Nuda Veritas,ديس نودا فيرتاس,3.91,3.4,3.1,2018,240,عطر ديس نودا فيرتاس,Nuda Veritas
2003,Atelier Cologne,اتيليه كولون,Rose Anonyme,أتيليه روز أنونيم,3.96,3.4,3,2012,15,عطر أتيليه روز أنونيم,Rose Anonyme
2004,Atelier Cologne,اتيليه كولون,Rose Anonyme Extrait,أتيليه روز أنونيم اكسترايت ابسولو بيور,3.96,3.4,3,2012,15,عطر أتيليه روز أنونيم اكسترايت ابسولو بيور,Rose Anonyme Extrait
2005,Atkinsons,اتكينسونس,Old Bond Street Triple Extract 24,أتكينسونس أولد بوند ستريت تريبل إكستراكت,4.26,3.1,2.7,2014,13,عطر أتكينسونس أولد بوند ستريت تريبل إكستراكت,Old Bond Street Triple Extract 24
2006,Bond No.9,بوند,Old Street Triple Extract Atkinso,أتكينسونس أولد ستريت تريبل إكستراكت,4.26,3.1,2.7,2014,210,عطر أتكينسونس أولد ستريت تريبل إكستراكت,Old Street Triple Extract Atkinso
2007,Du Bois,دو بوا,New York Intense Fragrance,فريقرانس بويس نيويورك انتنس,4.11,3.3,2.8,2020,20,عطر فريقرانس بويس نيويورك انتنس,New York Intense Fragrance
2008,Floris,فلوريس,Neroli Voyage,لندن نيرولي فوياج,4.16,3.3,2.7,2019,560,عطر لندن نيرولي فوياج,Neroli Voyage
2009,Giorgio Armani,ارماني,Iris Celadon,جورجيو آيريس سيلادون,4.01,3.4,2.9,2017,1000,عطر جورجيو آيريس سيلادون,Iris Celadon
2010,Histoires De Parfums,هيستورا,Outrecuidant de and men,هيستوريس اوتريكويدان,3.71,3.7,3.2,2017,640,عطر هيستوريس اوتريكويدان,Outrecuidant de and men
2011,J.F.,جي أف شوارزلوس برلين,Etrango J.F. Schwarzlose Berlin,اف اترانكو,3.56,3.8,3.4,2023,650,عطر اف اترانكو,Etrango J.F. Schwarzlose Berlin
2012,Lalique,لاليك,Encre Noire Sport,انكر نوار سبورت,4.16,3.3,2.7,2013,6,عطر انكر نوار سبورت,Encre Noire Sport
2013,Lalique,لاليك,Living,ليفنق النسائي,3.81,3.5,3.2,2015,210,عطر ليفنق النسائي,Living
2014,MDCI Parfums,ام دي سي آي,Blue satin,اي بلو ساتين,4.01,3.3,3,2019,350,عطر اي بلو ساتين,Blue satin
2015,Nicolai,نيكولاي,Creme Ebene Intense,كريم ايبين اودو انتنس,3.81,3.7,3,2025,200,عطر كريم ايبين اودو انتنس,Creme Ebene Intense
2016,Nina Ricci,نينا ريتشي,Love in Paris,لوف ان باريس,3.81,3.5,3.2,2004,250,عطر لوف ان باريس,Love in Paris
2017,Parfums de Marly,مارلي,Hamdani,هامداني,3.56,3.7,3.5,2013,16,عطر هامداني,Hamdani
2018,Provenzano,بروفينزانو,Ambre D’or Christian,كريستيان بروفنزانو عنبر دور دى,3.61,3.9,3.2,2018,800,عطر كريستيان بروفنزانو عنبر دور دى,Ambre D’or Christian
2019,Provenzano,بروفينزانو,Ambre d'Or Christian Parfums,كريستيان بروفنزانو عنبر دور,3.61,3.9,3.2,2018,826,عطر كريستيان بروفنزانو عنبر دور,Ambre d'Or Christian Parfums
2020,TOM FORD,توم فورد,Cherry Smoke,شيري سموك,4.11,3.3,2.8,2022,350,عطر شيري سموك,Cherry Smoke
2021,Van Cleef,فان كليف اند اربلز,Bois d'Amande,بوا داموند,4.11,3.3,2.8,2020,470,عطر بوا داموند,Bois d'Amande
2022,Van Cleef,فان كليف اند اربلز,Bois d'Amande & Arpels,اربيلس كوليكشن إكسترودينير بوا أماند,4.11,3.3,2.8,2020,470,عطر اربيلس كوليكشن إكسترودينير بوا أماند,Bois d'Amande & Arpels
2023,Versace,فرزاتشي,Eros Najim,ايروس نجم الرجالي,3.91,3.6,2.9,2024,350,عطر ايروس نجم الرجالي,Eros Najim
2024,Cerruti,شيروتي,1881,فيم,3.86,3.5,3.1,1995,180,عطر فيم,1881
2025,Diesel,ديزل,Fuel For Life Femme,فيول فور لايف,3.86,3.5,3.1,2007,285,عطر فيول فور لايف,Fuel For Life Femme
2026,Givenchy,جيفنشي,Te,ترابل فيت,4.31,3.1,2.6,2020,850,عطر ترابل فيت,Te
2027,House of Oud,هاوس اوف عود,The of Guilty Crush,قلتي كرش,3.86,3.5,3.1,2024,750,عطر قلتي كرش,The of Guilty Crush
2028,MEMO PARIS,ميمو باريس,Ithaque,ايثاك من,4.21,3.3,2.6,2023,16,عطر ايثاك من,Ithaque
2029,Missoni,ميسوني,Wave Pour Homme,ويف الرجالي,4.31,3.1,2.6,2020,240,عطر ويف الرجالي,Wave Pour Homme
2030,Parfums de Marly,مارلي,Sedley,سيدلي,4.26,3.2,2.6,2019,250,عطر سيدلي,Sedley
2031,TOM FORD,توم فورد,London,لندن,3.96,3.3,3.1,2013,850,عطر لندن,London
2032,AMOUAGE,امواج,Opus V Woods Symphony,اوبس وود سيمفوني,3.95,3.5,2.9,2011,270,عطر اوبس وود سيمفوني,Opus V Woods Symphony
2033,AMOUAGE,امواج,Woods Symphony,اوبس وود سيمفوني,3.95,3.5,2.9,2011,1100,عطر اوبس وود سيمفوني,Woods Symphony
2034,ATELIER DES ORS,اتيليه دي اورس,Rouge Saray,ديس روج ساراي,4.05,3.4,2.8,2020,17,عطر ديس روج ساراي,Rouge Saray
2035,ATELIER DES ORS,اتيليه دي اورس,Y,ديس روج ساري,4.05,3.4,2.8,2020,240,عطر ديس روج ساري,Y
2036,BVLGARI,بولغاري,Gemme Desiria,لو جيم ديزيريا,4.2,3.2,2.7,2015,20,عطر لو جيم ديزيريا,Gemme Desiria
2037,Carolina Herrera,كارولينا,CH Sublime Eau Parfum,هيريرا سوبليم,3.9,3.3,3.2,2013,430,عطر هيريرا سوبليم,CH Sublime Eau Parfum
2038,Cartier,كارتير,Carat,كارت النسائي,3.65,3.6,3.4,2018,340,عطر كارت النسائي,Carat
2039,Cartier,كارتير,Eau,,3.7,3.6,3.3,1998,200,,Eau
2040,Chloe,كلوي,Love Story Eau Sensuelle Parfum,لوف ستوري سنشوال,3.75,3.4,3.4,2017,350,عطر لوف ستوري سنشوال,Love Story Eau Sensuelle Parfum
2041,Clive Christian,كلايف كريستيان,V Amber Fougere Parfum,عنبر فوجير الرجالي,4.05,3.4,2.8,2017,900,عطر عنبر فوجير الرجالي,V Amber Fougere Parfum
2042,Clive Christian,كلايف كريستيان,V Amber Fougere With Smoky,عنبر فوجير الرجالي,4.05,3.4,2.8,2017,1100,عطر عنبر فوجير الرجالي,V Amber Fougere With Smoky
2043,Dolce Gabbana,دولتشي غابانا,& The One Intense,ذا ون الرجالي انتنس,3.75,3.4,3.4,2020,350,عطر ذا ون الرجالي انتنس,& The One Intense
2044,Giorgio Armani,ارماني,Acqua Di Gio Absolu,اكوا جيو ابسولو الرجالي,3.6,3.6,3.5,2018,250,عطر اكوا جيو ابسولو الرجالي,Acqua Di Gio Absolu
2045,Giorgio Armani,ارماني,Code A-List,كود اليست الرجالي,3.8,3.4,3.3,2018,400,عطر كود اليست الرجالي,Code A-List
2046,Givenchy,جيفنشي,Gentleman Society,جنتلمان سيسايتي بريفيه ادو,4.1,3.4,2.7,2023,500,عطر جنتلمان سيسايتي بريفيه ادو,Gentleman Society
2047,Houbigant,هوبيجان,Bois Mystique,هوبيجانت بويس ميستيك,4.4,3,2.5,2018,600,عطر هوبيجانت بويس ميستيك,Bois Mystique
2048,Hugo Boss,هوغو بوس,Alive,اليف النسائي,3.65,3.6,3.4,2020,200,عطر اليف النسائي,Alive
2049,Lola Mood,لولا مود,Red Carpet,طقم عينات ريد كاربت,4,3.3,3,2013,44,عطر طقم عينات ريد كاربت,Red Carpet
2050,Lola Mood,لولا مود,Red Carpet Attitude Angelina,ريد كاربت اتيتيود انجلينا,4,3.3,3,2013,300,عطر ريد كاربت اتيتيود انجلينا,Red Carpet Attitude Angelina
2051,Min New York,مين نيويورك,StarDust,ستار دست,3.9,3.6,2.9,2019,550,عطر ستار دست,StarDust
2052,Missoni,ميسوني,Parfum Pour Homme,بور هوم الرجالي,4.1,3.3,2.8,2017,280,عطر بور هوم الرجالي,Parfum Pour Homme
2053,Mont Blanc,مونت بلانك,Montblanc Presence,برزنس الرجالي,3.8,3.4,3.3,2001,225,عطر برزنس الرجالي,Montblanc Presence
2054,Olfattivo,لابوراتوريو,Vetyverso Laboratorio,فيتيفيرسو,3.9,3.5,3,2019,600,عطر فيتيفيرسو,Vetyverso Laboratorio
2055,PENHALIGONS,بنهاليغونز,The Omniscient Mr Thompson Penhaligon's,ذا أومنيسينت مستر تومسون,4.15,3.3,2.7,2023,245,عطر ذا أومنيسينت مستر تومسون,The Omniscient Mr Thompson Penhaligon's
2056,Robert Piguet,روبرت بيغيه,Bois Bleu,روبيرت بيجيه بويس بلو,3.9,3.3,3.2,2013,11,عطر روبيرت بيجيه بويس بلو,Bois Bleu
2057,Roja Parfums,روجا بارفيومز,Scandal Pour Homme Parfum Dove,عينه دوف سكاندال الرجالي,4,3.4,2.9,2019,20,عطر عينه دوف سكاندال الرجالي,Scandal Pour Homme Parfum Dove
2058,Trussardi,تروساردي,Sound Of Donna,سوند اوف دونا,3.65,3.6,3.4,2018,230,عطر سوند اوف دونا,Sound Of Donna
2059,Van Cleef,فان كليف اند اربلز,&Arpels Reve,ريفي,3.85,3.4,3.2,2014,150,عطر ريفي,&Arpels Reve
2060,Vilhelm,فيلهلم,Darling Nikki,دارلنغ نيكي,3.65,3.7,3.3,2017,175,عطر دارلنغ نيكي,Darling Nikki
2061,Alexandre,الكسندر ماكويين,Oscent Black .J,جيه اوسينت بلاك,3.95,3.3,3.1,2012,11,عطر جيه اوسينت بلاك,Oscent Black .J
2062,Guerlain,غيرلان,L'instant Magic,لينستانت ماجيك,4.25,3.2,2.6,2021,350,عطر لينستانت ماجيك,L'instant Magic
2063,Lancome,لانكوم,Tresor Midnight Rose,تريزور ميدنايت روز,3.5,3.7,3.6,2011,330,عطر تريزور ميدنايت روز,Tresor Midnight Rose
2064,Laurent Mazzone,لورنت مازون,Radikal Water Lily Parfums,لورين راديكال ووتر ليلي,3.85,3.5,3.1,2018,800,عطر لورين راديكال ووتر ليلي,Radikal Water Lily Parfums
2065,Mont Blanc,مونت بلانك,Emblem Intense,امبليم انتنس الفضي,4,3.2,3.1,2014,320,عطر امبليم انتنس الفضي,Emblem Intense
2066,V Canto,في كانتو,Curaro V,كورارو,3.75,3.7,3.1,2018,940,عطر كورارو,Curaro V
2067,Azzaro,ازارو,Silver Black,سلفر بلاك,3.89,3.5,3,2005,180,عطر سلفر بلاك,Silver Black
2068,Clive Christian,كلايف كريستيان,Crab Apple Blossom,كراب ابل بلوسوم,4.04,3.4,2.8,2020,980,عطر كراب ابل بلوسوم,Crab Apple Blossom
2069,ELIE SAAB,ايلي ساب,Re,صعب لومير,3.99,3.4,2.9,2021,420,عطر صعب لومير,Re
2070,Gucci,قوتشي,Guilty Absolute Pour Femm,غليتي ابسولوت النسائي,3.99,3.3,3,2018,11,عطر غليتي ابسولوت النسائي,Guilty Absolute Pour Femm
2071,Vilhelm,فيلهلم,Fleur Burlesque Parfumerie,فلور بيرليسك من,3.79,3.5,3.2,2015,400,عطر فلور بيرليسك من,Fleur Burlesque Parfumerie
2072,Boucheron,بوشرون,reuse De Madras,تيوبروز مادراس,3.89,3.4,3.1,2017,500,عطر تيوبروز مادراس,reuse De Madras
2073,Coquillete,كوكيليت,Sumatera,سومطرة,3.54,3.8,3.4,2012,380,عطر سومطرة,Sumatera
2074,Renier Perfumes,رينيي,Black Rain,بلاك رين,3.94,3.3,3.1,2016,16,عطر بلاك رين,Black Rain
2075,TOM FORD,توم فورد,Rose de Russie,روز روسي,3.69,3.8,3.1,2022,830,عطر روز روسي,Rose de Russie
2076,Versace,فرزاتشي,Eau Fraiche,فريش الرجالي,4.14,3,3,2005,250,عطر فريش الرجالي,Eau Fraiche
2077,CREED,كريد,Royal Water,رويال ووتر من,4.08,3.3,2.8,1997,950,عطر رويال ووتر من,Royal Water
2078,Estee Lauder,استي لودر,White Linen,إستي وايت لينين,3.73,3.6,3.2,1978,285,عطر إستي وايت لينين,White Linen
2079,Laurent Mazzone,لورنت مازون,Sine Die Parfums,لورين ساين داي,3.98,3.1,3.2,2016,15,عطر لورين ساين داي,Sine Die Parfums
2080,Olfattivo,لابوراتوريو,Nektar - Labratorio,نكتار ادو,4.03,3.4,2.8,2022,535,عطر نكتار ادو,Nektar - Labratorio
2081,Parfums de Marly,مارلي,Castley,كاستلي,4.08,3.4,2.7,2025,950,عطر كاستلي,Castley
2082,ATELIER DES ORS,اتيليه دي اورس,Iris Fauve,ديس ايريس فاوفي,3.93,3.5,2.9,2017,15,عطر ديس ايريس فاوفي,Iris Fauve
2083,BYREDO,بيريدو,Slow Dance,سلو دانس,3.83,3.5,3.1,2019,800,عطر سلو دانس,Slow Dance
2084,Calvin Klein,كالفن كلاين,Euphoria,كالفين ايفوريا ومن,3.83,3.5,3.1,2005,210,عطر كالفين ايفوريا ومن,Euphoria
2085,Caron,كارون,Aimez Moi Comme Je Suis,ايمز موا كوم جو سوي,4.23,3.2,2.6,2020,375,عطر ايمز موا كوم جو سوي,Aimez Moi Comme Je Suis
2086,Du Bois,دو بوا,Secret Tryst Fragrance,فراغرنس سيكريت تراييست,4.18,3.4,2.5,2021,18,عطر فراغرنس سيكريت تراييست,Secret Tryst Fragrance
2087,Ferrari,فيراري,Man in Red,مان إن ريد,3.88,3.4,3.1,2015,210,عطر مان إن ريد,Man in Red
2088,Gucci,قوتشي,The Last Day of Summer Eau,ذا لاست داي اوف سمر,4.03,3.3,2.9,2019,20,عطر ذا لاست داي اوف سمر,The Last Day of Summer Eau
2089,Histoires De Parfums,هيستورا,Tubereuse 1 La Capricieuse,هيستوريس ادو لا كابريسيوز,3.83,3.5,3.1,2010,680,عطر هيستوريس ادو لا كابريسيوز,Tubereuse 1 La Capricieuse
2090,JeanPaulGaultie,جان بول غولتير,Jean Paul Gaultier Scandal Pour Homme Intense,سكاندل بور أوم انتنس من غوتييه,3.88,3.6,2.9,2025,500,عطر سكاندل بور أوم انتنس من غوتييه,Jean Paul Gaultier Scandal Pour Homme Intense
2091,Korloff,كورلوف,Rouge Santal Paris,ميس,3.98,3.2,3.1,2015,235,عطر ميس,Rouge Santal Paris
2092,Olfattivo,لابوراتوريو,EXPLOUD - Labratorio,اكسبل عود ادو,3.78,3.6,3.1,2021,205,عطر اكسبل عود ادو,EXPLOUD - Labratorio
2093,TOM FORD,توم فورد,Rale,عود مينرال ادو,3.83,3.7,2.9,2023,750,عطر عود مينرال ادو,Rale
2094,Alexandre,الكسندر ماكويين,Western Leather Black .J,الكساندر جي ويسترن ليذر,3.88,3.3,3.2,,10,عطر الكساندر جي ويسترن ليذر,Western Leather Black .J
2095,Hugo Boss,هوغو بوس,Baldessarini,بالديساريني الاسود الرجالي,4.18,3.1,2.8,2002,245,عطر بالديساريني الاسود الرجالي,Baldessarini
2096,Vertus,فيرتس,Rose Morocco,فيرتوس روز موراكو,3.78,3.4,3.3,2015,650,عطر فيرتوس روز موراكو,Rose Morocco
2097,Caron,كارون,Tabac Blanc,تاباك بلانك,4.07,3.4,2.7,2022,770,عطر تاباك بلانك,Tabac Blanc
2098,Houbigant,هوبيجان,Rose du Desert and men,هوبيجانت روز ديزيرت اكستريم,3.97,3.6,2.7,2024,630,عطر هوبيجانت روز ديزيرت اكستريم,Rose du Desert and men
2099,Maison Crivelli,مايزون كريفيلي,Patchouli Magnetik,كريفيل باتشولي ماجنيتيك,3.02,4.4,3.8,2022,25,عطر كريفيل باتشولي ماجنيتيك,Patchouli Magnetik
2100,Acqua Di Parma,اكوا دي بارما,di Ambra,امبرا,3.92,3.5,2.9,2019,11,عطر امبرا,di Ambra
2101,Boucheron,بوشرون,Quatre En Rouge,كواتر ان روج,3.82,3.6,3,2019,270,عطر كواتر ان روج,Quatre En Rouge
2102,Caron,كارون,Rial,بوافر امبريال,3.77,3.7,3,2022,850,عطر بوافر امبريال,Rial
2103,Etro,ايترو,Paisley,بيزلي,4.07,3.2,2.9,2011,400,عطر بيزلي,Paisley
2104,Giardini,جاردن دي توسكانا,Celeste Di Toscana,جيارديني سيليست,3.67,3.8,3.1,,550,عطر جيارديني سيليست,Celeste Di Toscana
2105,Juliette HAG,جولييت,Lady Vengeance Has A Gun,هاز اجن لادي فينجينس,3.92,3.4,3,2006,320,عطر هاز اجن لادي فينجينس,Lady Vengeance Has A Gun
2106,Masque Milano,ماسك ميلانو,Love Kills,لوف كيلز,3.87,3.4,3.1,2019,340,عطر لوف كيلز,Love Kills
2107,Viktor Rolf,فيكتور اند رولف,AND Flowerbomb,أند فلاور بومب,3.92,3.4,3,2005,10,عطر أند فلاور بومب,AND Flowerbomb
2108,Dunhill,دانهيل,Icon Alfred,ايكون الفضي,4.17,3.2,2.7,2015,380,عطر ايكون الفضي,Icon Alfred
2109,Giorgio Armani,ارماني,Code Parfum,جورجيو كود,4.17,3.2,2.7,2004,430,عطر جورجيو كود,Code Parfum
2110,Givenchy,جيفنشي,Pour Homme,العنابي بور اوم,4.02,3.2,3,2002,210,عطر العنابي بور اوم,Pour Homme
2111,Goldfield,جولدفيلد,& Banks Silky Woods,سيلكي وودز جودفيلدز اند بانكز,4.02,3.5,2.7,2021,780,عطر سيلكي وودز جودفيلدز اند بانكز,& Banks Silky Woods
2112,Min New York,مين نيويورك,The Botanist,ذا بوتانيست,4.02,3.2,3,2014,740,عطر ذا بوتانيست,The Botanist
2113,Santi Burgas,سانتي بورجاس,Lobitt,لوبيت,3.82,3.4,3.2,2013,15,عطر لوبيت,Lobitt
2114,Valentino,فالنتينو,Donna Born In Roma Pink PP,دونا بورن ان روما بينك بي,4.22,3.1,2.7,2023,550,عطر دونا بورن ان روما بينك بي,Donna Born In Roma Pink PP
2115,Valentino,فالنتينو,Uomo Born In Roma Yellow Dream,أومو إن روما يالو دريم,4.27,3.1,2.6,2021,495,عطر أومو إن روما يالو دريم,Uomo Born In Roma Yellow Dream
2116,Versace,فرزاتشي,Eros Pour Femme,ايروس النسائي,3.82,3.4,3.2,2014,310,عطر ايروس النسائي,Eros Pour Femme
2117,Alghabra,الغبرا,Bolshoi Opera Finale Parfums,بولشوي أوبرا فاينال,3.81,3.5,3.1,2022,450,عطر بولشوي أوبرا فاينال,Bolshoi Opera Finale Parfums
2118,Bottega Veneta,بوتيغا فينيتا,Eau Sensuelle,سنشوال النسائي,3.91,3.3,3.1,2016,440,عطر سنشوال النسائي,Eau Sensuelle
2119,CREED,كريد,Carmina,كارمينا,3.81,3.6,3,2023,750,عطر كارمينا,Carmina
2120,CREED,كريد,Royal Princess Oud,رويال برنسيس عود ميليزيم,3.91,3.4,3,2015,950,عطر رويال برنسيس عود ميليزيم,Royal Princess Oud
2121,CREED,كريد,Royal Princess Oud Millesime,رويال برنسيس عود,3.91,3.4,3,2015,750,عطر رويال برنسيس عود,Royal Princess Oud Millesime
2122,Chanel,شانيل,Gabrielle Essence,غابرييل ايسنس من,4.06,3.2,2.9,2019,15,عطر غابرييل ايسنس من,Gabrielle Essence
2123,Dunhill,دانهيل,Desire,ديزاير الاحمر,4.06,3.2,2.9,2000,160,عطر ديزاير الاحمر,Desire
2124,Histoires De Parfums,هيستورا,1828,هيستوريس,4.01,3.3,2.9,2001,16,عطر هيستوريس,1828
2125,Histoires De Parfums,هيستورا,De,هيستوريس,4.01,3.3,2.9,2001,240,عطر هيستوريس,De
2126,Masque Milano,ماسك ميلانو,Luci ed Ombre,لوسي إد أومبر,3.91,3.4,3,2013,340,عطر لوسي إد أومبر,Luci ed Ombre
2127,Masque Milano,ماسك ميلانو,Luci ed Ombre di,لوشي إد أومبر النسخة القديمة,3.91,3.4,3,2013,450,عطر لوشي إد أومبر النسخة القديمة,Luci ed Ombre di
2128,Matiere Premier,ماتيري بريمير,Neroli Oranger Premiere,نيرولي أورانجر,4.21,3.2,2.6,2019,18,عطر نيرولي أورانجر,Neroli Oranger Premiere
2129,Nicolai,نيكولاي,rail Intense,كارافانسيريال انتنس,3.86,3.6,2.9,2023,550,عطر كارافانسيريال انتنس,rail Intense
2130,Nishane,نيشاني,EGE,ايجي ايجايو,3.86,3.6,2.9,2020,225,عطر ايجي ايجايو,EGE
2131,Acqua Di Parma,اكوا دي بارما,Colonia Intensa di,انتنسا,4.26,3.1,2.6,2007,360,عطر انتنسا,Colonia Intensa di
2132,Dior,كريستيان ديور,J’Adore Hair Mist,جادور تشيفو للشعر,4.26,2.9,2.8,2017,275,عطر جادور تشيفو للشعر,J’Adore Hair Mist
2133,Dunhill,دانهيل,Edition,ايديشن,4.21,3.1,2.7,1984,160,عطر ايديشن,Edition
2134,Etat,ايتات ليبر دي اورانج,Hermann A Mes Cotes Me Paraissait Une Ombre Libre d'Orange,ايتا ليبري هيرمان مي كوتس باراسايت اون,4.01,3.4,2.8,2015,420,عطر ايتا ليبري هيرمان مي كوتس باراسايت اون,Hermann A Mes Cotes Me Paraissait Une Ombre Libre d'Orange
2135,Etat,ايتات ليبر دي اورانج,Libre D'Orange The Afternoon Of A Faun,ايتا ليبري ذا افترنون اوف ايه فاون,3.96,3.5,2.8,2012,14,عطر ايتا ليبري ذا افترنون اوف ايه فاون,Libre D'Orange The Afternoon Of A Faun
2136,Etienne Aigner,اجنر,No 1 Intense,نمبر انتنس,4.06,3.3,2.8,2013,220,عطر نمبر انتنس,No 1 Intense
2137,Givenchy,جيفنشي,Gentlemen Only,اونلي جنتلمان,4.01,3.2,3,2013,10,عطر اونلي جنتلمان,Gentlemen Only
2138,Guerlain,غيرلان,Rose Cherie,روز شيري,4.11,3.3,2.7,2021,1450,عطر روز شيري,Rose Cherie
2139,Les Indemodables,ليه إنديمودابل,Chypre Azural,شيبر ازورال,4.06,3.4,2.7,2016,770,عطر شيبر ازورال,Chypre Azural
2140,MEMO PARIS,ميمو باريس,Sintra,سينترا,3.76,3.6,3.1,2020,730,عطر سينترا,Sintra
2141,NarcisoRodriguez,نرسيسو رودريغز,Safran Musc Narciso Rodriguez,نارسيسو سافران مسك انتنس,4.06,3.3,2.8,2025,550,عطر نارسيسو سافران مسك انتنس,Safran Musc Narciso Rodriguez
2142,TOM FORD,توم فورد,Orchid Soleil,اوركيد سولي,3.66,3.6,3.3,2016,490,عطر اوركيد سولي,Orchid Soleil
2143,XERJOFF,زيرجوف,Casafutura,كاسافتورا,3.51,3.9,3.3,2021,770,عطر كاسافتورا,Casafutura
2144,BVLGARI,بولغاري,Aqva Atlantiqve,اكوا,3.6,3.6,3.4,2017,390,عطر اكوا,Aqva Atlantiqve
2145,Boucheron,بوشرون,Quatre En Rose,كواتر ان روز,3.45,3.7,3.6,2018,270,عطر كواتر ان روز,Quatre En Rose
2146,Carolina Herra,كارولينا هيريرا,Herrera CH Men Pasion,مان بيشون,4.3,3.2,2.4,2023,390,عطر مان بيشون,Herrera CH Men Pasion
2147,Caron,كارون,Infini,انفيني,4.05,3.2,2.9,1970,850,عطر انفيني,Infini
2148,Lancome,لانكوم,Idole Now,ايدول ناو النسائي,3.9,3.5,2.9,2023,470,عطر ايدول ناو النسائي,Idole Now
2149,Loewe,لويفي,Solo,لوي سولو,3.65,3.5,3.4,2018,280,عطر لوي سولو,Solo
2150,Maison,مايسون فرانسيس كركدجيان,Jazz Club Martin Margiela,ميزون مارجيل جاز كلوبا,4.2,3.2,2.6,2013,200,عطر ميزون مارجيل جاز كلوبا,Jazz Club Martin Margiela
2151,Nicolai,نيكولاي,Baikal Leather Intense,بيكال ليذر انتنس,3.5,3.8,3.4,2019,13,عطر بيكال ليذر انتنس,Baikal Leather Intense
2152,Roja Parfums,روجا بارفيومز,Oceania Dove,اوشيانيا,4.15,3.3,2.6,2019,1450,عطر اوشيانيا,Oceania Dove
2153,Atelier Flou,اتيلير فلو,Sloane Rose,سولان روز,3.95,3.1,3.2,,460,عطر سولان روز,Sloane Rose
2154,Carolina Herra,كارولينا هيريرا,Herrera good Girl Blush,جود جيرل بلوش,4.05,3.3,2.8,2023,430,عطر جود جيرل بلوش,Herrera good Girl Blush
2155,Chanel,شانيل,Gabrielle,غابرييل,3.7,3.5,3.3,2017,510,عطر غابرييل,Gabrielle
2156,Chopard,شوبارد,Vintage Edition 1927,فينتيج ايديشن,4.1,3.1,2.9,2016,240,عطر فينتيج ايديشن,Vintage Edition 1927
2157,CnR Create,سي ان ار كريات,Virgo,فيرجو الرجالي,3.6,4,3,2008,425,عطر فيرجو الرجالي,Virgo
2158,Dior,كريستيان ديور,Cuir Saddle,كوير سادلي,3.7,3.8,3,2025,1350,عطر كوير سادلي,Cuir Saddle
2159,Floris,فلوريس,Platinum 22,لندن بلاتينيوم,4,3.4,2.8,2022,630,عطر لندن بلاتينيوم,Platinum 22
2160,Giorgio Armani,ارماني,Code,كود الرجالي,3.8,3.4,3.2,2004,330,عطر كود الرجالي,Code
2161,Giorgio Armani,ارماني,Pour Homme,الرجالي بور هوم كلاسيك,3.9,3.2,3.2,1996,370,عطر الرجالي بور هوم كلاسيك,Pour Homme
2162,Hermes,هيرمس,Un Jardin en Mediterranee -1Item 1 of 2 Un Jardin en Mediterranee,اون جاردن إن ميديتراني,3.85,3.4,3.1,2003,13,عطر اون جاردن إن ميديتراني,Un Jardin en Mediterranee -1Item 1 of 2 Un Jardin en Mediterranee
2163,Loewe,لويفي,Paula's Ibiza,باولاز إيبيزا,4,3.4,2.8,2020,350,عطر باولاز إيبيزا,Paula's Ibiza
2164,Mancera,مانسيرا,Amber Roses,عنبر روز,3.2,4,3.8,2014,300,عطر عنبر روز,Amber Roses
2165,Montale,مونتال,White Musk,وايت مسك,3.65,3.7,3.2,,290,عطر وايت مسك,White Musk
2166,XERJOFF,زيرجوف,Torino 25,تورينو من,3.8,3.6,3,2020,750,عطر تورينو من,Torino 25
2167,Carner Barcelona,كارنر برشلونة,Tardes,تارديس,3.99,3.3,2.9,2010,350,عطر تارديس,Tardes
2168,Ormonde Jayne,اورموند جين,Ta'if,ارموند طائف,4.04,3.2,2.9,2004,850,عطر ارموند طائف,Ta'if
2169,PENHALIGONS,بنهاليغونز,Clandestine Clara Penhaligon's,بنهاليغنز بورتريه كلانديستين كلارا,3.99,3.3,2.9,2017,870,عطر بنهاليغنز بورتريه كلانديستين كلارا,Clandestine Clara Penhaligon's
2170,S T Dupont,ديبون,S T,اسنس بيور الرجالي,4.04,3.2,2.9,1998,160,عطر اسنس بيور الرجالي,S T
2171,BVLGARI,بولغاري,Rose Goldea,روز قولديا,3.94,3.2,3.1,2016,295,عطر روز قولديا,Rose Goldea
2172,Dolce Gabbana,دولتشي غابانا,& The One,ذا ون الرجالي,4.49,2.9,2.3,2015,9,عطر ذا ون الرجالي,& The One
2173,Giorgio Armani,ارماني,Si Intense,جورجيو سي انتنس,3.84,3.5,3,2013,485,عطر جورجيو سي انتنس,Si Intense
2174,Guerlain,غيرلان,Homme,هوم النسخة القديمة,4.24,3,2.7,2008,340,عطر هوم النسخة القديمة,Homme
2175,Jeroboam,جيروبوم,Unue,جيروبام اوني,3.79,3.6,3,2020,780,عطر جيروبام اوني,Unue
2176,Korloff,كورلوف,In White Paris,إن وايت,3.99,3.1,3.1,2010,190,عطر إن وايت,In White Paris
2177,Korloff,كورلوف,Lady Paris,ليدي,3.79,3.3,3.3,2011,195,عطر ليدي,Lady Paris
2178,Lalique,لاليك,L'Amour,لامور النسائي,3.84,3.4,3.1,2013,250,عطر لامور النسائي,L'Amour
2179,Mancera,مانسيرا,Sicily Partume,سيسلي,3.94,3.3,3,2016,365,عطر سيسلي,Sicily Partume
2180,Paco Rabanne,باكو رابان,Million Gold,مليون جولد,4.04,3.3,2.8,2024,450,عطر مليون جولد,Million Gold
2181,Ramon Monegal,رامون مونيجال,Dry Wood,دراي وود من,3.44,3.7,3.6,2012,750,عطر دراي وود من,Dry Wood
2182,Santi Burgas,سانتي بورجاس,Loant,لوانت,3.59,3.6,3.4,2013,480,عطر لوانت,Loant
2183,The Woods,ذا وودز كوليكشن,Moonlight Collection,كولكشن مون لايت,3.64,3.7,3.2,2019,10,عطر كولكشن مون لايت,Moonlight Collection
2184,Thomas Kosmala,توماس كوسمالا,Tonic Vert,باريس رقم تونيك فيرت,3.99,3.4,2.8,2018,650,عطر باريس رقم تونيك فيرت,Tonic Vert
2185,Valentino,فالنتينو,Born in Roma The Gold Uomo,بورن ان روما ذا قولد اومو,3.99,3.4,2.8,2024,480,عطر بورن ان روما ذا قولد اومو,Born in Roma The Gold Uomo
2186,XERJOFF,زيرجوف,Levar del Sole,كاساموراتي ليفار ديل سول,3.74,3.7,3,2024,950,عطر كاساموراتي ليفار ديل سول,Levar del Sole
2187,Chanel,شانيل,Te,كوميت,4.14,3.3,2.6,2024,1100,عطر كوميت,Te
2188,A Lab on Fire,ايه لاب اون فاير,Sweet Dreams 2003 What We Do Is Secret,سويت دريمز,4.18,3,2.8,2012,320,عطر سويت دريمز,Sweet Dreams 2003 What We Do Is Secret
2189,Azzaro,ازارو,pour Homme,بور اوم,3.88,3.4,3,1978,220,عطر بور اوم,pour Homme
2190,Boadicea,بوديسيا ذا فيكتوريوس,Adoration THE VICTORIOUS,أدوريشن,3.88,3,3.4,2019,700,عطر أدوريشن,Adoration THE VICTORIOUS
2191,CREED,كريد,Original Vetiver,اوريجينال فيتيفير,4.23,3.1,2.6,2004,980,عطر اوريجينال فيتيفير,Original Vetiver
2192,Chopard,شوبارد,Casmir,كاسمير,3.88,3.4,3,1992,210,عطر كاسمير,Casmir
2193,Etat,ايتات ليبر دي اورانج,Years Libre d'Orange,ايتا ليبري ييرس,3.68,3.6,3.2,2019,490,عطر ايتا ليبري ييرس,Years Libre d'Orange
2194,Houbigant,هوبيجان,Vanille Imperiale pour homme et femme,هوبيجانت فانيليا امبريال اكستريم,3.83,3.6,2.9,2024,630,عطر هوبيجانت فانيليا امبريال اكستريم,Vanille Imperiale pour homme et femme
2195,Issey Miyake,ايسي مياكي,Nuit d’,إيسي مايكي نوي أيسي,3.93,3.4,2.9,2014,350,عطر إيسي مايكي نوي أيسي,Nuit d’
2196,Kilian,كيليان,L'Heure Verte,لور فيرت,3.98,3.4,2.8,2021,36,عطر لور فيرت,L'Heure Verte
2197,Le Labo,لي لابو,Rose 31 .,روز,4.08,3.3,2.7,2006,1020,عطر روز,Rose 31 .
2198,MEMO PARIS,ميمو باريس,Inverness,انفيرنيس,4.03,3.4,2.7,2023,680,عطر انفيرنيس,Inverness
2199,Mont Blanc,مونت بلانك,Explorer -,إكسبلورر,4.23,3.1,2.6,2019,8,عطر إكسبلورر,Explorer -
2200,Prada,برادا,Femme Intense,لا فيمي انتنس النسائي,3.83,3.4,3.1,2017,11,عطر لا فيمي انتنس النسائي,Femme Intense
2201,Prada,برادا,Paradoxe,بارادوكس,3.93,3.4,2.9,2022,425,عطر بارادوكس,Paradoxe
2202,Rochas,روشاس,Mademoiselle Couture,مدموازيل كوتور,3.83,3.4,3.1,2019,260,عطر مدموازيل كوتور,Mademoiselle Couture
2203,Rochas,روشاس,Secret de Rose Intense,سيكريت روز انتنس,3.98,3,3.2,2015,195,عطر سيكريت روز انتنس,Secret de Rose Intense
2204,TOM FORD,توم فورد,Fabulous,فابيلوس,3.83,3.5,3,2017,990,عطر فابيلوس,Fabulous
2205,TOM FORD,توم فورد,Soleil Neige,سوليل نيج,4.13,3.2,2.7,2019,650,عطر سوليل نيج,Soleil Neige
2206,Van Cleef,فان كليف اند اربلز,Ambre Imperial & Arpels,امبري امبريال,4.13,3.1,2.8,2015,13,عطر امبري امبريال,Ambre Imperial & Arpels
2207,Escentric Molecules,ايسنتريك,Molecule 01 + Patchouli,اسنترك موليكيول باتشولي,3.97,3.4,2.8,2021,11,عطر اسنترك موليكيول باتشولي,Molecule 01 + Patchouli
2208,Escentric Molecules,ايسنتريك,Molecule 01 + Patchouli & Men,اسنترك موليكيول باتشولي,3.97,3.4,2.8,2021,390,عطر اسنترك موليكيول باتشولي,Molecule 01 + Patchouli & Men
2209,Ferrari,فيراري,Bright Neroli,برايت نيرولي,4.22,3,2.7,2015,220,عطر برايت نيرولي,Bright Neroli
2210,Francesca Bia,فرانشيسكا بيانكي,Luxe Calme Volupte Bianchi,لوكس كالم من,3.72,3.8,2.9,2021,450,عطر لوكس كالم من,Luxe Calme Volupte Bianchi
2211,Giorgio Armani,ارماني,Blanc Kogane,بريفيه بلانك كوجاني,3.92,3.5,2.8,2024,1100,عطر بريفيه بلانك كوجاني,Blanc Kogane
2212,Giorgio Armani,ارماني,Kogane,بريفيه بلانك كوجاني,3.92,3.5,2.8,2024,18,عطر بريفيه بلانك كوجاني,Kogane
2213,Lalique,لاليك,Fruits du Mouvement,فروت موفمنت,3.87,3.2,3.2,2014,420,عطر فروت موفمنت,Fruits du Mouvement
2214,Ramon Monegal,رامون مونيجال,Umbra,اومبرا من مونيغال,3.82,3.5,3,2010,750,عطر اومبرا من مونيغال,Umbra
2215,Serge Lutens,سيرج لوتنس,Fille de Berlin,لا فيل برلين,4.02,3.3,2.8,2013,220,عطر لا فيل برلين,Fille de Berlin
2216,Acqua Di Parma,اكوا دي بارما,Zafferano di,زافيرانو,4.17,3.2,2.6,2022,460,عطر زافيرانو,Zafferano di
2217,Kilian,كيليان,Love the way you Feel BY,باي لاف ذا واي يو فيل,3.92,3.2,3.1,2018,20,عطر باي لاف ذا واي يو فيل,Love the way you Feel BY
2218,Boucheron,بوشرون,Jaipur Bouquet,جايبور بوكية,3.76,3.4,3.2,2019,320,عطر جايبور بوكية,Jaipur Bouquet
2219,Burberry,بربري,Mr Indigo,مستر انديجو,3.86,3.2,3.2,2018,280,عطر مستر انديجو,Mr Indigo
2220,CREED,كريد,Viking,فايكنج,3.96,3.4,2.8,2017,17,عطر فايكنج,Viking
2221,Elite,ايليت,Dunhill Icon,دانهيل ايكون الاسود,4.01,3.3,2.8,2016,225,عطر دانهيل ايكون الاسود,Dunhill Icon
2222,Imaginaires,ليكويد اماجينيرز,L'ile Pourpre,لي,4.11,3.1,2.8,2016,13,عطر لي,L'ile Pourpre
2223,Jeroboam,جيروبوم,Ligno,جيروبام لينغو,3.61,3.7,3.2,2019,380,عطر جيروبام لينغو,Ligno
2224,Korloff,كورلوف,Rose Oud,روز عود,3.66,3.4,3.4,2019,295,عطر روز عود,Rose Oud
2225,Ramon Monegal,رامون مونيجال,Flowerpower,فلاور باور مونيقال,3.81,3.5,3,2018,820,عطر فلاور باور مونيقال,Flowerpower
2226,Rochas,روشاس,L'Homme Man,هوم,4.06,3.2,2.8,2020,250,عطر هوم,L'Homme Man
2227,A Lab on Fire,ايه لاب اون فاير,What We Do In Paris Is Secret by A on,وات وي ان باريس از سيكريت,3.96,3.3,2.9,2014,450,عطر وات وي ان باريس از سيكريت,What We Do In Paris Is Secret by A on
2228,Burberry,بربري,Goddess,جوديس النسائي,4.16,3.2,2.6,2023,400,عطر جوديس النسائي,Goddess
2229,Giardini,جاردن دي توسكانا,Christos di Toscana,كريستوس جيارديني,3.36,3.9,3.5,2023,16,عطر كريستوس جيارديني,Christos di Toscana
2230,Isabey,ايزابي,Tendre Nuit,تيندر نوي,3.96,3.3,2.9,2018,15,عطر تيندر نوي,Tendre Nuit
2231,V Canto,في كانتو,Fili V,فيلي,3.66,3.2,3.6,2019,940,عطر فيلي,Fili V
2232,Van Cleef,فان كليف اند اربلز,Orchidee Vanille & Arpels,آربيلز اوركيدي فانيل,4.26,3.1,2.5,2009,470,عطر آربيلز اوركيدي فانيل,Orchidee Vanille & Arpels
2233,Olfattivo,لابوراتوريو,sacreste - Labratorio,ساكرستي,4.06,3.3,2.7,2018,550,عطر ساكرستي,sacreste - Labratorio
2234,Boucheron,بوشرون,Fleurs,فلورز,3.75,3.4,3.2,2019,180,عطر فلورز,Fleurs
2235,Giorgio,جورجيو,Armani Code Elixir,ارماني كود الكسير,3.7,3.7,3,2025,12,عطر ارماني كود الكسير,Armani Code Elixir
2236,MEMO PARIS,ميمو باريس,Ilha Do Mel,إلها ميل,3.95,3.2,3,2015,750,عطر إلها ميل,Ilha Do Mel
2237,Parfums de Marly,مارلي,Shagya,شاقيا,3.6,3.7,3.2,,620,عطر شاقيا,Shagya
2238,Prada,برادا,Candy Night,كاندي نايت,3.6,3.6,3.3,2019,260,عطر كاندي نايت,Candy Night
2239,Rochas,روشاس,Man,مان,4.15,3.1,2.7,1999,180,عطر مان,Man
2240,Vilhelm,فيلهلم,th & Bloom Parfumerie,اند بلوم,3.6,3.7,3.2,,590,عطر اند بلوم,th & Bloom Parfumerie
2241,BVLGARI,بولغاري,Aqva Divina,اكوا ديفينا,3.85,3.3,3.1,2015,230,عطر اكوا ديفينا,Aqva Divina
2242,BYREDO,بيريدو,M/Mink,ام مينك,3.45,3.8,3.4,2010,850,عطر ام مينك,M/Mink
2243,Burberry,بربري,The Beat,ذا بيت الرجالي,3.8,3.5,3,2008,220,عطر ذا بيت الرجالي,The Beat
2244,J.F.,جي أف شوارزلوس برلين,Trance J.F. Schwarzlose Berlin,اف ترانس,3.5,3.7,3.4,2012,650,عطر اف ترانس,Trance J.F. Schwarzlose Berlin
2245,Mont Blanc,مونت بلانك,Femme de Montblanc,فام مونبلان النسائي,3.65,3.4,3.4,2006,220,عطر فام مونبلان النسائي,Femme de Montblanc
2246,Rosendo Mateu,روسيندو ماتيو,No 1 Bergamot Tea,نمبر,4.15,3.2,2.6,2017,220,عطر نمبر,No 1 Bergamot Tea
2247,Versace,فرزاتشي,Pour Femme,بور فيم النسائي الابيض,3.6,3.5,3.4,2017,200,عطر بور فيم النسائي الابيض,Pour Femme
2248,Yves Saint Laur,ايف سان لوران,Libre L'Absolu Platine LAURENT,اف ليبر لابسولو بلاتين للسيدات,3.85,3.5,2.9,2023,13,عطر اف ليبر لابسولو بلاتين للسيدات,Libre L'Absolu Platine LAURENT
2249,BVLGARI,بولغاري,BLV Pour,بي ال في بور أوم,4.05,3.3,2.7,2001,390,عطر بي ال في بور أوم,BLV Pour
2250,Mancera,مانسيرا,Aoud Black Candy,عود بلاك كاندي,3.3,3.8,3.7,2013,300,عطر عود بلاك كاندي,Aoud Black Candy
2251,Santi Burgas,سانتي بورجاس,Lomusk,لوماسك,4.05,3.3,2.7,2013,480,عطر لوماسك,Lomusk
2252,Tous,توس,The Origin 1920,ذي اوريجن,4.1,3.1,2.8,2017,295,عطر ذي اوريجن,The Origin 1920
2253,Bon Parfumeur,بون بارفيومور,Pal,بارفومير,4.04,3.2,2.8,2019,450,عطر بارفومير,Pal
2254,MEMO PARIS,ميمو باريس,Kedu Sesame,كيدو سيسم,3.99,2.9,3.2,2017,1500,عطر كيدو سيسم,Kedu Sesame
2255,FREDERIC MALLE,فريدريك مال,Vetiver Extraordinaire,فيتيفير أورديناير,4.09,3.3,2.6,2002,1020,عطر فيتيفير أورديناير,Vetiver Extraordinaire
2256,Floris,فلوريس,Eau de Santal,لندن سانتال,4.29,3,2.5,2002,475,عطر لندن سانتال,Eau de Santal
2257,Guerlain,غيرلان,Santal Pao Rosa,سانتال باو روزا,3.74,3.7,2.9,2021,16,عطر سانتال باو روزا,Santal Pao Rosa
2258,Hugo Boss,هوغو بوس,Orange,اورانج الرجالي,3.94,3.2,3,2011,200,عطر اورانج الرجالي,Orange
2259,Lancome,لانكوم,Peut Etre,بيوت إيتر ميزون,4.19,3.1,2.6,2020,850,عطر بيوت إيتر ميزون,Peut Etre
2260,Lancome,لانكوم,Tre,بيوت ايتر ميزون,4.19,3.1,2.6,2020,240,عطر بيوت ايتر ميزون,Tre
2261,Lancome,لانكوم,Tresor In Love,تريزور ان لوف,3.84,3.4,3,2010,390,عطر تريزور ان لوف,Tresor In Love
2262,Nicolai,نيكولاي,Musc Intense,مسك انتنس,3.84,3.4,3,2012,16,عطر مسك انتنس,Musc Intense
2263,Roja Parfums,روجا بارفيومز,Elysium,اليسيوم,4.29,3,2.5,2017,950,عطر اليسيوم,Elysium
2264,Roja Parfums,روجا بارفيومز,Elysium Parfum,اليسيوم الرجالي الاصدار القديم,4.29,3,2.5,2017,1000,عطر اليسيوم الرجالي الاصدار القديم,Elysium Parfum
2265,Yves Saint Laur,ايف سان لوران,Yve Laurent Black Opium Hair,بلاك اوبيوم للشعر,3.94,3.3,2.9,2014,265,عطر بلاك اوبيوم للشعر,Yve Laurent Black Opium Hair
2266,BVLGARI,بولغاري,Man Wood Neroli,مان وود نيرولي,4.14,3.1,2.7,2019,290,عطر مان وود نيرولي,Man Wood Neroli
2267,Olfattivo,لابوراتوريو,Vanhera - Labratorio,فانھیرا ادو بارفیوم,4.04,3.3,2.7,2017,550,عطر فانھیرا ادو بارفیوم,Vanhera - Labratorio
2268,Thomas Kosmala,توماس كوسمالا,Bukhoor,باريس رقم بخور إليكسير,3.04,4.3,3.7,2018,12,عطر باريس رقم بخور إليكسير,Bukhoor
2269,Van Cleef,فان كليف اند اربلز,Patchouli Blanc & Arpels,اربيلس باتشولي بلانك,3.94,3.4,2.8,2022,550,عطر اربيلس باتشولي بلانك,Patchouli Blanc & Arpels
2270,Acqua Di Parma,اكوا دي بارما,Fico di Amalfi La Riserva di,أكوا فيكو أمالفي لا ريسيرفا,4.28,3,2.5,2025,850,عطر أكوا فيكو أمالفي لا ريسيرفا,Fico di Amalfi La Riserva di
2271,Chopard,شوبارد,Rose Malaki,روز ملكي,4.03,3.1,2.9,2014,260,عطر روز ملكي,Rose Malaki
2272,Estee Lauder,استي لودر,Pleasures,ايستي بليجرز,3.83,3.4,3,1995,275,عطر ايستي بليجرز,Pleasures
2273,Kilian,كيليان,Apple Brandy on the Rocks BY,ابل براندي من,4.13,3.2,2.6,2021,32,عطر ابل براندي من,Apple Brandy on the Rocks BY
2274,Korloff,كورلوف,Plaisir Gourmand,بلايسير جورماند,4.03,3.1,2.9,2023,295,عطر بلايسير جورماند,Plaisir Gourmand
2275,Lorenzo,لورينزو بازاليا,Aura Maris Villoresi,فيلوريسي ماري نوستورم اورا ماريس,3.98,3.2,2.9,2012,14,عطر فيلوريسي ماري نوستورم اورا ماريس,Aura Maris Villoresi
2276,Lorenzo Villo,لورينزو فيلوريسي,Aura Maris Villoresi,ماري نوستورم اورا ماريس,3.98,3.2,2.9,2012,385,عطر ماري نوستورم اورا ماريس,Aura Maris Villoresi
2277,MEMO PARIS,ميمو باريس,French Leather,فرينش ليذر,3.93,3.3,2.9,2014,550,عطر فرينش ليذر,French Leather
2278,MEMO PARIS,ميمو باريس,French Leather Hair Mist,كويرس نومادز فرينش ليذر للشعر,3.93,3.3,2.9,2014,310,عطر كويرس نومادز فرينش ليذر للشعر,French Leather Hair Mist
2279,Ormonde Jayne,اورموند جين,Qi,تشي ارموند,3.88,3.2,3.1,2012,750,عطر تشي ارموند,Qi
2280,TOM FORD,توم فورد,LANT,سولاي برولانت,3.73,3.6,3,2021,22,عطر سولاي برولانت,LANT
2281,TOM FORD,توم فورد,LANT 5,سولاي برولانت بالفيوم,3.73,3.6,3,2021,850,عطر سولاي برولانت بالفيوم,LANT 5
2282,Vertus,فيرتس,XXIV Carat Gold,كارات قولد,3.83,3.4,3,2015,650,عطر كارات قولد,XXIV Carat Gold
2283,Yves Saint Laur,ايف سان لوران,Y Elixir LAURENT,واي اليكسير مركز,3.78,3.6,2.9,2024,500,عطر واي اليكسير مركز,Y Elixir LAURENT
2284,Brilliant,بريليانت ارستوكريزي,Aristocrazy,,3.88,3.3,3,2021,250,,Aristocrazy
2285,Carolina Herrera,كارولينا,Bad Boy,هيريرا باد بوي الرجالي,3.73,3.4,3.2,2019,380,عطر هيريرا باد بوي الرجالي,Bad Boy
2286,Chopard,شوبارد,Happy Spirit,هابي سبيريت الموف,3.88,3.3,3,2007,205,عطر هابي سبيريت الموف,Happy Spirit
2287,Conteur,كونتور,CHRONICLE,كرونيكل,3.88,3.6,2.7,2025,410,عطر كرونيكل,CHRONICLE
2288,Dior,كريستيان ديور,Higher,هاير,4.13,3.1,2.7,2001,480,عطر هاير,Higher
2289,Du Bois,دو بوا,London Spice Fragrance,فريقرانس بويس لندن سبايس,3.98,3.3,2.8,2021,20,عطر فريقرانس بويس لندن سبايس,London Spice Fragrance
2290,Ex Nihilo,اكس نيهيلو,Fleur Narcotique Ex,إكس فلور ناركوتيك,3.68,3.5,3.2,2014,850,عطر إكس فلور ناركوتيك,Fleur Narcotique Ex
2291,FREDERIC MALLE,فريدريك مال,Bile,إنديليبيل من,4.08,3.2,2.7,2015,16,عطر إنديليبيل من,Bile
2292,Lalique,لاليك,Elegance Animale,اليجانس انيمال نوار بريمير,3.78,3.3,3.2,2014,440,عطر اليجانس انيمال نوار بريمير,Elegance Animale
2293,PENHALIGONS,بنهاليغونز,AIUla Penhaligon's,بنهاليغنز العلا,4.08,3.2,2.7,2024,1150,عطر بنهاليغنز العلا,AIUla Penhaligon's
2294,Roberto Cavalli,روبرتو كفالي,Florence,كافالي فلورنس,3.73,3.4,3.2,2017,220,عطر كافالي فلورنس,Florence
2295,Dolce Gabbana,دولتشي غابانا,The Only One Intense &,ذا اونلي ون انتنس,3.97,3.2,2.9,2018,290,عطر ذا اونلي ون انتنس,The Only One Intense &
2296,Lalique,لاليك,Woody Gold 2020,وودي قولد,3.82,3,3.4,2015,490,عطر وودي قولد,Woody Gold 2020
2297,Montale,مونتال,Highness Rose,هاينس روز بيرفيوم,3.67,3.3,3.4,2012,260,عطر هاينس روز بيرفيوم,Highness Rose
2298,Acqua Di Parma,اكوا دي بارما,Cedro di Taormina di,بلو ميديتيرانيو سيدرو داي تاومينا,4.17,2.9,2.8,2016,12,عطر بلو ميديتيرانيو سيدرو داي تاومينا,Cedro di Taormina di
2299,Armaf,ارماف,Club de Nuit Milestone,كلوب نايت مايلستون,3.92,3.4,2.8,2019,180,عطر كلوب نايت مايلستون,Club de Nuit Milestone
2300,Armaf,ارماف,Tres Nuit,أرماف تريس نوي,4.12,3.1,2.7,,160,عطر أرماف تريس نوي,Tres Nuit
2301,Atkinsons,اتكينسونس,Burlington Arcade 41,أتكينسونس بورلينجتون أركاد,4.12,3,2.8,2017,480,عطر أتكينسونس بورلينجتون أركاد,Burlington Arcade 41
2302,Clinique,كلينيك,Aromatics in White,اروماتكس ان وايت,3.92,3.2,3,2014,250,عطر اروماتكس ان وايت,Aromatics in White
2303,Diptyque,ديبتيك,Do Son,سون,4.07,3.2,2.7,2013,600,عطر سون,Do Son
2304,Diptyque,ديبتيك,Eau Duelle,دويل,4.27,3.1,2.4,2013,700,عطر دويل,Eau Duelle
2305,FREDERIC MALLE,فريدريك مال,French Lover,فرينش لوفر,4.07,3.2,2.7,2007,20,عطر فرينش لوفر,French Lover
2306,FREDERIC MALLE,فريدريك مال,French Lover .,فردريك فرنش لوفير,4.07,3.2,2.7,2007,1150,عطر فردريك فرنش لوفير,French Lover .
2307,Kilian,كيليان,Old Fashioned BY,اولد فاشونيد,3.97,3.4,2.7,2024,950,عطر اولد فاشونيد,Old Fashioned BY
2308,Kilian,كيليان,White Cristal,ستريت تو هيفن وايت كريستال,4.02,3.3,2.7,2007,20,عطر ستريت تو هيفن وايت كريستال,White Cristal
2309,Lalique,لاليك,Reve d'Infini,ريفي دينفيني,3.72,3.4,3.2,2016,215,عطر ريفي دينفيني,Reve d'Infini
2310,Le Labo,لي لابو,Another 13 Le,انذر,4.02,3.4,2.6,2010,1100,عطر انذر,Another 13 Le
2311,Michael Kors,مايكل كورس,Extreme Blue,اكستريم بلو,3.92,3.2,3,2015,11,عطر اكستريم بلو,Extreme Blue
2312,Sospiro,سوسبيرو,Bel Canto,بل كانتو ٢٥مل,3.67,3.7,3,2022,400,عطر بل كانتو ٢٥مل,Bel Canto
2313,Versace,فرزاتشي,Pour Homme,الرجالي,4.27,3,2.5,2008,9,عطر الرجالي,Pour Homme
2314,Diesel,ديزل,Fuel for Life Homme,فيول فور لايف,3.91,3.3,2.9,2007,285,عطر فيول فور لايف,Fuel for Life Homme
2315,Laurent Mazzone,لورنت مازون,Chemise Blanche,لورين شيميز بلانش,3.96,3.2,2.9,2013,500,عطر لورين شيميز بلانش,Chemise Blanche
2316,ATELIER DES ORS,اتيليه دي اورس,Aube Rubis,ديس اوب روبي,3.81,3.3,3.1,2015,210,عطر ديس اوب روبي,Aube Rubis
2317,Akro,اكرو,Smoke,سموك,3.61,3.7,3.1,2018,385,عطر سموك,Smoke
2318,CREED,كريد,Himalaya,هيمالايا,4.06,3.2,2.7,2002,280,عطر هيمالايا,Himalaya
2319,Floris,فلوريس,Vert Fougere,فيرت فوجير,3.81,3.4,3,2020,450,عطر فيرت فوجير,Vert Fougere
2320,Les Indemodables,ليه إنديمودابل,Cuir de Chine,كوير تشاين,4.01,3.3,2.7,2016,770,عطر كوير تشاين,Cuir de Chine
2321,Ormonde Jayne,اورموند جين,Levant,ارموند ليفانت,4.06,3.2,2.7,2020,360,عطر ارموند ليفانت,Levant
2322,Pazzaglia,لورنزو بازاجليا,Sugar Kisses Lorenzo,شوقر كيسز,3.76,3.5,3,2023,20,عطر شوقر كيسز,Sugar Kisses Lorenzo
2323,Robert Piguet,روبرت بيغيه,Notes,نوتس من روبيرت بيجيه,3.61,3.6,3.2,2012,10,عطر نوتس من روبيرت بيجيه,Notes
2324,TOM FORD,توم فورد,Lost Cherry,لوست شيري,4.06,3.1,2.8,2018,350,عطر لوست شيري,Lost Cherry
2325,Versace,فرزاتشي,Woman,وومن,3.71,3.4,3.2,2000,230,عطر وومن,Woman
2326,Pana Dora,بانا دورا,Velvet Iris,فيلفيت إيريس من,4.06,3.3,2.6,2021,800,عطر فيلفيت إيريس من,Velvet Iris
2327,Amado,امادو,Low Musc,أمادو لو مسك,5,4,,2020,17,عطر أمادو لو مسك,Low Musc
2328,Amado,امادو,Musc,أمادو لو مسك,5,4,,2020,750,عطر أمادو لو مسك,Musc
2329,BDK Parfums,بي دي كي,Rouge Smoking,روج سموكينج,4.05,3.2,2.7,2018,680,عطر روج سموكينج,Rouge Smoking
2330,BVLGARI,بولغاري,Aqva Pour Homme Marine,اكوا مارين بور اوم,3.7,3.4,3.2,2008,240,عطر اكوا مارين بور اوم,Aqva Pour Homme Marine
2331,BVLGARI,بولغاري,Rose Blossom Delight,روز قولديا بلوسوم ديلايت,3.8,3.2,3.2,2019,340,عطر روز قولديا بلوسوم ديلايت,Rose Blossom Delight
2332,BYREDO,بيريدو,Rose Noir,روز نوار,3.85,3.3,3,2008,800,عطر روز نوار,Rose Noir
2333,Cartier,كارتير,Declaration Essence,ديكلاريشن اسنس المركز,3.65,3.4,3.3,2001,420,عطر ديكلاريشن اسنس المركز,Declaration Essence
2334,Cartier,كارتير,Panthere Elixir,لا بانثير الكسير,3.8,3.4,3,2024,400,عطر لا بانثير الكسير,Panthere Elixir
2335,Cartier,كارتير,Panthere Legere,لابانتير ليجر,3.5,3.6,3.4,2015,250,عطر لابانتير ليجر,Panthere Legere
2336,Dior J’adore,ديور جادور,Parfum d’Eau,,3.8,3.4,3,1999,570,,Parfum d’Eau
2337,Giorgio Armani,ارماني,Emporio Stronger With You Freeze,امبوريو سترونجر ويذ يو فريز الرجالي,3.55,3.5,3.4,2020,420,عطر امبوريو سترونجر ويذ يو فريز الرجالي,Emporio Stronger With You Freeze
2338,Giorgio Armani,ارماني,Si Hair Mist,جورجيو سي للشعر,3.9,3.2,3,2017,320,عطر جورجيو سي للشعر,Si Hair Mist
2339,Juliette HAG,جولييت,Has A Gun Luxury Collection Metal Chypre,هاز اجن ميتال شيبر,3.75,3.4,3.1,2017,420,عطر هاز اجن ميتال شيبر,Has A Gun Luxury Collection Metal Chypre
2340,MEMO PARIS,ميمو باريس,Eau,,4.05,3.2,2.7,2017,670,,Eau
2341,Montale,مونتال,Wild Pears,وايلد بيرس,3.45,3.6,3.5,2011,200,عطر وايلد بيرس,Wild Pears
2342,Nicolai,نيكولاي,Rose Royale,روز رويال,3.75,3.5,3,2017,380,عطر روز رويال,Rose Royale
2343,PENHALIGONS,بنهاليغونز,The Tragedy of Lord George Penhaligon's,بنهاليغنز ذا تراجيدي أوف لورد جورج,4.1,3.1,2.7,2016,850,عطر بنهاليغنز ذا تراجيدي أوف لورد جورج,The Tragedy of Lord George Penhaligon's
2344,Serge Lutens,سيرج لوتنس,me du Feu,بابتيمي فو,3.8,3.4,3,2016,370,عطر بابتيمي فو,me du Feu
2345,Givenchy,جيفنشي,Sans Artifice,سانس ارتيفيس,4.05,3.3,2.6,2020,580,عطر سانس ارتيفيس,Sans Artifice
2346,Montale,مونتال,Crystal Flowers,كريستال فلور,3.3,3.8,3.6,,330,عطر كريستال فلور,Crystal Flowers
2347,ATELIER DES ORS,اتيليه دي اورس,Bois Sikar,ديس بوا سيكار,3.54,3.7,3.2,2018,180,عطر ديس بوا سيكار,Bois Sikar
2348,Bentley,بنتلي,Azure,ازور الازرق,3.79,3.2,3.2,2014,180,عطر ازور الازرق,Azure
2349,Caron,كارون,Pour Un Homme,بور ان اوم,4.04,3.2,2.7,1934,300,عطر بور ان اوم,Pour Un Homme
2350,Caron,كارون,Pour Un Homme de Parfum,بور ان هوم,4.04,3.2,2.7,1934,13,عطر بور ان هوم,Pour Un Homme de Parfum
2351,Dunhill,دانهيل,X-Centric,اكس سنتريك,4.14,3,2.7,2001,210,عطر اكس سنتريك,X-Centric
2352,Etro,ايترو,- SHANTUNG,شانتونق,4.09,2.9,2.9,2016,400,عطر شانتونق,- SHANTUNG
2353,Giardini,جاردن دي توسكانا,Borabora di Toscanaunisex,جيارديني بورابورا,3.84,3.4,2.9,2023,230,عطر جيارديني بورابورا,Borabora di Toscanaunisex
2354,Houbigant,هوبيجان,Oud Or,هوبيجانت عود اور,3.79,3.6,2.8,2023,600,عطر هوبيجانت عود اور,Oud Or
2355,Issey Miyake,ايسي مياكي,A scent by,سنت,3.84,3.3,3,2009,370,عطر سنت,A scent by
2356,Kilian,كيليان,Liaisons Dangereuses BY,ليايسونس دانجيروس تيبيكال دى بيرفيوم,3.84,3.3,3,2007,859,عطر ليايسونس دانجيروس تيبيكال دى بيرفيوم,Liaisons Dangereuses BY
2357,Kilian,كيليان,Liaisons Dangerous Eau de for Unisex,ليايسونس دانجيروس تيبيكال اودى بيرفيوم,3.84,3.3,3,2007,650,عطر ليايسونس دانجيروس تيبيكال اودى بيرفيوم,Liaisons Dangerous Eau de for Unisex
2358,Olfattivo,لابوراتوريو,Tuberosis Laboratorio,توبيروسيس,3.89,3.2,3,2019,15,عطر توبيروسيس,Tuberosis Laboratorio
2359,Atkinsons,اتكينسونس,Gerrard Street 44,أتكينسونس جيرارد ستريت,4.09,3.2,2.6,2020,480,عطر أتكينسونس جيرارد ستريت,Gerrard Street 44
2360,Nicolai,نيكولاي,Riviera Verbena,ريفيرا فيربينا,4.09,3.2,2.6,2022,570,عطر ريفيرا فيربينا,Riviera Verbena
2361,Bottega Veneta,بوتيغا فينيتا,Knot Eau Florale,نوت يو فلور,3.93,3.1,3,2015,440,عطر نوت يو فلور,Knot Eau Florale
2362,Jeroboam,جيروبوم,BOHA,جيروبام بوها,3.73,3.5,3,2018,380,عطر جيروبام بوها,BOHA
2363,M Micallef,ميكاليف,Spiritual M.,سيكريت اوف لوف سبيريتشوال,3.68,3.4,3.2,2018,630,عطر سيكريت اوف لوف سبيريتشوال,Spiritual M.
2364,Mont Blanc,مونت بلانك,Signature Hair,سيجنتشر الشعر,4.13,3.2,2.5,2020,245,عطر سيجنتشر الشعر,Signature Hair
2365,Nicolai,نيكولاي,Poudre de Musc Intense Parfumeur Createur,بودري مسك انتينس,3.88,3.4,2.8,2021,600,عطر بودري مسك انتينس,Poudre de Musc Intense Parfumeur Createur
2366,Rosendo Mateu,روسيندو ماتيو,Fresh Oud Olfactive Expressions,بلاك كوليكشن فريش عود,3.53,3.7,3.2,2020,510,عطر بلاك كوليكشن فريش عود,Fresh Oud Olfactive Expressions
2367,Rosendo Mateu,روسيندو ماتيو,White Musk Olfactive Expressions,نمبر,3.98,3.3,2.7,2017,650,عطر نمبر,White Musk Olfactive Expressions
2368,Diptyque,ديبتيك,Eau Nabati,نباتي,3.93,3.5,2.6,2023,900,عطر نباتي,Eau Nabati
2369,Issey Miyake,ايسي مياكي,Me,فيوجن دا اكستريم,4.08,3.2,2.6,2021,280,عطر فيوجن دا اكستريم,Me
2370,MEMO PARIS,ميمو باريس,Indian Leather,انديان ليذر,3.53,3.8,3.1,2024,680,عطر انديان ليذر,Indian Leather
2371,Masque Milano,ماسك ميلانو,Dolceacqua,دولسي اكوا,3.63,3.3,3.4,2010,450,عطر دولسي اكوا,Dolceacqua
2372,Mugler,موغلر,Alien Man,تيري ألين مان,3.78,3.4,3,2018,285,عطر تيري ألين مان,Alien Man
2373,TOM FORD,توم فورد,White Suede,وايت سوايد,4.13,3.1,2.6,2009,750,عطر وايت سوايد,White Suede
2374,BVLGARI,بولغاري,Omnia Amethyste,اومنيا امثيست الموف,3.97,3.1,2.9,2007,295,عطر اومنيا امثيست الموف,Omnia Amethyste
2375,BYREDO,بيريدو,Black Saffron,بلاك سافرون,3.92,3.3,2.8,2012,235,عطر بلاك سافرون,Black Saffron
2376,Biehl Parfumkunstwerke,بيهل,Hb01,اتش بي,3.57,3.6,3.2,2007,750,عطر اتش بي,Hb01
2377,Diptyque,ديبتيك,L'Ombre Dans L'Eau,لومبر دانس ليو,3.97,3.2,2.8,1983,600,عطر لومبر دانس ليو,L'Ombre Dans L'Eau
2378,Diptyque,ديبتيك,L’Ombre Dans L’Eau,لومبر دانس ليو,3.97,3.2,2.8,1983,680,عطر لومبر دانس ليو,L’Ombre Dans L’Eau
2379,Masque Milano,ماسك ميلانو,Terralba,تيرالبا,3.97,3.2,2.8,2013,800,عطر تيرالبا,Terralba
2380,Salvatore Fera,سلفاتور فيرغامو,Emozione Ferragamo,ايموسيوني,3.87,3.2,3,2015,320,عطر ايموسيوني,Emozione Ferragamo
2381,Santi Burgas,سانتي بورجاس,Lovann,لوفان,4.07,3.1,2.7,2013,480,عطر لوفان,Lovann
2382,Trussardi,تروساردي,Uomo The Red,اومو الاحمر,3.77,3.2,3.2,2016,220,عطر اومو الاحمر,Uomo The Red
2383,Chloe,كلوي,Cedrus,اتيليه فلور سيدروس,4.27,3,2.4,2019,500,عطر اتيليه فلور سيدروس,Cedrus
2384,Imaginaires,ليكويد اماجينيرز,Fleuve Tendre Liquides,فلوف توندر لي ليكيد ايماجينار,3.87,3.3,2.9,2017,380,عطر فلوف توندر لي ليكيد ايماجينار,Fleuve Tendre Liquides
2385,Imaginaires,ليكويد اماجينيرز,Liquides Fleuve Tendre,فلوف تيندر,3.87,3.3,2.9,2017,550,عطر فلوف تيندر,Liquides Fleuve Tendre
2386,Lorenzo,لورينزو بازاليا,Gasoleather Pazzaglia,جاسوليذر لورنزو بازاجليا,3.42,3.6,3.5,2024,780,عطر جاسوليذر لورنزو بازاجليا,Gasoleather Pazzaglia
2387,Lorenzo,لورينزو بازاليا,Gasoleather Pazzaglia and men,لورنزو بازاجليا جازو ليذر,3.42,3.6,3.5,2024,750,عطر لورنزو بازاجليا جازو ليذر,Gasoleather Pazzaglia and men
2388,Parfums de Marly,مارلي,Athalia,آثاليا,3.82,3.4,2.9,2016,700,عطر آثاليا,Athalia
2389,Pazzaglia,لورنزو بازاجليا,Gasoleather Lorenzo,جاسوليذر,3.42,3.6,3.5,2024,16,عطر جاسوليذر,Gasoleather Lorenzo
2390,FREDERIC MALLE,فريدريك مال,Eau De Magnolia,ماغنوليا,3.96,3.2,2.8,2014,17,عطر ماغنوليا,Eau De Magnolia
2391,PENHALIGONS,بنهاليغونز,The Dandy Penhaligon's,بنهاليقنز ذا داندي,4.11,3.2,2.5,2024,950,عطر بنهاليقنز ذا داندي,The Dandy Penhaligon's
2392,AMOUAGE,امواج,Love Mimosa,لوف ميموزا للشعر,3.66,3.5,3.1,2019,320,عطر لوف ميموزا للشعر,Love Mimosa
2393,Biehl Parfumkunstwerke,بيهل,Eo03,اي,3.66,3.2,3.4,2007,750,عطر اي,Eo03
2394,Boucheron,بوشرون,Iris de Syracuse,ايريس,4.21,3,2.5,2017,220,عطر ايريس,Iris de Syracuse
2395,Burberry,بربري,Mr,مستر الفضي,3.86,3.2,3,2016,240,عطر مستر الفضي,Mr
2396,CREED,كريد,Silver Mountain Water,سيلفر ماونتن ووتر,4.16,3,2.6,1995,260,عطر سيلفر ماونتن ووتر,Silver Mountain Water
2397,Carolina Herra,كارولينا هيريرا,Herrera Bad Boy Gold Fantasy,باد بوي قولد فانتاسي الرجالي,3.86,3.3,2.9,2022,440,عطر باد بوي قولد فانتاسي الرجالي,Herrera Bad Boy Gold Fantasy
2398,Dunhill,دانهيل,Desire Black,ديزاير بلاك الاسود,3.86,3.2,3,2014,170,عطر ديزاير بلاك الاسود,Desire Black
2399,Dunhill,دانهيل,Valensole Lavender Alfred,دنهل فالينسول لافندر,4.11,3.1,2.6,2020,350,عطر دنهل فالينسول لافندر,Valensole Lavender Alfred
2400,Givenchy,جيفنشي,Accord Particulier,أكورد بارتكيولار,4.16,3.1,2.5,2020,850,عطر أكورد بارتكيولار,Accord Particulier
2401,Hugo Boss,هوغو بوس,Dark Blue,دارك بلو,3.81,3.2,3.1,1999,190,عطر دارك بلو,Dark Blue
2402,Lorenzo,لورينزو بازاليا,Sugar Kisses Pazzaglia,لورنزو بازاجليا شوقر كيسز اكسترايت,3.76,3.4,3,2023,600,عطر لورنزو بازاجليا شوقر كيسز اكسترايت,Sugar Kisses Pazzaglia
2403,Costume Natio,كوستوم ناشونال,NATIONAL,,4.06,3.1,2.7,2019,11,,NATIONAL
2404,Costume Natio,كوستوم ناشونال,NATIONAL 21,,4.06,3.1,2.7,2019,350,,NATIONAL 21
2405,Costume Natio,كوستوم ناشونال,National J NATIONAL and men,جي,4.06,3.1,2.7,2019,450,عطر جي,National J NATIONAL and men
2406,Floris,فلوريس,Turnbull & Asser,تيرنبول اند اسر,3.96,3.3,2.7,2016,15,عطر تيرنبول اند اسر,Turnbull & Asser
2407,Floris,فلوريس,Turnbull & Asser 71/72,تيرنبول اند اسر,3.96,3.3,2.7,2016,490,عطر تيرنبول اند اسر,Turnbull & Asser 71/72
2408,Shiseido,شيسيدو,Ginza Murasaki,,4.01,3.2,2.7,2022,340,,Ginza Murasaki
2409,XERJOFF,زيرجوف,Torino23,تورينو,3.46,3.8,3.2,2023,22,عطر تورينو,Torino23
2410,Gucci,قوتشي,Guilty Elixir de Parfum pour Femme,غليتي الكسير ادو,3.95,3.2,2.8,2019,450,عطر غليتي الكسير ادو,Guilty Elixir de Parfum pour Femme
2411,BVLGARI,بولغاري,Au The Noir,ذا نوير كوليجن,3.75,3.3,3.1,2015,290,عطر ذا نوير كوليجن,Au The Noir
2412,BVLGARI,بولغاري,Goldea The Roman Night Absolute,قولديا ذا رومان نايت ابسولوت,3.4,3.6,3.5,2018,310,عطر قولديا ذا رومان نايت ابسولوت,Goldea The Roman Night Absolute
2413,Chanel,شانيل,Chance Vive,شانس فيفا,3.8,3.2,3.1,2015,550,عطر شانس فيفا,Chance Vive
2414,Chopard,شوبارد,Happy Spirit Amira d’Amour,هابي سبيريت اميرا دامور,3.9,3.1,3,2015,220,عطر هابي سبيريت اميرا دامور,Happy Spirit Amira d’Amour
2415,Diptyque,ديبتيك,Fleur de Peau,فلور بو,4.1,3.3,2.4,2018,750,عطر فلور بو,Fleur de Peau
2416,El Ganso,الجنسو,El After Game,افترغيم,4.3,2.9,2.4,2019,200,عطر افترغيم,El After Game
2417,Juliette HAG,جولييت,In The Mood For Oud Has A Gun,هاز اجن ان ذا مود فور عود,3.2,3.9,3.6,2019,730,عطر هاز اجن ان ذا مود فور عود,In The Mood For Oud Has A Gun
2418,M Micallef,ميكاليف,Gntonic,جنتونيك,4.15,3.1,2.5,2023,550,عطر جنتونيك,Gntonic
2419,Mugler,موغلر,Men Sunessence Edition Orage d'Ete,تيري مان سن ايسنس اديشن اوراج اتي,3.9,3.2,2.9,2010,450,عطر تيري مان سن ايسنس اديشن اوراج اتي,Men Sunessence Edition Orage d'Ete
2420,Nasomatto,ناسوماتو,Nudiflorum,نيوديفلورم اكسترايت,3.65,3.5,3.1,2008,29,عطر نيوديفلورم اكسترايت,Nudiflorum
2421,Olfattivo,لابوراتوريو,Arancia Rossa Laboratorio,ارانكا روزا,4.3,2.9,2.4,2022,480,عطر ارانكا روزا,Arancia Rossa Laboratorio
2422,PENHALIGONS,بنهاليغونز,The World According to Arthur Penhaligon's,بنهاليقنز ذا وورلد أكوردينج تو آرثر,4.15,3.2,2.4,2021,240,عطر بنهاليقنز ذا وورلد أكوردينج تو آرثر,The World According to Arthur Penhaligon's
2423,Atelier Cologne,اتيليه كولون,Santal Carmin,اتيلير سانتال كارمن,4.1,3,2.7,2014,17,عطر اتيلير سانتال كارمن,Santal Carmin
2424,Atkinsons,اتكينسونس,Old Bond Street,أتكينسونس أولد بوند ستريت,4.1,3,2.7,2013,14,عطر أتكينسونس أولد بوند ستريت,Old Bond Street
2425,Atkinsons,اتكينسونس,Old Bond Street 24,أتكينسونس أولد بوند ستريت,4.1,3,2.7,2013,340,عطر أتكينسونس أولد بوند ستريت,Old Bond Street 24
2426,BYREDO,بيريدو,Rose Of No Man's Land,روز اوف نو مانز لاند,4,3.2,2.7,2015,280,عطر روز اوف نو مانز لاند,Rose Of No Man's Land
2427,Boucheron,بوشرون,Me,سيربنت بوهيم,3.6,3.5,3.2,2020,260,عطر سيربنت بوهيم,Me
2428,Calvin Klein,كالفن كلاين,Euphoria Men Intense,ايفوريا مِن انتنس,4.05,3.1,2.7,2008,270,عطر ايفوريا مِن انتنس,Euphoria Men Intense
2429,Cartier,كارتير,Roadster,رودستر,3.55,3.6,3.2,2008,260,عطر رودستر,Roadster
2430,Cartier,كارتير,Un Soir Intense,ديكلاريشن دون سوار انتنس,3.15,3.9,3.7,2014,240,عطر ديكلاريشن دون سوار انتنس,Un Soir Intense
2431,Chopard,شوبارد,1000 Miglia,ميل الرجالي,4.1,3.1,2.6,2013,250,عطر ميل الرجالي,1000 Miglia
2432,Etat,ايتات ليبر دي اورانج,Putain des Palaces Libre d'Orange,ايتا ليبري بوتين بالاس نسائى,3.55,3.6,3.2,2006,450,عطر ايتا ليبري بوتين بالاس نسائى,Putain des Palaces Libre d'Orange
2433,Givenchy,جيفنشي,Ange Etrange Ou Le Secret,انج ترانج لو سيكرت البرتقالي,3.7,3.3,3.2,2009,350,عطر انج ترانج لو سيكرت البرتقالي,Ange Etrange Ou Le Secret
2434,Givenchy,جيفنشي,Ange Ou Etrange Le Parfum,انج ترانج لي,3.7,3.3,3.2,2009,340,عطر انج ترانج لي,Ange Ou Etrange Le Parfum
2435,Hermes,هيرمس,S Pour Homme Et Femme,ان جاردن سور لا لاجون,3.55,3.6,3.2,2019,370,عطر ان جاردن سور لا لاجون,S Pour Homme Et Femme
2436,Hugo Boss,هوغو بوس,Reversed,ريفيرسد الرجالي,3.75,3.2,3.2,2019,200,عطر ريفيرسد الرجالي,Reversed
2437,Lorenzo,لورينزو بازاليا,Extreme Passion Pazzaglia and men,لورنزو بازاجليا اكستريم باسيون,3.6,3.5,3.2,2006,570,عطر لورنزو بازاجليا اكستريم باسيون,Extreme Passion Pazzaglia and men
2438,Mont Blanc,مونت بلانك,Explorer Platinum Montblanc,إكسبلورر بلاتينيوم,3.8,3.5,2.8,2023,250,عطر إكسبلورر بلاتينيوم,Explorer Platinum Montblanc
2439,PENHALIGONS,بنهاليغونز,Elisabethan Rose Penhaligon's,إليزابيثان روز بنهاليغنز النسائي,4,3.2,2.7,2018,17,عطر إليزابيثان روز بنهاليغنز النسائي,Elisabethan Rose Penhaligon's
2440,TOM FORD,توم فورد,Re,مير ميستر,3.9,3.4,2.7,2023,22,عطر مير ميستر,Re
2441,Burberry,بربري,Weekend,ويكند الرجالي,3.74,3.4,3,1997,240,عطر ويكند الرجالي,Weekend
2442,Calvin Klein,كالفن كلاين,Eternity,كالفين اتيرنتي,3.64,3.5,3.1,1988,190,عطر كالفين اتيرنتي,Eternity
2443,Mont Blanc,مونت بلانك,Lady Emblem,ليدي امبليم,3.79,3.2,3.1,2015,220,عطر ليدي امبليم,Lady Emblem
2444,BDK Parfums,بي دي كي,Oud Abramad,كيه عود أبراماد,3.69,3.5,3,2016,600,عطر كيه عود أبراماد,Oud Abramad
2445,Calvin Klein,كالفن كلاين,CK One Shock,كالفين سي كيه ون شوك,4.04,3.1,2.7,2011,190,عطر كالفين سي كيه ون شوك,CK One Shock
2446,Carner Barcelona,كارنر برشلونة,N,ريفولوسيون,3.89,3.4,2.7,2023,430,عطر ريفولوسيون,N
2447,Dior,كريستيان ديور,Higher Energy,هاير انرجي الاخضر,4.04,3,2.8,2003,485,عطر هاير انرجي الاخضر,Higher Energy
2448,Guerlain,غيرلان,Idylle,ايديل النسائي,3.79,3.3,3,2009,330,عطر ايديل النسائي,Idylle
2449,Kilian,كيليان,Princess,برنسيس,4.34,2.9,2.3,2022,570,عطر برنسيس,Princess
2450,Nasomatto,ناسوماتو,Absinth,ابسينث اكسترايت,4.04,3.1,2.7,2008,600,عطر ابسينث اكسترايت,Absinth
2451,Rochas,روشاس,L'Homme Aromatic Touch,لوم اروماتيك تاتش,3.89,3.3,2.8,2022,290,عطر لوم اروماتيك تاتش,L'Homme Aromatic Touch
2452,Vilhelm,فيلهلم,Morning Chess Parfumerie,بارفيوميريك مورنينج تشيس,3.89,3.3,2.8,2015,890,عطر بارفيوميريك مورنينج تشيس,Morning Chess Parfumerie
2453,Vilhelm,فيلهلم,PARFUMERIE MORNING CHESS,مورنينج تشيس,3.89,3.3,2.8,2015,262,عطر مورنينج تشيس,PARFUMERIE MORNING CHESS
2454,Michael Kors,مايكل كورس,Glam Jasmine,جلام جاسمين,3.88,3.2,2.9,2013,285,عطر جلام جاسمين,Glam Jasmine
2455,AMOUAGE,امواج,Opus VII Reckless Leather,اوبس ريكليس ليذر,3.38,3.9,3.2,2013,800,عطر اوبس ريكليس ليذر,Opus VII Reckless Leather
2456,Chanel,شانيل,No 5 Parfum,نمبر من,3.58,3.6,3.1,1986,15,عطر نمبر من,No 5 Parfum
2457,Gucci,قوتشي,Tears From The Moon,تيرس فروم ذا مون,4.18,3,2.5,2022,980,عطر تيرس فروم ذا مون,Tears From The Moon
2458,Versace,فرزاتشي,Eros Energy,ايروس انيرجي الرجالي,3.98,3.2,2.7,2024,325,عطر ايروس انيرجي الرجالي,Eros Energy
2459,XERJOFF,زيرجوف,Dama Bianca,كاساموراتي داما بيانكا,4.08,3.1,2.6,2012,780,عطر كاساموراتي داما بيانكا,Dama Bianca
2460,Boucheron,بوشرون,Place Vendome,بالاس فاندوم النسائي,3.97,3,2.9,2013,10,عطر بالاس فاندوم النسائي,Place Vendome
2461,CREED,كريد,Millesime Imperial,ميليسيم امبريال,4.22,2.9,2.5,1995,690,عطر ميليسيم امبريال,Millesime Imperial
2462,Chopard,شوبارد,Wish,ويش,3.67,3.4,3.1,1997,170,عطر ويش,Wish
2463,Emporio Armani,امبوريو ارماني,Diamonds Pour Homme Eau de Toilette75ml,جورجيو دايموندز الرجالي,4.07,3.1,2.6,2008,350,عطر جورجيو دايموندز الرجالي,Diamonds Pour Homme Eau de Toilette75ml
2464,Francesca Bia,فرانشيسكا بيانكي,Bianchi THE CODE OF EMOTION,ذا كود اوف ايموشن,3.87,3.4,2.7,2025,355,عطر ذا كود اوف ايموشن,Bianchi THE CODE OF EMOTION
2465,Franck Boclet,فرانك بوكليت,Cocaine,كوكايين,3.07,4,3.7,2017,12,عطر كوكايين,Cocaine
2466,Hugo Boss,هوغو بوس,XX,اكس الذهبي النسائي,3.87,3.3,2.8,2007,220,عطر اكس الذهبي النسائي,XX
2467,Kilian,كيليان,Rolling in Love BY,رولينج ان لوف,4.02,3.1,2.7,2019,250,عطر رولينج ان لوف,Rolling in Love BY
2468,Mont Blanc,مونت بلانك,Montblanc Vetiver Glacier,فيتيفر جلاسير,3.92,3.4,2.6,2024,580,عطر فيتيفر جلاسير,Montblanc Vetiver Glacier
2469,TOM FORD,توم فورد,Rose prick,روز بريك للجسم,3.67,3.5,3,2020,450,عطر روز بريك للجسم,Rose prick
2470,Yves Saint Laur,ايف سان لوران,Lavalliere LAURENT,لافاليه لوشوس فيج,4.22,3,2.4,2022,950,عطر لافاليه لوشوس فيج,Lavalliere LAURENT
2471,PENHALIGONS,بنهاليغونز,The Inimitable William Penhaligon Penhaligon's,بنهاليغنز ويليام بنهاليغون,4.02,3.2,2.6,2020,920,عطر بنهاليغنز ويليام بنهاليغون,The Inimitable William Penhaligon Penhaligon's
2472,CREED,كريد,Tabarome,تاباروم ميليسيم,4.01,3.1,2.7,2000,1050,عطر تاباروم ميليسيم,Tabarome
2473,Coach,كوتش,Green,جرين,4.16,3,2.5,2023,260,عطر جرين,Green
2474,Diptyque,ديبتيك,Eau des Sens,سينس,3.96,3.2,2.7,2016,680,عطر سينس,Eau des Sens
2475,Du Bois,دو بوا,Lovers Fragrance,فريقرانس بويس لوفرز,3.56,3.6,3.1,2023,20,عطر فريقرانس بويس لوفرز,Lovers Fragrance
2476,Guy Laroche,غاي لاروش,Drakkar Intense by,دراكار مكثف من جاي,4.11,3,2.6,2022,220,عطر دراكار مكثف من جاي,Drakkar Intense by
2477,John Varvatos,جون فارفاتوس,Vintage,فينتج,4.16,2.9,2.6,2006,290,عطر فينتج,Vintage
2478,Mercedes Benz,مرسيدس بنز,- Select -,سيليكت,4.06,2.9,2.8,2018,230,عطر سيليكت,- Select -
2479,Olfattivo,لابوراتوريو,Tantrico Labratorio,تانتريكو,3.76,3.4,2.9,2019,600,عطر تانتريكو,Tantrico Labratorio
2480,Atelier Flou,اتيلير فلو,Amarcord,اماركورد,4.05,3,2.7,2014,460,عطر اماركورد,Amarcord
2481,BVLGARI,بولغاري,Amarena,لو جيم امارينا,3.65,3.2,3.3,2014,970,عطر لو جيم امارينا,Amarena
2482,BVLGARI,بولغاري,Pour Homme,بور اوم الرجالي,3.65,3.3,3.2,2005,350,عطر بور اوم الرجالي,Pour Homme
2483,Bottega Veneta,بوتيغا فينيتا,Knot,نوت,3.9,3.1,2.9,2014,440,عطر نوت,Knot
2484,Burberry,بربري,Body,بودي,3.55,3.5,3.2,2011,250,عطر بودي,Body
2485,Chopard,شوبارد,Musk Malaki,مسك ملكي,3.95,3.2,2.7,2017,260,عطر مسك ملكي,Musk Malaki
2486,Du Bois,دو بوا,Oud Rose Intense Fragrance,فراجرانس عود روز انتنس,3.85,3.3,2.8,2013,1380,عطر فراجرانس عود روز انتنس,Oud Rose Intense Fragrance
2487,Etat,ايتات ليبر دي اورانج,Frustration Libre d'Orange,ايتا ليبري أورانج فرسترايشن,3.8,3.5,2.7,2022,550,عطر ايتا ليبري أورانج فرسترايشن,Frustration Libre d'Orange
2488,Hugo Boss,هوغو بوس,Bottled,بوتلد كلاسيك,3.7,3.2,3.2,1998,200,عطر بوتلد كلاسيك,Bottled
2489,Kilian,كيليان,Blue Moon Ginger Dash BY,بلو مون,3.9,3.3,2.7,2023,24,عطر بلو مون,Blue Moon Ginger Dash BY
2490,Les Indemodables,ليه إنديمودابل,Sie,ايسكال ان إندونيسي,4.25,3,2.3,2020,770,عطر ايسكال ان إندونيسي,Sie
2491,Masque Milano,ماسك ميلانو,Sleight of Fern,سلايت اوف فيرن,3.9,3.3,2.7,2022,16,عطر سلايت اوف فيرن,Sleight of Fern
2492,Prada,برادا,Infusion d'Iris L'Eau,انفيوجن ايريس ليو,3.75,3.4,2.9,2013,380,عطر انفيوجن ايريس ليو,Infusion d'Iris L'Eau
2493,Provenzano,بروفينزانو,Ophelie Christian Parfums,كريستيان بروفنزانو اوفيلي,3.9,3.3,2.7,2021,240,عطر كريستيان بروفنزانو اوفيلي,Ophelie Christian Parfums
2494,Roccobarocco,روكوباروكو,Tre,روكو باروكو تري,3.9,3,3,1991,345,عطر روكو باروكو تري,Tre
2495,Roja Parfums,روجا بارفيومز,Elysium Pour Femme Dove,اليسيوم بور فيمي,3.9,3.3,2.7,2024,950,عطر اليسيوم بور فيمي,Elysium Pour Femme Dove
2496,Roja Parfums,روجا بارفيومز,Isola Sol Dove,ايسولا سول,3.85,3.3,2.8,2024,930,عطر ايسولا سول,Isola Sol Dove
2497,Sospiro,سوسبيرو,Erba Oud,ايربا عود,2.85,4.3,3.8,2022,850,عطر ايربا عود,Erba Oud
2498,Yves Saint Laur,ايف سان لوران,LAURENT L'Homme,ال هوم,4.35,2.8,2.3,2006,10,عطر ال هوم,LAURENT L'Homme
2499,Giorgio Armani,ارماني,Passione Intense,باشن انتنس,3.3,3.6,3.6,2024,460,عطر باشن انتنس,Passione Intense
2500,Guerlain,غيرلان,L’Homme Ideal Sport,لي هوم ايديل سبورت,3.75,3.2,3.1,2017,320,عطر لي هوم ايديل سبورت,L’Homme Ideal Sport
2501,ATELIER DES ORS,اتيليه دي اورس,- Novae Vanilla,أتيلييه زور نوفاي فانيلا,3.64,3.6,2.9,2025,18,عطر أتيلييه زور نوفاي فانيلا,- Novae Vanilla
2502,Carner Barcelona,كارنر برشلونة,Sandor 70's,ساندور سي,3.74,3.3,3,2016,330,عطر ساندور سي,Sandor 70's
2503,Cartier,كارتير,Pasha Edition Noire,باشا ايديشن نوار,3.94,3.2,2.7,2013,315,عطر باشا ايديشن نوار,Pasha Edition Noire
2504,Chloe,كلوي,L' Intense,انتنس,3.94,3.1,2.8,2019,420,عطر انتنس,L' Intense
2505,Etat,ايتات ليبر دي اورانج,Divin'Enfant Libre d'Orange,ايتا ليبري ديفن انفانت,3.79,3.4,2.8,2006,490,عطر ايتا ليبري ديفن انفانت,Divin'Enfant Libre d'Orange
2506,Juicy Couture,جوسي كوتور,Viva La Sucre,فيفا لا سوكرى,4.24,2.8,2.5,2016,290,عطر فيفا لا سوكرى,Viva La Sucre
2507,Lancome,لانكوم,me Absolue Hot As Rose,أبسولو هوت آز إيه روز,3.59,3.8,2.8,2024,1100,عطر أبسولو هوت آز إيه روز,me Absolue Hot As Rose
2508,Nicolai,نيكولاي,VETYVER,فيتيفر ادو,3.94,3.1,2.8,,14,عطر فيتيفر ادو,VETYVER
2509,Trussardi,تروساردي,My Land,ماي لاند الذهبي,3.99,3,2.8,2012,240,عطر ماي لاند الذهبي,My Land
2510,Escentric Molecules,ايسنتريك,Molecule 01 + Iris,اسنترك موليكيول أيريس,4.09,3.2,2.4,2021,11,عطر اسنترك موليكيول أيريس,Molecule 01 + Iris
2511,Escentric Molecules,ايسنتريك,lg Molecule 01 + Iris & Men,اسنترك موليكيول أيريس,4.09,3.2,2.4,2021,560,عطر اسنترك موليكيول أيريس,lg Molecule 01 + Iris & Men
2512,Loewe,لويفي,Aura Floral,لوي أورا فلورال,3.84,3.2,2.9,2020,340,عطر لوي أورا فلورال,Aura Floral
2513,PENHALIGONS,بنهاليغونز,Penhaligon's,بنهاليقنز إنديميون كونسنتري,4.04,3.1,2.6,2016,380,عطر بنهاليقنز إنديميون كونسنتري,Penhaligon's
2514,Atkinsons,اتكينسونس,Amber Empire,أتكينسونس عنبر إمباير,4.03,2.9,2.8,2015,480,عطر أتكينسونس عنبر إمباير,Amber Empire
2515,Davidoff,دافيدوف,Silver Shadow,سيلفر شادو,4.03,3,2.7,2005,400,عطر سيلفر شادو,Silver Shadow
2516,Etienne Aigner,اجنر,Debut by Night,ديبوت باي نايت,3.68,3.2,3.2,2014,215,عطر ديبوت باي نايت,Debut by Night
2517,Etienne Aigner,اجنر,White Man,وايت مان,4.03,3,2.7,2007,215,عطر وايت مان,White Man
2518,A Lab on Fire,ايه لاب اون فاير,Almost Transparent Blue A on,الموست ترانسبارينت بلو,3.88,2.9,3.1,2013,600,عطر الموست ترانسبارينت بلو,Almost Transparent Blue A on
2519,Chanel,شانيل,Paris-Paris,باريس,4.13,3,2.5,2022,790,عطر باريس,Paris-Paris
2520,Coquillete,كوكيليت,Herat,هيرات,3.93,3,2.9,2012,380,عطر هيرات,Herat
2521,Costume Natio,كوستوم ناشونال,Supergloss NATIONAL,سوبر جلوس,3.73,3.4,2.9,2021,350,عطر سوبر جلوس,Supergloss NATIONAL
2522,ELIE SAAB,ايلي ساب,Parfum Rose Couture,صعب روز كوتيور الزهري,3.78,3.2,3,2016,330,عطر صعب روز كوتيور الزهري,Parfum Rose Couture
2523,Giorgio,جورجيو,My Way Arman,ارماني ماي واي انتينس النسائى,3.78,3.3,2.9,2020,10,عطر ارماني ماي واي انتينس النسائى,My Way Arman
2524,Giorgio Armani,ارماني,My Way,جورجيو ماي واي انتينس,3.78,3.3,2.9,2020,143,عطر جورجيو ماي واي انتينس,My Way
2525,Lancome,لانكوم,me Absolue Forbidden Rose,أبسولو فوربيدن روز,3.83,3.2,2.9,2025,750,عطر أبسولو فوربيدن روز,me Absolue Forbidden Rose
2526,NarcisoRodriguez,نرسيسو رودريغز,Narciso Rodriguez Forever,نارسيسو فور هير فورايفر,4.03,3.1,2.6,2023,455,عطر نارسيسو فور هير فورايفر,Narciso Rodriguez Forever
2527,Ormonde Jayne,اورموند جين,Babylonia,ارموند بابيلونيا,3.58,3.6,3,2022,700,عطر ارموند بابيلونيا,Babylonia
2528,Perris Monte Carlo,بيريز,Absolue d’Osmanthe,بيريس مونتي كارلو أبسولو أوسمانتيه,3.83,3.2,2.9,2016,450,عطر بيريس مونتي كارلو أبسولو أوسمانتيه,Absolue d’Osmanthe
2529,Vilhelm,فيلهلم,PARFUMERIE,برفيومري مانجو سكين,3.63,3.5,3,2025,650,عطر برفيومري مانجو سكين,PARFUMERIE
2530,Ann Gerard,آن جيرارد,Rard,بيرل موس من,3.87,3.2,2.8,2012,430,عطر بيرل موس من,Rard
2531,Escentric Molecules,ايسنتريك,- 01,اسنترك موليكيول,3.97,3.2,2.6,2006,280,عطر اسنترك موليكيول,- 01
2532,Escentric Molecules,ايسنتريك,- Molecule 01,موليكيول,3.97,3.2,2.6,2006,11,عطر موليكيول,- Molecule 01
2533,Escentric Molecules,ايسنتريك,- Molecule 01 -,موليكيول,3.97,3.2,2.6,2006,390,عطر موليكيول,- Molecule 01 -
2534,Escentric Molecules,ايسنتريك,Molecule 04,اسكنتريك مولكيولس اسنترك,3.97,3.2,2.6,2006,440,عطر اسكنتريك مولكيولس اسنترك,Molecule 04
2535,Escentric Molecules,ايسنتريك,Molecule 04 Molecule 04,اسكنتريك مولكيولس اسنترك,3.97,3.2,2.6,2006,11,عطر اسكنتريك مولكيولس اسنترك,Molecule 04 Molecule 04
2536,Escentric Molecules,ايسنتريك,UniSex,إسينتريك من موليكيولس,3.97,3.2,2.6,2006,450,عطر إسينتريك من موليكيولس,UniSex
2537,Etat,ايتات ليبر دي اورانج,Une Amourette Roland Mouret Libre d'Orange,ايتا ليبري اون اموريت رولاند موريت,3.72,3.4,2.9,2017,490,عطر ايتا ليبري اون اموريت رولاند موريت,Une Amourette Roland Mouret Libre d'Orange
2538,Kilian,كيليان,Good Girl Gone Bad BY,قود قيرل قون باد,3.77,3.3,2.9,2012,440,عطر قود قيرل قون باد,Good Girl Gone Bad BY
2539,Prada,برادا,Paradigme,براديجم,3.97,3.2,2.6,2025,260,عطر براديجم,Paradigme
2540,Dunhill,دانهيل,Alfred,دنهل,4.02,3.1,2.6,2003,160,عطر دنهل,Alfred
2541,Giardini,جاردن دي توسكانا,Blu Indaco Di Toscana,جيارديني بلو انداكو,3.82,3.4,2.7,,230,عطر جيارديني بلو انداكو,Blu Indaco Di Toscana
2542,Givenchy,جيفنشي,Ange Ou Demon Le Secret,جفنشي آنج ديمون لو سيكرت,4.02,3,2.7,2009,370,عطر جفنشي آنج ديمون لو سيكرت,Ange Ou Demon Le Secret
2543,Guess,قيس,By Marciano,جس باي مارشيانو,3.92,3.1,2.8,,175,عطر جس باي مارشيانو,By Marciano
2544,Moschino,موسكينو,Toy 2,توي,3.62,3.3,3.2,2014,10,عطر توي,Toy 2
2545,BDK Parfums,بي دي كي,Wood Jasmin,كيه وود جاسمين,3.66,3.4,3,2016,690,عطر كيه وود جاسمين,Wood Jasmin
2546,BDK Parfums,بي دي كي,me de Cuir,كريم كوير,3.96,3.2,2.6,2018,230,عطر كريم كوير,me de Cuir
2547,BYREDO,بيريدو,Eleventh Hour,إيليفنث أور,3.86,3.1,2.9,2018,800,عطر إيليفنث أور,Eleventh Hour
2548,Bottega Veneta,بوتيغا فينيتا,Pour Homme,بوتيقا بور أوم,4.11,2.9,2.6,2013,450,عطر بوتيقا بور أوم,Pour Homme
2549,Giardini,جاردن دي توسكانا,Rosso Rubino di Toscana,جيارديني روسو روبينو,3.56,3.6,3,,230,عطر جيارديني روسو روبينو,Rosso Rubino di Toscana
2550,Gucci,قوتشي,Memoire D’Une Odeur,ميموار دون أودور,3.81,3.2,2.9,2019,340,عطر ميموار دون أودور,Memoire D’Une Odeur
2551,BVLGARI,بولغاري,Omnia Coral,اومنيا كورال الاحمر,3.96,3,2.8,2012,400,عطر اومنيا كورال الاحمر,Omnia Coral
2552,BYREDO,بيريدو,Velvet Haze,فيلفيت هيز,3.71,3.3,3,2017,830,عطر فيلفيت هيز,Velvet Haze
2553,Etro,ايترو,Rajasthan,راجستان اترو,3.96,3.1,2.7,2013,530,عطر راجستان اترو,Rajasthan
2554,Gucci,قوتشي,Bloom Profumo Di Fiori,بلوم بروفومو فيوري,3.96,3,2.8,2020,355,عطر بلوم بروفومو فيوري,Bloom Profumo Di Fiori
2555,Jo Malone,جو مالون,Scarlet Poppy Intense Jo London,سكارليت بوبي انتينس,4.26,2.9,2.3,2021,730,عطر سكارليت بوبي انتينس,Scarlet Poppy Intense Jo London
2556,Kilian,كيليان,Moonlight in Heaven BY,مون لايت ان هيفن,4.01,3,2.7,2016,850,عطر مون لايت ان هيفن,Moonlight in Heaven BY
2557,Mercedes Benz,مرسيدس بنز,Club,كلوب بلاك,3.61,3.5,3,2013,340,عطر كلوب بلاك,Club
2558,Nina Ricci,نينا ريتشي,Premier Jour,بريمير جور,3.91,3.1,2.8,2001,250,عطر بريمير جور,Premier Jour
2559,Parfums de Marly,مارلي,Meliora,ميليور,4.01,3,2.7,2013,15,عطر ميليور,Meliora
2560,Prada,برادا,Candy,كاندي,3.76,3.2,3,2011,330,عطر كاندي,Candy
2561,Scalpers,سكالبرز,The Club,سكالبرس ذا كلوب,4.06,3.1,2.5,2021,300,عطر سكالبرس ذا كلوب,The Club
2562,TOM FORD,توم فورد,Soleil Blanc,سوليل بلانك,4.06,3,2.6,2016,18,عطر سوليل بلانك,Soleil Blanc
2563,Thomas Kosmala,توماس كوسمالا,Sel de la Terre,باريس رقم لو سيل لا تير,3.86,3.3,2.7,2018,600,عطر باريس رقم لو سيل لا تير,Sel de la Terre
2564,jar,رامون بيجار,Dream Hashimi Ramon Bejar,دريم هاشمي إكستريت دى,3.61,3.4,3.1,2023,1000,عطر دريم هاشمي إكستريت دى,Dream Hashimi Ramon Bejar
2565,Ann Gerard,آن جيرارد,Ciel d'Opale,سيل دوبال من,3.85,3.1,2.9,2012,430,عطر سيل دوبال من,Ciel d'Opale
2566,BYREDO,بيريدو,Casablanca Lily,كازابلانكا ليلي,4.2,2.9,2.4,2025,1300,عطر كازابلانكا ليلي,Casablanca Lily
2567,Dorsay,دورساي,L'Intrigante D’ORSAY,لانتريجانت,4,2.8,2.9,2010,550,عطر لانتريجانت,L'Intrigante D’ORSAY
2568,D’ORSAY,دورساي,L'Intrigante,لانتريجانت,4,2.8,2.9,2010,240,عطر لانتريجانت,L'Intrigante
2569,Estee Lauder,استي لودر,Beautiful Belle Lauderr,پيوتيفل بل,3.85,3.1,2.9,2018,320,عطر پيوتيفل بل,Beautiful Belle Lauderr
2570,Hugo Boss,هوغو بوس,The Scent Intense,ذا سنت انتنس الرجالي,3.35,3.6,3.4,2017,290,عطر ذا سنت انتنس الرجالي,The Scent Intense
2571,PENHALIGONS,بنهاليغونز,Penhaligon's Endymion,بنهاليغنز انديميون,4.15,2.9,2.5,2003,550,عطر بنهاليغنز انديميون,Penhaligon's Endymion
2572,XERJOFF,زيرجوف,Gran Ballo,كاساموراتي جران باللو,3.75,3.3,2.9,2013,680,عطر كاساموراتي جران باللو,Gran Ballo
2573,BVLGARI,بولغاري,Mon Jasmin Noir,مون جاسمن نوار الابيض,3.65,3.4,3,2011,250,عطر مون جاسمن نوار الابيض,Mon Jasmin Noir
2574,Dunhill,دانهيل,Desire Blue,ديزاير بلو الازرق,3.95,3,2.8,2002,170,عطر ديزاير بلو الازرق,Desire Blue
2575,Giardini,جاردن دي توسكانا,Almafolia di Toscana,المافوليا جيارديني,3.45,3.6,3.2,2023,230,عطر المافوليا جيارديني,Almafolia di Toscana
2576,Giorgio Armani,ارماني,Code Ice,كود ايس الفضي الرجالي,3.55,3.4,3.2,2014,170,عطر كود ايس الفضي الرجالي,Code Ice
2577,Gucci,قوتشي,Chant for the Nymph,تشانت فور ذا نيمف اودي,3.9,3.1,2.8,2020,900,عطر تشانت فور ذا نيمف اودي,Chant for the Nymph
2578,Masque Milano,ماسك ميلانو,White Whale,وايت ويل من,3.95,3.3,2.5,2022,390,عطر وايت ويل من,White Whale
2579,Ormonde Jayne,اورموند جين,Osmanthus,ارموند اوسمانثوس,3.85,3.2,2.8,2006,700,عطر ارموند اوسمانثوس,Osmanthus
2580,Prada,برادا,Infusions de Iris,انفيوجن ايريس الاخضر,4.1,3,2.5,2007,12,عطر انفيوجن ايريس الاخضر,Infusions de Iris
2581,Roberto Cavalli,روبرتو كفالي,Paradise Found,كافالي باراديس فوند فور مين,4.05,3,2.6,2020,250,عطر كافالي باراديس فوند فور مين,Paradise Found
2582,Serge Lutens,سيرج لوتنس,Feminite du Bois By,فيمنتي,4.05,3,2.6,2009,490,عطر فيمنتي,Feminite du Bois By
2583,TizianaTerenzi,تيزيانا تيرينزي,Tiziana Terenzi White Fire,وايت فاير اكسترايت,3.75,3.2,3,2012,650,عطر وايت فاير اكسترايت,Tiziana Terenzi White Fire
2584,BYREDO,بيريدو,Bal d'Afrique,بال افريك,4.14,2.9,2.5,2009,650,عطر بال افريك,Bal d'Afrique
2585,Burberry,بربري,Her Elixir de Parfum,هير إليكسر إنتنس,3.89,3.2,2.7,2018,460,عطر هير إليكسر إنتنس,Her Elixir de Parfum
2586,CREED,كريد,Erolfa,ايرولفا,4.09,2.9,2.6,1992,1050,عطر ايرولفا,Erolfa
2587,Cartier,كارتير,Carat Hair And Body,شعر وجسم كارتييه كارت,3.84,3.1,2.9,2018,290,عطر شعر وجسم كارتييه كارت,Carat Hair And Body
2588,Dior,كريستيان ديور,Miss,ميس رولر بيرل,3.89,3.3,2.6,2021,320,عطر ميس رولر بيرل,Miss
2589,Dior,كريستيان ديور,Miss Parfum,مس,3.89,3.3,2.6,2021,580,عطر مس,Miss Parfum
2590,Guerlain,غيرلان,pices Exquises,ايبيس اكسكيز,3.74,3.4,2.8,2024,450,عطر ايبيس اكسكيز,pices Exquises
2591,Imaginaires,ليكويد اماجينيرز,Lacrima Les Liquides,لاكريما,3.84,3.3,2.7,2020,550,عطر لاكريما,Lacrima Les Liquides
2592,Burberry,بربري,Brit Sheer,بريت شير النسائي,3.93,3,2.8,2007,215,عطر بريت شير النسائي,Brit Sheer
2593,CREED,كريد,Eladaria,الاداريا,3.88,3.2,2.7,2025,970,عطر الاداريا,Eladaria
2594,Carner Barcelona,كارنر برشلونة,Megalium,ميجاليوم,3.93,3.1,2.7,2018,430,عطر ميجاليوم,Megalium
2595,Dior,كريستيان ديور,Dioriviera,ديوريفيرا,3.88,3.2,2.7,2023,980,عطر ديوريفيرا,Dioriviera
2596,Dior,كريستيان ديور,J'Adore Infinissime,جادور انفينيسيم,3.83,3.2,2.8,2020,560,عطر جادور انفينيسيم,J'Adore Infinissime
2597,Dunhill,دانهيل,Fresh,فريش,4.03,2.9,2.7,2005,180,عطر فريش,Fresh
2598,Etat,ايتات ليبر دي اورانج,You Or Someone Like You Libre d'Orange,ايتا ليبري يو اور سام وان,4.08,3,2.5,2017,360,عطر ايتا ليبري يو اور سام وان,You Or Someone Like You Libre d'Orange
2599,Giorgio Armani,ارماني,Acqua di Gio,اكوا جيو الرجالي,4.13,2.9,2.5,1996,10,عطر اكوا جيو الرجالي,Acqua di Gio
2600,Giorgio Armani,ارماني,Acqua di Gio Parfum,اكوا جيو الرجالي,4.13,2.9,2.5,1996,12,عطر اكوا جيو الرجالي,Acqua di Gio Parfum
2601,Juliette HAG,جولييت,Another Oud Has A Gun,هاز اجن اناذر عود,3.63,3.4,3,2015,320,عطر هاز اجن اناذر عود,Another Oud Has A Gun
2602,Korloff,كورلوف,Un Soir A Paris,أون سوار إيه باريس,3.53,3.1,3.5,2014,225,عطر أون سوار إيه باريس,Un Soir A Paris
2603,Mercedes Benz,مرسيدس بنز,Man Grey -,مان جراي فور من,3.98,2.9,2.8,2018,230,عطر مان جراي فور من,Man Grey -
2604,PENHALIGONS,بنهاليغونز,Savoy Steam Penhaligon's,بنهاليغنز سافوي ستيم,4.13,2.9,2.5,2017,16,عطر بنهاليغنز سافوي ستيم,Savoy Steam Penhaligon's
2605,PENHALIGONS,بنهاليغونز,The Impudent Cousin Matthew Penhaligon's,بنهاليغنز بورتريتس كوزين ماثيو,4.03,2.9,2.7,2019,850,عطر بنهاليغنز بورتريتس كوزين ماثيو,The Impudent Cousin Matthew Penhaligon's
2606,Paco Rabanne,باكو رابان,Lady Million Lucky,ليدي مليون لاكي,3.63,3.2,3.2,2018,320,عطر ليدي مليون لاكي,Lady Million Lucky
2607,TOM FORD,توم فورد,Bitter Peach,بيتر بيتش,3.68,3.4,2.9,2020,780,عطر بيتر بيتش,Bitter Peach
2608,Tom Daxon,توم داكسون,Sicilian Wood,سيسليان وود,4.08,2.8,2.7,2013,500,عطر سيسليان وود,Sicilian Wood
2609,Valentino,فالنتينو,Uomo Born in Roma Green Stravaganza,اومو بورن ان روما جرين,4.08,3,2.5,2024,460,عطر اومو بورن ان روما جرين,Uomo Born in Roma Green Stravaganza
2610,BYREDO,بيريدو,Tulipe,لا توليب,4.07,2.9,2.6,2010,16,عطر لا توليب,Tulipe
2611,Bois,بويس,anthologie .de.Zanzibar,انثلوجي بوا زنجبار,3.72,3.4,2.8,2025,15,عطر انثلوجي بوا زنجبار,anthologie .de.Zanzibar
2612,CREED,كريد,White Amber by,وايت عنبر النسائي,3.82,3,3,2017,1400,عطر وايت عنبر النسائي,White Amber by
2613,Cerruti,شيروتي,1881 Pour Homme,بور هوم,3.97,2.9,2.8,2007,180,عطر بور هوم,1881 Pour Homme
2614,Du Bois,دو بوا,Milano Fragrance,فراغرانس ميلانو,3.67,3.4,2.9,2020,18,عطر فراغرانس ميلانو,Milano Fragrance
2615,Dunhill,دانهيل,Pursuit Alfred,دنهل بيرسوت,3.97,3,2.7,2006,155,عطر دنهل بيرسوت,Pursuit Alfred
2616,Etat,ايتات ليبر دي اورانج,Attaquer le Soleil Marquis de Sade Libre d'Orange,ايتا ليبري اتيقور لي سوليل ماركويس سيد,3.77,3.3,2.8,2016,500,عطر ايتا ليبري اتيقور لي سوليل ماركويس سيد,Attaquer le Soleil Marquis de Sade Libre d'Orange
2617,Floris,فلوريس,Cherry Blossom,لندن شيري بلوسوم,3.97,3.1,2.6,2013,520,عطر لندن شيري بلوسوم,Cherry Blossom
2618,MEMO PARIS,ميمو باريس,Sherwood,شيروود من,3.82,3.3,2.7,2022,540,عطر شيروود من,Sherwood
2619,Maison Crivelli,مايزون كريفيلي,Neroli Nasimba,نيرولي ناسيمبا,3.72,3.5,2.7,2023,25,عطر نيرولي ناسيمبا,Neroli Nasimba
2620,Ormonde Jayne,اورموند جين,Isfarkand,ارموند إيسفاركاند,3.92,3,2.8,2005,750,عطر ارموند إيسفاركاند,Isfarkand
2621,PENHALIGONS,بنهاليغونز,Empressa Penhaligon's,بنهاليغنز امبريسا,3.92,3.1,2.7,2014,770,عطر بنهاليغنز امبريسا,Empressa Penhaligon's
2622,Parfums de Marly,مارلي,Cassili,كاسيلي,3.82,3.2,2.8,2019,490,عطر كاسيلي,Cassili
2623,Rochas,روشاس,Byzance Gold,بزنس قولد,3.62,3.4,3,2022,310,عطر بزنس قولد,Byzance Gold
2624,TOM FORD,توم فورد,Metallique,ميتاليك,3.77,3.2,2.9,2019,530,عطر ميتاليك,Metallique
2625,Dior,كريستيان ديور,Doir Eau Sauvage,سوفاج الابيض,4.22,2.8,2.4,1966,12,عطر سوفاج الابيض,Doir Eau Sauvage
2626,Dior,كريستيان ديور,Eau Sauvage Parfum,سوفاج اصدار البارفيوم,4.22,2.8,2.4,1966,13,عطر سوفاج اصدار البارفيوم,Eau Sauvage Parfum
2627,Dunhill,دانهيل,D,الرصاصي,4.02,3,2.6,1996,150,عطر الرصاصي,D
2628,Davidoff,دافيدوف,Cool Water,كول ووتر النسائي,3.61,3.2,3.2,1988,170,عطر كول ووتر النسائي,Cool Water
2629,Dolce Gabbana,دولتشي غابانا,& Shine,دولسي شاين,3.71,3.2,3,2020,350,عطر دولسي شاين,& Shine
2630,Gres,جريس,Cabochard Cherie,كابوشارد شيري,3.81,3.2,2.8,2019,180,عطر كابوشارد شيري,Cabochard Cherie
2631,Laurent Mazzone,لورنت مازون,yx Parfums,لورين الديكس,3.96,2.9,2.8,2016,15,عطر لورين الديكس,yx Parfums
2632,Les Indemodables,ليه إنديمودابل,Oriental Velours,اورينتال فيلورز,3.71,3.5,2.7,2016,770,عطر اورينتال فيلورز,Oriental Velours
2633,Maison Crivelli,مايزون كريفيلي,Papyrus Moleculaire,بيباريس ميلكلير,3.96,3.2,2.5,2020,1000,عطر بيباريس ميلكلير,Papyrus Moleculaire
2634,Roja Parfums,روجا بارفيومز,Reckless Essence Dove,ريكلس اسينس,4.11,2.9,2.5,2021,1100,عطر ريكلس اسينس,Reckless Essence Dove
2635,Tom Daxon,توم داكسون,Resin Sacra,ريزين ساكرا,4.11,2.9,2.5,2013,10,عطر ريزين ساكرا,Resin Sacra
2636,Carner Barcelona,كارنر برشلونة,Sweet William,سويت ويليام,3.61,3.3,3.1,2017,430,عطر سويت ويليام,Sweet William
2637,MEMO PARIS,ميمو باريس,Flam,فلام من ادو,3.91,3.2,2.6,2021,680,عطر فلام من ادو,Flam
2638,Ralph Lauren,رالف لورين,Polo Blue,بولو بلو,4.06,3,2.5,2003,350,عطر بولو بلو,Polo Blue
2639,Viktor Rolf,فيكتور اند رولف,& Flowerbomb Bloom,فلاوربومب بلوم,3.66,3.2,3.1,2017,400,عطر فلاوربومب بلوم,& Flowerbomb Bloom
2640,Vilhelm,فيلهلم,Dear Polly Parfumerie,دير بولي,4.01,3.1,2.5,2015,17,عطر دير بولي,Dear Polly Parfumerie
2641,Diptyque,ديبتيك,Eau Moheli,موهلي,3.6,3.2,3.2,2013,600,عطر موهلي,Eau Moheli
2642,Giorgio Armani,ارماني,Code Sport,كود سبورت,3.5,3.4,3.2,2011,220,عطر كود سبورت,Code Sport
2643,Giorgio Armani,ارماني,Yulong,جورجيو رايف ذا يولونج,4.25,2.8,2.3,2020,780,عطر جورجيو رايف ذا يولونج,Yulong
2644,Guerlain,غيرلان,Mon Sparkling Bouquet,مون جيرلان سباركلينج بوكيه,3.85,3.2,2.7,2021,450,عطر مون جيرلان سباركلينج بوكيه,Mon Sparkling Bouquet
2645,Le Labo,لي لابو,Bergamote 22 Le,برغموت,4.15,2.8,2.5,2006,1050,عطر برغموت,Bergamote 22 Le
2646,Mancera,مانسيرا,Fig Me Up,فيج مي أب,3.75,3.3,2.8,2024,350,عطر فيج مي أب,Fig Me Up
2647,Amado,امادو,Oud Empire,عود امباير,4,2.7,2.9,2023,650,عطر عود امباير,Oud Empire
2648,Atelier Flou,اتيلير فلو,Black Purple,بلاك بيربل,4,3,2.6,,700,عطر بلاك بيربل,Black Purple
2649,BVLGARI,بولغاري,Goldea The Roman Night,ذا رومان نايت,3.6,3.3,3.1,2017,250,عطر ذا رومان نايت,Goldea The Roman Night
2650,Caron,كارون,Musc Oli,مسك أولي,3.9,3.2,2.6,2022,750,عطر مسك أولي,Musc Oli
2651,Cartier,كارتير,Baiser Vole Lys Rose,بيزى فوليه لي روز,3.65,3.3,3,2014,280,عطر بيزى فوليه لي روز,Baiser Vole Lys Rose
2652,Dorsay,دورساي,Etiquette Bleue D’ORSAY,اتيكيت بلو,4,2.7,2.9,1830,600,عطر اتيكيت بلو,Etiquette Bleue D’ORSAY
2653,D’ORSAY,دورساي,Etiquette Bleue,اتيكيت بلو,4,2.7,2.9,1830,240,عطر اتيكيت بلو,Etiquette Bleue
2654,Giorgio Armani,ارماني,Prive Eau de Jade,,3.6,3.4,3,2004,600,,Prive Eau de Jade
2655,Imaginaires,ليكويد اماجينيرز,Dom Rosa Les Liquides,دوم روزا,4.05,2.9,2.6,2013,550,عطر دوم روزا,Dom Rosa Les Liquides
2656,Paco Rabanne,باكو رابان,Lady Million,ليدي مليون,3.2,3.6,3.6,2010,300,عطر ليدي مليون,Lady Million
2657,Paco Rabanne,باكو رابان,Lady Million Prive,ليدي مليون برايف,3.2,3.6,3.6,2010,320,عطر ليدي مليون برايف,Lady Million Prive
2658,Rochas,روشاس,Mademoiselle,مدموازيل,3.75,3.1,3,2017,255,عطر مدموازيل,Mademoiselle
2659,TOM FORD,توم فورد,Vanilla Sex,فانيلا سكس,3.3,3.6,3.4,2023,900,عطر فانيلا سكس,Vanilla Sex
2660,Etat,ايتات ليبر دي اورانج,Exit The King Libre d'Orange,ايتا ليبري اكزيت ذا كينج,3.74,3.4,2.7,2020,400,عطر ايتا ليبري اكزيت ذا كينج,Exit The King Libre d'Orange
2661,Cerruti,شيروتي,Image,ايميج,4.04,3,2.5,1998,180,عطر ايميج,Image
2662,Diptyque,ديبتيك,Tam Dao,تام داو,4.09,3,2.4,2013,700,عطر تام داو,Tam Dao
2663,Ferrari,فيراري,Cedar Essence,سيدار إسينس,3.79,3,3,2014,210,عطر سيدار إسينس,Cedar Essence
2664,Givenchy,جيفنشي,Oiseau Rare,وزو رير من اي,3.94,3.2,2.5,2020,850,عطر وزو رير من اي,Oiseau Rare
2665,Guess,قيس,1981,جيس,3.94,3.1,2.6,2024,185,عطر جيس,1981
2666,John Varvatos,جون فارفاتوس,Artisan Pure,ارتيزان بيور,4.19,2.8,2.4,2017,8,عطر ارتيزان بيور,Artisan Pure
2667,Kenzo,كنزو,Flower by,فلاور,3.64,3.4,2.9,2000,320,عطر فلاور,Flower by
2668,Ormonde Jayne,اورموند جين,Sampaquita,ارموند سامباجوتا,3.79,3.1,2.9,2004,990,عطر ارموند سامباجوتا,Sampaquita
2669,Perris Monte Carlo,بيريز,Santal du Pacifique,بيريس مونتي كارلو سانتال بسيفيك,3.99,3.1,2.5,2016,450,عطر بيريس مونتي كارلو سانتال بسيفيك,Santal du Pacifique
2670,YSL,ايف سان لوران,Yves Saint Laurent Parisienne,باريسيان,3.79,3.1,2.9,2009,420,عطر باريسيان,Yves Saint Laurent Parisienne
2671,Acqua Di Parma,اكوا دي بارما,di Blu Mediterraneo Fico di Amalfi di unisex,بلو ميديتيرانيو فيكو امالفي,4.33,2.6,2.3,2006,14,عطر بلو ميديتيرانيو فيكو امالفي,di Blu Mediterraneo Fico di Amalfi di unisex
2672,Diesel,ديزل,Loverdose Tattoo,لافردوز تاتو,3.93,3,2.7,2013,270,عطر لافردوز تاتو,Loverdose Tattoo
2673,Etienne Aigner,اجنر,Debut,ديبيوت,3.78,3,3,2013,215,عطر ديبيوت,Debut
2674,Givenchy,جيفنشي,Irresistible,ارزيستبل,3.88,3.1,2.7,2020,10,عطر ارزيستبل,Irresistible
2675,Givenchy,جيفنشي,Irresistible Eau,ارزيستبل,3.88,3.1,2.7,2020,550,عطر ارزيستبل,Irresistible Eau
2676,Hermes,هيرمس,Un Jardin Apres la Mousson,اون جاردن ابريز لا موسون,3.98,2.9,2.7,2008,13,عطر اون جاردن ابريز لا موسون,Un Jardin Apres la Mousson
2677,Lancome,لانكوم,O D’azur,ازور,3.93,2.9,2.8,2010,320,عطر ازور,O D’azur
2678,MEMO PARIS,ميمو باريس,Vaadhoo,جراينيز فاجابوندز فادهوو,3.53,3.4,3.1,2019,620,عطر جراينيز فاجابوندز فادهوو,Vaadhoo
2679,Maison,مايسون فرانسيس كركدجيان,At The Barber's Martin Margiela,ميزون مارجيلا ات ذا باربيرس,3.83,3.2,2.7,2014,170,عطر ميزون مارجيلا ات ذا باربيرس,At The Barber's Martin Margiela
2680,Michael Kors,مايكل كورس,Sexy Amber,سكسي أمبر,3.83,3.1,2.8,2013,345,عطر سكسي أمبر,Sexy Amber
2681,Moschino,موسكينو,Cheap & Chic,شيب آند شيك,3.78,3.2,2.8,1995,220,عطر شيب آند شيك,Cheap & Chic
2682,Nicolai,نيكولاي,Macaron Bourbon Parfumeur Createur and men,ماكرون بوربون انتنس,3.33,3.7,3.2,2024,16,عطر ماكرون بوربون انتنس,Macaron Bourbon Parfumeur Createur and men
2683,Paco Rabanne,باكو رابان,a Flora,أولمبيا فلورا,3.83,3.2,2.7,2023,490,عطر أولمبيا فلورا,a Flora
2684,Acqua Di Parma,اكوا دي بارما,Colonia C.L.U.B. di,كلوب,4.07,3,2.4,2022,375,عطر كلوب,Colonia C.L.U.B. di
2685,Bon Parfumeur,بون بارفيومور,Patchouli,بارفومير,3.97,3.1,2.5,2017,15,عطر بارفومير,Patchouli
2686,Bon Parfumeur,بون بارفيومور,Vanille,بارفومير,3.97,3.1,2.5,2017,450,عطر بارفومير,Vanille
2687,Gucci,قوتشي,Guilty Black Pour Homme,غيلتي بلاك,3.82,3,2.9,2013,360,عطر غيلتي بلاك,Guilty Black Pour Homme
2688,Jimmy Choo,جيمي شوو,Flash,شو فلاش,3.62,3.4,2.9,2013,280,عطر شو فلاش,Flash
2689,BYREDO,بيريدو,Que,بيبليوتيك,3.72,3.3,2.8,2017,850,عطر بيبليوتيك,Que
2690,CREED,كريد,Virgin Island Water,فيرجن ايلاند ووتر,4.27,2.7,2.3,2025,1100,عطر فيرجن ايلاند ووتر,Virgin Island Water
2691,Chanel,شانيل,No 5 L'Eau,لو,4.12,2.8,2.5,2016,12,عطر لو,No 5 L'Eau
2692,Elizabeth Arden,اليزابيث اردن,My Fifth Avenue,إليزابيث آردن ماي فيفث أفنيو,3.87,2.8,3,2018,200,عطر إليزابيث آردن ماي فيفث أفنيو,My Fifth Avenue
2693,Hugo Boss,هوغو بوس,Woman White,وومن الابيض,3.92,3,2.7,1997,260,عطر وومن الابيض,Woman White
2694,Mugler,موغلر,Alien Goddess,تري جوديس,3.92,3.1,2.6,2021,380,عطر تري جوديس,Alien Goddess
2695,Salvatore Fera,سلفاتور فيرغامو,Ferragamo Uomo Urban Feel,اومو اوربان فيل,3.97,2.9,2.7,2019,240,عطر اومو اوربان فيل,Ferragamo Uomo Urban Feel
2696,jar,رامون بيجار,Woody Spirit Extrait Ramon Bejar,وودي سبيريت,3.97,2.9,2.7,2023,680,عطر وودي سبيريت,Woody Spirit Extrait Ramon Bejar
2697,House of Oud,هاوس اوف عود,The of,وايت بيرل من ذا,3.41,3.8,2.9,2023,650,عطر وايت بيرل من ذا,The of
2698,Costume Natio,كوستوم ناشونال,So Nude NATIONAL,سو نيود,3.86,3.1,2.7,2012,360,عطر سو نيود,So Nude NATIONAL
2699,Davidoff,دافيدوف,Adventure,ادفنتشر البني,3.91,2.9,2.8,2008,180,عطر ادفنتشر البني,Adventure
2700,Diesel,ديزل,Spirit Of The Brave Intense,سبيرت أوف ذا برايف انتينس,3.76,3.2,2.8,2020,340,عطر سبيرت أوف ذا برايف انتينس,Spirit Of The Brave Intense
2701,Hermes,هيرمس,H24,,3.86,3.2,2.6,2021,335,,H24
2702,Hugo Boss,هوغو بوس,Just Different,جاست ديفرنت الاسود الرجالي,3.86,3,2.8,2011,215,عطر جاست ديفرنت الاسود الرجالي,Just Different
2703,Muschio Nobile,ماسكيو نوبل,1942,,3.96,3,2.6,2011,650,,1942
2704,Olfattivo,لابوراتوريو,MyLO Laboratorio,مايلو ادو,3.86,3.1,2.7,2016,485,عطر مايلو ادو,MyLO Laboratorio
2705,Ormonde Jayne,اورموند جين,Frangipani,ارموند فرانجيباني,3.91,2.9,2.8,2003,270,عطر ارموند فرانجيباني,Frangipani
2706,Tom Daxon,توم داكسون,Iridium,ايريديوم,3.91,2.9,2.8,2013,750,عطر ايريديوم,Iridium
2707,Trussardi,تروساردي,Black Extreme,بلاك اكستريم,3.86,3,2.8,2014,220,عطر بلاك اكستريم,Black Extreme
2708,Montale,مونتال,Boise Fruite,بوازيه فروتيه,3.2,3.7,3.4,2009,10,عطر بوازيه فروتيه,Boise Fruite
2709,Azzaro,ازارو,Twin,أزارو توين,3.8,3.1,2.8,2008,230,عطر أزارو توين,Twin
2710,BVLGARI,بولغاري,Aqva Toniq Pour Homme,اكوا بور اوم,3.4,3.6,3.1,2011,190,عطر اكوا بور اوم,Aqva Toniq Pour Homme
2711,BVLGARI,بولغاري,Omnia,اومنيا,3.75,3.1,2.9,2005,190,عطر اومنيا,Omnia
2712,BVLGARI,بولغاري,Omnia Crystalline,اومنيا كريستالين الابيض,3.75,3.1,2.9,2005,190,عطر اومنيا كريستالين الابيض,Omnia Crystalline
2713,Bentley,بنتلي,Infinite Rush,انفينيت رش,3.75,3.1,2.9,2016,190,عطر انفينيت رش,Infinite Rush
2714,Burberry,بربري,Goddess Intense,جوديس إنتنس,3.55,3.5,2.9,2024,470,عطر جوديس إنتنس,Goddess Intense
2715,Calvin Klein,كالفن كلاين,Beauty,كالفين سي كيه بيوتي,3.75,3.2,2.8,2010,145,عطر كالفين سي كيه بيوتي,Beauty
2716,Chopard,شوبارد,IMPERIALE IRIS MALIKA,امبريال ايريس ماليكا,3.85,3.2,2.6,2022,380,عطر امبريال ايريس ماليكا,IMPERIALE IRIS MALIKA
2717,Clinique,كلينيك,Calyx,كاليكس,3.8,3,2.9,2013,350,عطر كاليكس,Calyx
2718,Dior,كريستيان ديور,Miss Blooming Bouquet,مس بلومينغ بوكيه,3.85,3,2.8,2014,530,عطر مس بلومينغ بوكيه,Miss Blooming Bouquet
2719,Dolce Gabbana,دولتشي غابانا,& Peony,دولسي وردة بيوني,3.85,3,2.8,2019,340,عطر دولسي وردة بيوني,& Peony
2720,Dorsay,دورساي,Arome 3,ارومي,3.9,3,2.7,1943,550,عطر ارومي,Arome 3
2721,D’ORSAY,دورساي,Arome3,ارومي,3.9,3,2.7,1943,15,عطر ارومي,Arome3
2722,Hugo Boss,هوغو بوس,Nuit Pour Femme Intense,نوت انتنس النسائي,3.6,3.2,3.1,2014,215,عطر نوت انتنس النسائي,Nuit Pour Femme Intense
2723,Lancome,لانكوم,Idole Aura,ايدول اورا,3.85,3.2,2.6,2021,410,عطر ايدول اورا,Idole Aura
2724,Mancera,مانسيرا,Roses & Chocolate,روز أند تشوكليت,3.45,3.4,3.2,2013,345,عطر روز أند تشوكليت,Roses & Chocolate
2725,Masque Milano,ماسك ميلانو,Lost Alice,لوست أليس,4.05,3.1,2.3,2021,20,عطر لوست أليس,Lost Alice
2726,Nicolai,نيكولاي,Rose Pivoine,روز بيفوين,3.6,3.3,3,1998,600,عطر روز بيفوين,Rose Pivoine
2727,PENHALIGONS,بنهاليغونز,Iris Prima Penhaligon's,بنهاليغنز إيريس بريما,4.15,2.7,2.5,2013,350,عطر بنهاليغنز إيريس بريما,Iris Prima Penhaligon's
2728,PENHALIGONS,بنهاليغونز,Much Ado About The Duke Penhaligon's,بنهاليغنز ماتش أدو أبوت ذا دوك,4,2.9,2.6,2016,890,عطر بنهاليغنز ماتش أدو أبوت ذا دوك,Much Ado About The Duke Penhaligon's
2729,Tory Burch,توري بورش,Infinite Oak,انفينيت اوك,4,3,2.5,2024,550,عطر انفينيت اوك,Infinite Oak
2730,Versace,فرزاتشي,Man,مان,3.75,3,3,2005,90,عطر مان,Man
2731,Vilhelm,فيلهلم,Moon Carnival Parfumerie,مون كارنيفل,3.8,3.1,2.8,2018,175,عطر مون كارنيفل,Moon Carnival Parfumerie
2732,XERJOFF,زيرجوف,Elle Anniversary,ايلي انيفيرسري,4,3,2.5,2023,25,عطر ايلي انيفيرسري,Elle Anniversary
2733,Chanel,شانيل,Nia,جاردينيا,4.1,2.7,2.6,1925,280,عطر جاردينيا,Nia
2734,NarcisoRodriguez,نرسيسو رودريغز,Narciso Rodriguez Intense Narciso Rodriguez,نارسيسو فور هير انتنس,3.8,3.3,2.6,2025,440,عطر نارسيسو فور هير انتنس,Narciso Rodriguez Intense Narciso Rodriguez
2735,Carner Barcelona,كارنر برشلونة,Latin Lover,لاتين لوفر,3.84,2.9,2.9,2017,490,عطر لاتين لوفر,Latin Lover
2736,Estee Lauder,استي لودر,Modern Muse,إستي مودرن ميوز,3.79,3.1,2.8,2013,320,عطر إستي مودرن ميوز,Modern Muse
2737,Guerlain,غيرلان,Jasmin Bonheur,ياسمين بونور,3.69,3.2,2.9,2022,280,عطر ياسمين بونور,Jasmin Bonheur
2738,Masque Milano,ماسك ميلانو,Diana,ديانا,3.89,3.1,2.6,2024,400,عطر ديانا,Diana
2739,NarcisoRodriguez,نرسيسو رودريغز,Musc Noir Narciso Rodriguez,نارسيسو رودريغيز مسك نوار,4.09,3,2.3,2021,470,عطر نارسيسو رودريغيز مسك نوار,Musc Noir Narciso Rodriguez
2740,Olfattivo,لابوراتوريو,Nirmal Laboratorio,نيرمال,3.84,3.1,2.7,2010,485,عطر نيرمال,Nirmal Laboratorio
2741,PENHALIGONS,بنهاليغونز,Luna Penhaligon's,لونا بنهاليغنز,4.09,2.9,2.4,2016,630,عطر لونا بنهاليغنز,Luna Penhaligon's
2742,Parfums de Marly,مارلي,Oriana,اوريانا,3.89,3.1,2.6,2021,800,عطر اوريانا,Oriana
2743,Reminiscence,ريمانسس,Mandarine Fraiche,ريماينسيس ماندرينا فرش,4.09,2.9,2.4,2020,360,عطر ريماينسيس ماندرينا فرش,Mandarine Fraiche
2744,Renier Perfumes,رينيي,Crystal Rain,كريستال رين,3.89,3.2,2.5,2016,450,عطر كريستال رين,Crystal Rain
2745,Thomas Kosmala,توماس كوسمالا,No. 4 Sport Candy by,رقم سبورت,3.64,3.3,2.9,2023,500,عطر رقم سبورت,No. 4 Sport Candy by
2746,Trussardi,تروساردي,My Scent,ماي سنت,3.64,3.2,3,2015,240,عطر ماي سنت,My Scent
2747,Versace,فرزاتشي,Bright Crystal,برايت كريستال,3.74,3,3,2006,230,عطر برايت كريستال,Bright Crystal
2748,Les Indemodables,ليه إنديمودابل,Iris Perle,ايريس بيرل,3.84,3.2,2.6,2017,770,عطر ايريس بيرل,Iris Perle
2749,Olfattivo,لابوراتوريو,Rosamunda Laboratorio,روزاماندا,3.94,3,2.6,2012,485,عطر روزاماندا,Rosamunda Laboratorio
2750,Du Bois,دو بوا,Solstis Fragrance,فريقرانس بويس سوليت,3.93,3.2,2.4,2022,1150,عطر فريقرانس بويس سوليت,Solstis Fragrance
2751,Goldfield,جولدفيلد,Pacific Rock Moss & Banks Australia,جولد فيلد آند بانكس باسيفك روك موس,4.13,2.9,2.3,2016,660,عطر جولد فيلد آند بانكس باسيفك روك موس,Pacific Rock Moss & Banks Australia
2752,Olfattivo,لابوراتوريو,Baliflora Laboratorio,باليفلورا,3.78,3.1,2.8,2019,220,عطر باليفلورا,Baliflora Laboratorio
2753,PENHALIGONS,بنهاليغونز,Changing Constance Penhaligon's,بنهاليغنز بورتريه تشينجنج كونستانس,4.28,2.7,2.2,2018,920,عطر بنهاليغنز بورتريه تشينجنج كونستانس,Changing Constance Penhaligon's
2754,TOM FORD,توم فورد,Costa Azzurra,كوستا أزورا,3.98,3,2.5,2021,870,عطر كوستا أزورا,Costa Azzurra
2755,Versace,فرزاتشي,Yellow Diamond,يلو دياموند الاصفر,3.68,3.1,3,2011,280,عطر يلو دياموند الاصفر,Yellow Diamond
2756,Etat,ايتات ليبر دي اورانج,Fils de Dieu du riz et des agrumes Libre d'Orange,ايتا ليبري فيلس ديو ريز ايت ديس,3.98,2.9,2.6,2012,490,عطر ايتا ليبري فيلس ديو ريز ايت ديس,Fils de Dieu du riz et des agrumes Libre d'Orange
2757,Juliette HAG,جولييت,Has A Gun White Spirit,هاز اجن وايت سيبريت,3.53,3.3,3.1,2015,420,عطر هاز اجن وايت سيبريت,Has A Gun White Spirit
2758,Olfattivo,لابوراتوريو,Nun Laboratorio,نان ادو,3.93,3,2.6,2016,190,عطر نان ادو,Nun Laboratorio
2759,CnR Create,سي ان ار كريات,Taurus,توروس الرجالي,3.62,3,3.2,2008,425,عطر توروس الرجالي,Taurus
2760,Dior,كريستيان ديور,Miss Rose N'Roses,ميس روز ان روزيز رذاذ للشعر,3.82,3.1,2.7,2020,275,عطر ميس روز ان روزيز رذاذ للشعر,Miss Rose N'Roses
2761,Floris,فلوريس,White Rose,لندن وايت روز,3.97,2.8,2.7,1800,440,عطر لندن وايت روز,White Rose
2762,Gucci,قوتشي,Bamboo,بامبو,3.62,3.2,3,2015,250,عطر بامبو,Bamboo
2763,Gucci,قوتشي,Bloom Hair Mist,بلوم للشعر,4.32,2.1,2.7,2019,275,عطر بلوم للشعر,Bloom Hair Mist
2764,Serge Lutens,سيرج لوتنس,Nuit de Cellophane,نوي سيلوفان,3.82,3,2.8,2009,400,عطر نوي سيلوفان,Nuit de Cellophane
2765,Etat,ايتات ليبر دي اورانج,Libre Durang Fat Electrician Semi Modern Vetiver,ايتا ليبري فات اليكترسيان سيمي مودرن فيتفير,3.87,3.1,2.6,2009,400,عطر ايتا ليبري فات اليكترسيان سيمي مودرن فيتفير,Libre Durang Fat Electrician Semi Modern Vetiver
2766,Guerlain,غيرلان,Frenchy Lavande,لو فرينشي لافند,4.02,2.9,2.5,2021,1350,عطر لو فرينشي لافند,Frenchy Lavande
2767,Imaginaires,ليكويد اماجينيرز,Lunatique Les Liquides,لونتيك ليكويدس ايماجينريس ادو,3.72,3.4,2.6,2024,600,عطر لونتيك ليكويدس ايماجينريس ادو,Lunatique Les Liquides
2768,Lorenzo,لورينزو بازاليا,Foresta Magica Pazzaglia,بازاجليا فورستا ماجيكا,3.57,3.2,3.1,2025,570,عطر بازاجليا فورستا ماجيكا,Foresta Magica Pazzaglia
2769,Nina Ricci,نينا ريتشي,L’Extase,ليكستاز,3.77,2.9,3,2016,310,عطر ليكستاز,L’Extase
2770,Prada,برادا,Luna Rossa Ocean,لونا روسا أوشن,4.02,3,2.4,2021,450,عطر لونا روسا أوشن,Luna Rossa Ocean
2771,Dunhill,دانهيل,Icon Absolute,ايكون الذهبي ابسلوت,3.91,2.9,2.7,2015,250,عطر ايكون الذهبي ابسلوت,Icon Absolute
2772,Gucci,قوتشي,Guilty Love Edition Pour Femme -,غليتي لوف اديشن النسائي,3.71,2.9,3.1,2020,560,عطر غليتي لوف اديشن النسائي,Guilty Love Edition Pour Femme -
2773,Matiere Premier,ماتيري بريمير,Cedrat Premiere,بريميير سيدرات,4.01,3,2.4,2019,18,عطر بريميير سيدرات,Cedrat Premiere
2774,Pazzaglia,لورنزو بازاجليا,Foresta Magica Lorenzo,لورينزو فورستا ماجيكا,3.56,3.2,3.1,2025,20,عطر لورينزو فورستا ماجيكا,Foresta Magica Lorenzo
2775,Roja Parfums,روجا بارفيومز,Elysiums Pour Homme Eau Intense,اليسيوم ايو انتنس الرجالي,3.96,3,2.5,2023,830,عطر اليسيوم ايو انتنس الرجالي,Elysiums Pour Homme Eau Intense
2776,Serge Lutens,سيرج لوتنس,Clair de Musc,كلير مسك,3.86,3.1,2.6,2003,625,عطر كلير مسك,Clair de Musc
2777,Laurent Mazzone,لورنت مازون,Radikal Iris Parfums,لورين راديكال ايريس,3.76,3.1,2.8,2018,500,عطر لورين راديكال ايريس,Radikal Iris Parfums
2778,BVLGARI,بولغاري,Man Extreme,مان اكستريم,3.6,3.2,3,2013,190,عطر مان اكستريم,Man Extreme
2779,Etat,ايتات ليبر دي اورانج,Fin Du Monde Libre d'Orange,ايتا ليبري لا فين موند,4.05,2.9,2.4,2013,500,عطر ايتا ليبري لا فين موند,Fin Du Monde Libre d'Orange
2780,Giorgio Armani,ارماني,Emporio Lui,امبوريو الرجالي,3.75,3,2.9,1998,250,عطر امبوريو الرجالي,Emporio Lui
2781,Gucci,قوتشي,Bloom Intense,بلوم انتنس,3.85,3.1,2.6,2023,470,عطر بلوم انتنس,Bloom Intense
2782,MEMO PARIS,ميمو باريس,Sample Set,طقم عينات,3.9,3,2.6,2007,220,عطر طقم عينات,Sample Set
2783,Roja Parfums,روجا بارفيومز,ELIXIR,اليكسير النسائي,4,2.8,2.6,2019,1500,عطر اليكسير النسائي,ELIXIR
2784,Roja Parfums,روجا بارفيومز,Elixir Pour Femme Parfum Dove,اليكسير النسائي,4,2.8,2.6,2019,990,عطر اليكسير النسائي,Elixir Pour Femme Parfum Dove
2785,Roja Parfums,روجا بارفيومز,Scandal Pour Femme,سكاندل أودي بارفام,3.55,3.4,2.9,2021,1800,عطر سكاندل أودي بارفام,Scandal Pour Femme
2786,Viktor Rolf,فيكتور اند رولف,Spicebomb Dark Leather &,سبايس بومب دارك ليذر,3.9,3.1,2.5,2024,430,عطر سبايس بومب دارك ليذر,Spicebomb Dark Leather &
2787,Vilhelm,فيلهلم,Dirty Velvet Parfumerie,ديرتي فيلفت,3.5,3.3,3.1,2016,175,عطر ديرتي فيلفت,Dirty Velvet Parfumerie
2788,jar,رامون بيجار,Ramon Bejar Mystic Nard,ميستيك نارد,4.25,2.5,2.4,2023,340,عطر ميستيك نارد,Ramon Bejar Mystic Nard
2789,BVLGARI,بولغاري,Goldea,قولديا,3.35,3.4,3.3,2015,320,عطر قولديا,Goldea
2790,Giorgio Armani,ارماني,Code Colonia,كود,3.45,3.3,3.2,2017,390,عطر كود,Code Colonia
2791,Juliette HAG,جولييت,Not A Superdose Has A Gun,هاز اجن نوت اي بيرفيوم سوبردوس,3.5,3.7,2.7,2019,480,عطر هاز اجن نوت اي بيرفيوم سوبردوس,Not A Superdose Has A Gun
2792,Versace,فرزاتشي,Blue Jeans,بلو جينز الرجالي,3.45,3.3,3.2,1994,140,عطر بلو جينز الرجالي,Blue Jeans
2793,Essential,ايسينشيال بيرفيوم,Divine Vanille Parfums,ديفاين فانيلا,3.99,3,2.4,2019,400,عطر ديفاين فانيلا,Divine Vanille Parfums
2794,Etienne Aigner,اجنر,Too Feminine,تو فيمينين,3.99,2.8,2.6,2006,215,عطر تو فيمينين,Too Feminine
2795,Jo Malone,جو مالون,Jo Oud & Bergamot Intense,عود اند برغموت انتنس,4.14,2.7,2.4,2010,650,عطر عود اند برغموت انتنس,Jo Oud & Bergamot Intense
2796,Jo Malone,جو مالون,Oud & Bergamot Jo London,عود برغموت,4.14,2.7,2.4,2010,660,عطر عود برغموت,Oud & Bergamot Jo London
2797,MEMO PARIS,ميمو باريس,Kedu,كيدو,3.89,3,2.6,2014,350,عطر كيدو,Kedu
2798,Tom Daxon,توم داكسون,Salvia Sclarea,سالفيا سكلاريا,4.09,2.8,2.4,2013,10,عطر سالفيا سكلاريا,Salvia Sclarea
2799,nasamat najd,نسمات نجد,SIDRA,سدرة,4.44,2,2.5,2020,250,عطر سدرة,SIDRA
2800,Gucci,قوتشي,Pour Homme,بور هوم,4.04,2.8,2.5,2008,420,عطر بور هوم,Pour Homme
2801,John Varvatos,جون فارفاتوس,Artisan Blu,فرفاتوس ارتيزان بلو,4.04,2.8,2.5,2016,250,عطر فرفاتوس ارتيزان بلو,Artisan Blu
2802,Mont Blanc,مونت بلانك,Signature Absolue,سجنتشر ابسولو النسائي,3.84,3.1,2.6,2023,240,عطر سجنتشر ابسولو النسائي,Signature Absolue
2803,Ralph Lauren,رالف لورين,Polo Sport,بولو سبورت,3.94,2.9,2.6,1994,320,عطر بولو سبورت,Polo Sport
2804,Roja Parfums,روجا بارفيومز,Enigma Essence Dove,انيجما اسينس,4.09,2.9,2.3,2021,1100,عطر انيجما اسينس,Enigma Essence Dove
2805,TOM FORD,توم فورد,Rose,كافي روز,3.69,3.3,2.7,2023,800,عطر كافي روز,Rose
2806,J.F.,جي أف شوارزلوس برلين,Rosa Centifolia J.F. Schwarzlose Berlin,اف روزا سنتيفوليا,3.58,3.3,2.9,2022,700,عطر اف روزا سنتيفوليا,Rosa Centifolia J.F. Schwarzlose Berlin
2807,Azzaro,ازارو,Chrome United,أزارو كروم يونيتد,3.83,3,2.7,2013,275,عطر أزارو كروم يونيتد,Chrome United
2808,Du Bois,دو بوا,Cannabis Blue Fragrance,فريقرانس بويس كانابيس بلو,3.77,3.2,2.6,2020,18,عطر فريقرانس بويس كانابيس بلو,Cannabis Blue Fragrance
2809,Floris,فلوريس,London Cherry Blossom Intense,لندن شيري بلوسوم,3.92,3,2.5,2013,700,عطر لندن شيري بلوسوم,London Cherry Blossom Intense
2810,Korloff,كورلوف,corce d'Argent,إيكورس دارجينت,3.57,3.3,2.9,2018,295,عطر إيكورس دارجينت,corce d'Argent
2811,Ormonde Jayne,اورموند جين,Champaca,ارموند شامباكا,3.92,2.9,2.6,2002,990,عطر ارموند شامباكا,Champaca
2812,Paco Rabanne,باكو رابان,Fame,فيم,3.92,3,2.5,2022,430,عطر فيم,Fame
2813,Pana Dora,بانا دورا,Baron,بانادورا بارون,3.17,3.3,3.7,2019,240,عطر بانادورا بارون,Baron
2814,Vilhelm,فيلهلم,Smoke Show Parfumerie,سموك شو,3.77,3,2.8,2015,175,عطر سموك شو,Smoke Show Parfumerie
2815,Lorenzo Villo,لورينزو فيلوريسي,Villoresi IPERBOREA,ابيربوريا من,4.02,2.7,2.6,2010,470,عطر ابيربوريا من,Villoresi IPERBOREA
2816,Acqua Di Parma,اكوا دي بارما,di Blu Mediterraneo Discovery,طقم عينات ديسكفري,4.11,2.7,2.4,2008,590,عطر طقم عينات ديسكفري,di Blu Mediterraneo Discovery
2817,Amado,امادو,Antique,أنتيك ٧٥,3.56,3.3,2.9,2023,580,عطر أنتيك ٧٥,Antique
2818,BYREDO,بيريدو,Sundazed,صن دايزد,3.76,3.1,2.7,2019,16,عطر صن دايزد,Sundazed
2819,Costume Natio,كوستوم ناشونال,Sea Thru NATIONAL and men,سي ثرو,3.76,3.1,2.7,2024,350,عطر سي ثرو,Sea Thru NATIONAL and men
2820,Giorgio Armani,ارماني,Emporio In Love With You Freeze,امبوريو ان لوف ويذ يو فريز النسائي,3.51,3.3,3,2020,360,عطر امبوريو ان لوف ويذ يو فريز النسائي,Emporio In Love With You Freeze
2821,Imaginaires,ليكويد اماجينيرز,Navis Les Liquides,نافيس ايماجينيرز,3.56,3.5,2.7,2022,550,عطر نافيس ايماجينيرز,Navis Les Liquides
2822,Lalique,لاليك,Encre Indigo,انكر انديجو,3.91,3,2.5,2023,285,عطر انكر انديجو,Encre Indigo
2823,MEMO PARIS,ميمو باريس,Ocean Leather,اوشين ليذر,3.96,3,2.4,2020,490,عطر اوشين ليذر,Ocean Leather
2824,NarcisoRodriguez,نرسيسو رودريغز,Vetiver Musc Narciso Rodriguez,نارسيسو فيتفير مسك ادو,3.81,3.2,2.5,2024,320,عطر نارسيسو فيتفير مسك ادو,Vetiver Musc Narciso Rodriguez
2825,Sean John,شين جون,Unforgivable,أنفورجيفابول,4.01,2.8,2.5,2006,280,عطر أنفورجيفابول,Unforgivable
2826,TOM FORD,توم فورد,Azure Lime,أزور لايم,3.91,2.8,2.7,2010,22,عطر أزور لايم,Azure Lime
2827,nasamat najd,نسمات نجد,ARAR INTENSE,عرار انتنس من,3.71,3.4,2.5,2026,418,عطر عرار انتنس من,ARAR INTENSE
2828,Korloff,كورلوف,Tique,شارم ماجنيتيك,3.21,3.8,3.1,2023,295,عطر شارم ماجنيتيك,Tique
2829,MEMO PARIS,ميمو باريس,Portobello Road,بورتوبيللو رود,3.76,3.2,2.6,2025,16,عطر بورتوبيللو رود,Portobello Road
2830,Biehl Parfumkunstwerke,بيهل,Al01,ايه ال,3.6,3.2,2.9,2007,350,عطر ايه ال,Al01
2831,CREED,كريد,Wind Flowers,ويند فلورز,3.6,3.3,2.8,2021,295,عطر ويند فلورز,Wind Flowers
2832,Diptyque,ديبتيك,Eau Rose,ايو روز,4.15,2.7,2.3,2012,700,عطر ايو روز,Eau Rose
2833,Diptyque,ديبتيك,Philosykos,فيلوسيكويس,4.15,2.7,2.3,1996,260,عطر فيلوسيكويس,Philosykos
2834,Du Bois,دو بوا,Cannabis Intense Fragrance,فريقرانس بويس كانابيس انتنس,3.7,3.2,2.7,2020,18,عطر فريقرانس بويس كانابيس انتنس,Cannabis Intense Fragrance
2835,El Ganso,الجنسو,El Limoncello,ليمون سيلو,4.15,2.7,2.3,2021,230,عطر ليمون سيلو,El Limoncello
2836,Essential,ايسينشيال بيرفيوم,Fig Infusion Parfums,فيج انفيوجن,3.9,3.1,2.4,2022,13,عطر فيج انفيوجن,Fig Infusion Parfums
2837,Giorgio Armani,ارماني,Si Passione Eclat,جورجيو سى بايشون ايكلا,3.35,3.4,3.2,2022,10,عطر جورجيو سى بايشون ايكلا,Si Passione Eclat
2838,Givenchy,جيفنشي,Blue Label,بلو ليبل,3.55,3.2,3,2004,250,عطر بلو ليبل,Blue Label
2839,Issey Miyake,ايسي مياكي,L'Eau D' Pour Homme Wood & Wood,ليو دا وود اند,3.9,3,2.5,2019,8,عطر ليو دا وود اند,L'Eau D' Pour Homme Wood & Wood
2840,Mont Blanc,مونت بلانك,Legend Montblanc,ليجيند,3.95,2.9,2.5,2011,260,عطر ليجيند,Legend Montblanc
2841,Valentino,فالنتينو,Valentina,فالنتينا ثلاث وردات,3.55,3.2,3,2011,150,عطر فالنتينا ثلاث وردات,Valentina
2842,ATELIER DES ORS,اتيليه دي اورس,Kawa Karda,ديس كاوا كاردا اكسترايت,3.49,3.5,2.8,2024,18,عطر ديس كاوا كاردا اكسترايت,Kawa Karda
2843,Acqua Di Parma,اكوا دي بارما,Note Di Colonia V di,نوت,4.14,2.7,2.3,2020,500,عطر نوت,Note Di Colonia V di
2844,Davidoff,دافيدوف,Hot Water,هوت ووتر الاحمر الرجالي,3.74,3,2.8,2009,150,عطر هوت ووتر الاحمر الرجالي,Hot Water
2845,NarcisoRodriguez,نرسيسو رودريغز,Narciso Cristal Narciso Rodriguez,نارسيسو كريستال,3.89,3.1,2.4,2022,320,عطر نارسيسو كريستال,Narciso Cristal Narciso Rodriguez
2846,Olfattivo,لابوراتوريو,Noblige Laboratorio,نوبلیج,3.79,3,2.7,2012,485,عطر نوبلیج,Noblige Laboratorio
2847,Roja Parfums,روجا بارفيومز,51 Essence De Parfum,دوف اسينس,4.09,2.8,2.3,2021,280,عطر دوف اسينس,51 Essence De Parfum
2848,AMOUAGE,امواج,Reasons and men,ريزونس اسنس,3.64,3.4,2.6,2024,1250,عطر ريزونس اسنس,Reasons and men
2849,Gucci,قوتشي,Guilty Love Edition MMXXI Pour Femme,غليتي لوف اديشن النسائي,3.84,3.1,2.5,2021,470,عطر غليتي لوف اديشن النسائي,Guilty Love Edition MMXXI Pour Femme
2850,A Lab on Fire,ايه لاب اون فاير,Rose Rebelle Respawn A on,روز ريبيلي ريسباون,3.73,3,2.8,2013,600,عطر روز ريبيلي ريسباون,Rose Rebelle Respawn A on
2851,Etat,ايتات ليبر دي اورانج,The Ghost In The Shell Libre d'Orange,ايتا ليبري ذا جوست ان شل,3.93,3.1,2.3,2021,490,عطر ايتا ليبري ذا جوست ان شل,The Ghost In The Shell Libre d'Orange
2852,John Varvatos,جون فارفاتوس,XX Artisan Teal,اكس ارتيزان تيل,4.13,2.7,2.3,2022,220,عطر اكس ارتيزان تيل,XX Artisan Teal
2853,Demeter,ديمتير,Oud Fragrance,ديميتر عود,3.98,2.7,2.6,2013,60,عطر ديميتر عود,Oud Fragrance
2854,Guerlain,غيرلان,Aqua Allegoria Orange Soleia,اورانج سوليا,4.08,2.7,2.4,2020,370,عطر اورانج سوليا,Aqua Allegoria Orange Soleia
2855,miu miu,مياو مياو,Mutine,ميو ميوتين,3.73,3.2,2.6,2025,450,عطر ميو ميوتين,Mutine
2856,Demeter,ديمتير,Amber Fragrance,ديميتر عنبر,3.88,2.8,2.7,,60,عطر ديميتر عنبر,Amber Fragrance
2857,Versace,فرزاتشي,Pour Femme Dylan Blue,ديلان بلو النسائي,3.78,3,2.7,2017,275,عطر ديلان بلو النسائي,Pour Femme Dylan Blue
2858,Vilhelm,فيلهلم,Parfumerie London Funk,لندن فونك بارفيومري ادو,3.47,3.5,2.8,2021,530,عطر لندن فونك بارفيومري ادو,Parfumerie London Funk
2859,Atelier Cologne,اتيليه كولون,Orange Sanguine Parfum,اورانج سانجوين,4.12,2.6,2.4,2011,450,عطر اورانج سانجوين,Orange Sanguine Parfum
2860,BYREDO,بيريدو,Mojave Ghost,موجاف جوست,3.97,2.9,2.4,2014,930,عطر موجاف جوست,Mojave Ghost
2861,Diptyque,ديبتيك,Vetyverio,فيتيفيريو,3.92,2.9,2.5,2010,500,عطر فيتيفيريو,Vetyverio
2862,Giardini,جاردن دي توسكانا,Bianco Oro di Toscana,جيارديني بيانكو اورو,3.27,3.6,3.1,,500,عطر جيارديني بيانكو اورو,Bianco Oro di Toscana
2863,Valentino,فالنتينو,Voce Viva,فوس فيفا انتينسا,3.77,3.1,2.6,2020,450,عطر فوس فيفا انتينسا,Voce Viva
2864,Akro,اكرو,Dark by,دارك من أكرو,3.62,3.3,2.7,2018,385,عطر دارك من أكرو,Dark by
2865,Donna Karan,دونا كاران,Women Energizing,دكني بي انرجيزنج,3.77,2.9,2.8,2011,285,عطر دكني بي انرجيزنج,Women Energizing
2866,Etat,ايتات ليبر دي اورانج,Above the Waves Libre d'Orange,ألف ذا ويف ايتا,4.12,2.8,2.2,2025,515,عطر ألف ذا ويف ايتا,Above the Waves Libre d'Orange
2867,Perris Monte Carlo,بيريز,Musk Extreme,بيريس مونتي كارلو أمبير جريس,3.67,3.1,2.8,2012,14,عطر بيريس مونتي كارلو أمبير جريس,Musk Extreme
2868,Calvin Klein,كالفن كلاين,Eternity Aqua,اتيرنتي أكوا,3.91,2.9,2.5,2010,170,عطر اتيرنتي أكوا,Eternity Aqua
2869,Dunhill,دانهيل,Desire Silver,ديزاير سلفر الفضي,3.76,2.8,2.9,2015,170,عطر ديزاير سلفر الفضي,Desire Silver
2870,Juliette HAG,جولييت,Powder Love Has A Gun,هاز اجن بودر لوف,3.81,3.1,2.5,2025,400,عطر هاز اجن بودر لوف,Powder Love Has A Gun
2871,PENHALIGONS,بنهاليغونز,The Revenge Of Lady Blanche Penhaligon's,بنهاليغنز ريفينج أوف ليدي بلانشي,3.91,2.8,2.6,2016,890,عطر بنهاليغنز ريفينج أوف ليدي بلانشي,The Revenge Of Lady Blanche Penhaligon's
2872,Atelier Cologne,اتيليه كولون,Mimosa Indigo,اتيلير ميموزا انديجو,3.76,3,2.7,2016,700,عطر اتيلير ميموزا انديجو,Mimosa Indigo
2873,TOM FORD,توم فورد,Neroli,نيرولي بورتوفينو بخّاخ لكامل الجسم,3.96,2.8,2.5,2011,370,عطر نيرولي بورتوفينو بخّاخ لكامل الجسم,Neroli
2874,TOM FORD,توم فورد,Neroli Portofino,نيرولي بورتوفينو,3.96,2.8,2.5,2011,16,عطر نيرولي بورتوفينو,Neroli Portofino
2875,Burberry,بربري,Sport,سبورت النسائي,3.6,3.1,2.9,2010,140,عطر سبورت النسائي,Sport
2876,Burberry,بربري,Her Blossom,هير بلوسوم,3.55,3,3.1,2019,300,عطر هير بلوسوم,Her Blossom
2877,Caron,كارون,Rose Ivoire,روز ايفوري,3.85,2.8,2.7,2019,850,عطر روز ايفوري,Rose Ivoire
2878,Cartier,كارتير,Eau de Vetiver Bleu,فيتيفر بلو,3.7,3,2.8,2015,200,عطر فيتيفر بلو,Eau de Vetiver Bleu
2879,Diptyque,ديبتيك,Ofresia,اوفريسيا,3.8,3,2.6,1999,600,عطر اوفريسيا,Ofresia
2880,Floris,فلوريس,Sirena,لندن سيرينا,3.85,2.9,2.6,2011,570,عطر لندن سيرينا,Sirena
2881,Gucci,قوتشي,Bloom Acqua di Fiori,بلوم اكوا فيوري,3.5,3.2,3,2018,310,عطر بلوم اكوا فيوري,Bloom Acqua di Fiori
2882,Gucci,قوتشي,Guilty Pour Homme Intense,غليتي الرجالي انتنس,3.35,3.3,3.2,2011,460,عطر غليتي الرجالي انتنس,Guilty Pour Homme Intense
2883,Hugo Boss,هوغو بوس,XY,اكس واي الاسود الرجالي,3.8,2.8,2.8,2007,220,عطر اكس واي الاسود الرجالي,XY
2884,Imaginaires,ليكويد اماجينيرز,Phantasma Les Liquides,فانتازما,3.75,3.1,2.6,2020,550,عطر فانتازما,Phantasma Les Liquides
2885,Issey Miyake,ايسي مياكي,Fusion d',فيوجن ديسي,3.8,3,2.6,2020,290,عطر فيوجن ديسي,Fusion d'
2886,John Varvatos,جون فارفاتوس,Artisan Acqua,فيرفاتوس ارتيزان اكوا,3.9,2.8,2.6,2013,265,عطر فيرفاتوس ارتيزان اكوا,Artisan Acqua
2887,Montale,مونتال,Pretty Fruity,بريتي فروتي,2.8,4,3.6,2011,200,عطر بريتي فروتي,Pretty Fruity
2888,Ramon Monegal,رامون مونيجال,- CHERRY MUSK,مونيغال شيري مسك الكرز,3.6,3.2,2.8,2011,750,عطر مونيغال شيري مسك الكرز,- CHERRY MUSK
2889,Viktor Rolf,فيكتور اند رولف,Flowerbomb Midnight &,أند فلاور بومب ميد نايت,3.4,3.2,3.2,2019,550,عطر أند فلاور بومب ميد نايت,Flowerbomb Midnight &
2890,Yves Saint Laur,ايف سان لوران,Laurent L'Homme Libre,ال هوم ليبر,3.4,3.4,3,2011,250,عطر ال هوم ليبر,Laurent L'Homme Libre
2891,Chanel,شانيل,Gabrielle Hair Mist,الشعر غابريل,4.04,2.7,2.4,2019,320,عطر الشعر غابريل,Gabrielle Hair Mist
2892,Biehl Parfumkunstwerke,بيهل,Eo02,اي,3.69,2.9,2.9,2007,750,عطر اي,Eo02
2893,Gucci,قوتشي,Guilty Love Edition Pour Homme,غليتي لوف اديشن,3.79,2.9,2.7,2020,460,عطر غليتي لوف اديشن,Guilty Love Edition Pour Homme
2894,Maison Crivelli,مايزون كريفيلي,Santal Volcanique,سانتال فولكانيك,3.79,3.1,2.5,2018,25,عطر سانتال فولكانيك,Santal Volcanique
2895,Dunhill,دانهيل,Custom,كوستوم,3.98,2.7,2.5,2011,160,عطر كوستوم,Custom
2896,Dunhill,دانهيل,London,لندن,3.83,2.9,2.6,2008,180,عطر لندن,London
2897,El Ganso,الجنسو,El Part Time Hero,بارت تايم هيرو سيت بوكس,3.93,2.9,2.4,2019,200,عطر بارت تايم هيرو سيت بوكس,El Part Time Hero
2898,Guerlain,غيرلان,Aqua Allegoria Passiflora,اكوا أليغوريا باسيفلورا,3.88,2.7,2.7,2018,360,عطر اكوا أليغوريا باسيفلورا,Aqua Allegoria Passiflora
2899,Moschino,موسكينو,Cheap & Chic I Love,شيب آند شيك أي لوف,3.93,2.8,2.5,2004,225,عطر شيب آند شيك أي لوف,Cheap & Chic I Love
2900,Vilhelm,فيلهلم,Body Paint Parfumerie,بودي بينت,3.53,3.3,2.8,2020,175,عطر بودي بينت,Body Paint Parfumerie
2901,Essential,ايسينشيال بيرفيوم,Neroli Botanica Parfums,نيرولي بوتانيكا,3.77,3.1,2.5,2024,400,عطر نيرولي بوتانيكا,Neroli Botanica Parfums
2902,Guerlain,غيرلان,Aqua Allegoria Mandarine Basilic,اكوا اليجوريا فورت بوسكا فانيليا,4.12,2.6,2.3,2007,430,عطر اكوا اليجوريا فورت بوسكا فانيليا,Aqua Allegoria Mandarine Basilic
2903,Imaginaires,ليكويد اماجينيرز,Melancolia Les Liquides,ميالنكوليا,3.77,3.1,2.5,2020,550,عطر ميالنكوليا,Melancolia Les Liquides
2904,Initio,انيشيو,Magnetic Blend 7 Parfums Prives,ماجنيتك بليند,3.72,3.1,2.6,2015,770,عطر ماجنيتك بليند,Magnetic Blend 7 Parfums Prives
2905,Lalique,لاليك,Amethyst Eclat,اميثيست اكلات,3.52,3.1,3,2014,160,عطر اميثيست اكلات,Amethyst Eclat
2906,Matiere Premier,ماتيري بريمير,Santal Blond Atelier Materi,سانتال بولند اتلير,3.87,2.9,2.5,2019,850,عطر سانتال بولند اتلير,Santal Blond Atelier Materi
2907,Vilhelm,فيلهلم,A Lilac a Day Parfumerie,أي ليلاك أه داي,3.67,3,2.8,2016,700,عطر أي ليلاك أه داي,A Lilac a Day Parfumerie
2908,Diptyque,ديبتيك,L'Eau Papier,لو بيبير,4.16,2.9,1.9,2023,700,عطر لو بيبير,L'Eau Papier
2909,Kilian,كيليان,Bamboo Harmony BY,بامبو هارموني,3.86,2.9,2.5,2012,929,عطر بامبو هارموني,Bamboo Harmony BY
2910,Masque Milano,ماسك ميلانو,Madeleine,مادلين,3.76,3.1,2.5,2020,380,عطر مادلين,Madeleine
2911,PENHALIGONS,بنهاليغونز,The Coveted Duchess Rose Penhaligon's,بنهاليغنز ذا كوفيتيد دويتشيز روز,4.01,2.7,2.4,2016,670,عطر بنهاليغنز ذا كوفيتيد دويتشيز روز,The Coveted Duchess Rose Penhaligon's
2912,CREED,كريد,Spring Flower 2023,سبرينج فلاور النسائي,3.6,3.1,2.8,1996,850,عطر سبرينج فلاور النسائي,Spring Flower 2023
2913,Cartier,كارتير,Delices,دليشيس,3.15,3.6,3.2,2006,190,عطر دليشيس,Delices
2914,Demeter,ديمتير,Cuba Fragrance,ديميتر كوبا,4.15,2.5,2.3,2015,60,عطر ديميتر كوبا,Cuba Fragrance
2915,ELIE SAAB,ايلي ساب,Parfum Resort Collection,صعب ريسورت كوليكشن,3.45,3.2,3,2015,300,عطر صعب ريسورت كوليكشن,Parfum Resort Collection
2916,Ormonde Jayne,اورموند جين,Sakura,ارموند ساكورا,3.7,3.2,2.5,2022,770,عطر ارموند ساكورا,Sakura
2917,Provenzano,بروفينزانو,Iris d'Orient Christian Parfums,كريستيان بروفنزانو إيريس دوريانت,3.65,3.1,2.7,2018,16,عطر كريستيان بروفنزانو إيريس دوريانت,Iris d'Orient Christian Parfums
2918,Acqua Di Parma,اكوا دي بارما,Colonia Futura di,فيوتشرا,3.85,2.9,2.5,2020,430,عطر فيوتشرا,Colonia Futura di
2919,Amado,امادو,OUD REGALIS,عود ريجالس,3.7,3.1,2.6,2026,940,عطر عود ريجالس,OUD REGALIS
2920,Burberry,بربري,Body Tender,بودي تندر الزهري,3.35,3.4,3,2013,250,عطر بودي تندر الزهري,Body Tender
2921,Chanel,شانيل,E,كوكو مادموزيل لو بريفيه بور نايت,4.05,2.5,2.5,2020,15,عطر كوكو مادموزيل لو بريفيه بور نايت,E
2922,Etat,ايتات ليبر دي اورانج,Soul Of My Soul Libre d'Orange,ايتا ليبري سول اوف ماي,3.65,3.2,2.6,2020,490,عطر ايتا ليبري سول اوف ماي,Soul Of My Soul Libre d'Orange
2923,JeanPaulGaultie,جان بول غولتير,Jean Paul Gaultier Le Male In The Navy,لومال ان ذا نافي الرجالي,3.4,3.2,3.1,2018,300,عطر لومال ان ذا نافي الرجالي,Jean Paul Gaultier Le Male In The Navy
2924,Juliette HAG,جولييت,Ode To Dullness Has A Gun,هاز اجن اودي تو دولنيس,3.79,3.2,2.3,2023,320,عطر هاز اجن اودي تو دولنيس,Ode To Dullness Has A Gun
2925,Vilhelm,فيلهلم,Basilico & Fellini Parfumerie,بازيليكو اند فيليني,3.84,2.9,2.5,2017,175,عطر بازيليكو اند فيليني,Basilico & Fellini Parfumerie
2926,Vilhelm,فيلهلم,Modest Mimosa Parfumerie,موديست ميموزا,3.69,3.1,2.6,2016,175,عطر موديست ميموزا,Modest Mimosa Parfumerie
2927,Juliette HAG,جولييت,Mmmm... Has A Gun,هاز اجن مممم,3.69,3,2.7,2016,320,عطر هاز اجن مممم,Mmmm... Has A Gun
2928,CREED,كريد,Sublime Vanille by,سوبليم فانيل من,4.03,2.7,2.3,2009,1300,عطر سوبليم فانيل من,Sublime Vanille by
2929,ATELIER DES ORS,اتيليه دي اورس,Noir by Night,ديس نوار باي نايت,3.63,3.2,2.6,2022,18,عطر ديس نوار باي نايت,Noir by Night
2930,Calvin Klein,كالفن كلاين,IN2U Eau de Toilette150ml,ان تو يو الرجالي,3.88,2.9,2.4,2007,210,عطر ان تو يو الرجالي,IN2U Eau de Toilette150ml
2931,Matiere Premier,ماتيري بريمير,Cacao Porcelana Atelier Materi,كاكاو بورسيلانا اتلير,3.73,3.1,2.5,2019,850,عطر كاكاو بورسيلانا اتلير,Cacao Porcelana Atelier Materi
2932,Essential,ايسينشيال بيرفيوم,Patchouli Mania Parfums,باتشولي مانيا,3.58,3.2,2.7,2023,400,عطر باتشولي مانيا,Patchouli Mania Parfums
2933,Valentino,فالنتينو,Donna Born In Roma Ivory,دونا بورن ان روما افوري,3.98,2.9,2.2,2025,500,عطر دونا بورن ان روما افوري,Donna Born In Roma Ivory
2934,Burberry,بربري,Hero,هيرو الرجالي,3.92,2.9,2.3,2021,355,عطر هيرو الرجالي,Hero
2935,Lady Gaga,ليدي غاغا,Fame,قاقا فيم,3.77,2.9,2.6,2012,255,عطر قاقا فيم,Fame
2936,miu miu,مياو مياو,E,ميو لو روز,3.77,2.8,2.7,2018,340,عطر ميو لو روز,E
2937,Dolce Gabbana,دولتشي غابانا,K by &,كي,3.66,3,2.7,2019,290,عطر كي,K by &
2938,Donna Karan,دونا كاران,DKNY Be Delicious Fresh Blossom Skin Hydrating,كيه إن واي بي ديليشس فريش بلوسم,3.91,2.7,2.5,2009,265,عطر كيه إن واي بي ديليشس فريش بلوسم,DKNY Be Delicious Fresh Blossom Skin Hydrating
2939,Lorenzo,لورينزو بازاليا,Green Island Pazzaglia,بازاجليا جرين أيسلاند,3.41,3.1,3.1,2025,570,عطر بازاجليا جرين أيسلاند,Green Island Pazzaglia
2940,Pazzaglia,لورنزو بازاجليا,Green Island Lorenzo,لورينزو جرين أيسلاند,3.41,3.1,3.1,2025,20,عطر لورينزو جرين أيسلاند,Green Island Lorenzo
2941,Versace,فرزاتشي,Red Jeans,رد جينز النسائي,3.51,3,3,1994,140,عطر رد جينز النسائي,Red Jeans
2942,Davidoff,دافيدوف,Silver Shadow Altitude,سلفر شادو اتيتيود الازرق,3.45,3.2,2.9,2007,150,عطر سلفر شادو اتيتيود الازرق,Silver Shadow Altitude
2943,Abercrombie & Fitch,ابيركرومبي,Authentic Man &,أبيركرومبي آند فيتش أوثينتيك,4,2.6,2.4,2019,320,عطر أبيركرومبي آند فيتش أوثينتيك,Authentic Man &
2944,BVLGARI,بولغاري,Pour Homme Soir,سوار بور اوم الرجالي,3.4,3.2,3,2006,200,عطر سوار بور اوم الرجالي,Pour Homme Soir
2945,BYREDO,بيريدو,Mojave Ghost Hair,بيردو بلانش للشعر,4.1,2.8,2,2016,370,عطر بيردو بلانش للشعر,Mojave Ghost Hair
2946,Burberry,بربري,Summer,سمر النسائي,3.6,3,2.8,2012,150,عطر سمر النسائي,Summer
2947,Dolce Gabbana,دولتشي غابانا,& The One Desire,ذا ون ديزاير الاسود,3.3,3.2,3.2,2013,220,عطر ذا ون ديزاير الاسود,& The One Desire
2948,Etat,ايتات ليبر دي اورانج,Libre D'orange Dangerous Complicity,ايتا ليبري دانجيريس كومبليسيتي,3.85,2.8,2.5,2012,370,عطر ايتا ليبري دانجيريس كومبليسيتي,Libre D'orange Dangerous Complicity
2949,Hugo Boss,هوغو بوس,Femme,فيمي,3.5,3.1,2.9,2014,200,عطر فيمي,Femme
2950,Hugo Boss,هوغو بوس,Ma Vie Pour Femme,ما في بيور فيم,3.5,3.1,2.9,2014,225,عطر ما في بيور فيم,Ma Vie Pour Femme
2951,Paco Rabanne,باكو رابان,Phantom,فانتوم,3.55,3.2,2.7,2021,440,عطر فانتوم,Phantom
2952,Stella Mccartney,ستيلا مكارنتي,Pop,مكارتني بوب,3.4,3.2,3,2016,330,عطر مكارتني بوب,Pop
2953,Versace,فرزاتشي,Vanitas,فانيتاس,3.5,3,3,2010,160,عطر فانيتاس,Vanitas
2954,Chopard,شوبارد,Happy Felicia Roses,هابي فيليسيا روزيس,3.8,2.8,2.6,2018,200,عطر هابي فيليسيا روزيس,Happy Felicia Roses
2955,Diptyque,ديبتيك,L'Eau de Neroli,لو نيرولي,3.99,2.6,2.4,2008,600,عطر لو نيرولي,L'Eau de Neroli
2956,El Ganso,الجنسو,El Ciao Bella,تشاو بيلا,3.79,3,2.4,2022,230,عطر تشاو بيلا,El Ciao Bella
2957,Etat,ايتات ليبر دي اورانج,Remarkable People Libre d'Orange,ايتا ليبري ريماركابل بيبول,3.89,2.8,2.4,2015,350,عطر ايتا ليبري ريماركابل بيبول,Remarkable People Libre d'Orange
2958,Guess,قيس,Seductive Homme,جس سيدكتف,3.94,2.7,2.4,2011,175,عطر جس سيدكتف,Seductive Homme
2959,Imaginaires,ليكويد اماجينيرز,Liquides Bloody Woods,بلودي وود,3.89,2.7,2.5,2013,550,عطر بلودي وود,Liquides Bloody Woods
2960,Juliette HAG,جولييت,Lust for Sun Has A Gun,هاز اجن لست فور صن,3.64,3.1,2.6,2023,320,عطر هاز اجن لست فور صن,Lust for Sun Has A Gun
2961,Maison Crivelli,مايزون كريفيلي,Laberg,لي سولابيرج,3.74,3.1,2.4,2021,750,عطر لي سولابيرج,Laberg
2962,Ralph Lauren,رالف لورين,Polo Red,بولو ريد,3.89,2.8,2.4,2013,310,عطر بولو ريد,Polo Red
2963,Trussardi,تروساردي,Delicate Rose,ديلكيت روز,3.84,2.8,2.5,2012,235,عطر ديلكيت روز,Delicate Rose
2964,Maison Crivelli,مايزون كريفيلي,Rose SaltifOlia,روز سالتيفوليا,3.88,2.9,2.3,2018,1000,عطر روز سالتيفوليا,Rose SaltifOlia
2965,Marc Jacobs,مارك جاكوبس,Daisy Eau So Fresh,دايزي سو فريش,4.03,2.6,2.3,2011,420,عطر دايزي سو فريش,Daisy Eau So Fresh
2966,Nicolai,نيكولاي,Pavlova Parfumeur Createur,بافلوفا انتنس,3.68,3.1,2.5,2024,16,عطر بافلوفا انتنس,Pavlova Parfumeur Createur
2967,Vilhelm,فيلهلم,Stockholm 1978 Parfumerie,ستوكهولم,3.58,3.1,2.7,2015,175,عطر ستوكهولم,Stockholm 1978 Parfumerie
2968,Floris,فلوريس,Soulle Ambar,سول عنبر,3.83,2.7,2.6,2013,400,عطر سول عنبر,Soulle Ambar
2969,Juliette HAG,جولييت,Ex Vetiver Has A Gun,هاز اجن اكس فيتفير,3.72,3,2.5,2024,320,عطر هاز اجن اكس فيتفير,Ex Vetiver Has A Gun
2970,Dior,كريستيان ديور,Eden-Roc,ايدن روك,3.77,3,2.4,2021,950,عطر ايدن روك,Eden-Roc
2971,Guerlain,غيرلان,Aqua Allegoria Limon Verde,اكوا أليغوريا ليمون فيردي,3.92,2.6,2.5,2014,360,عطر اكوا أليغوريا ليمون فيردي,Aqua Allegoria Limon Verde
2972,Essential,ايسينشيال بيرفيوم,Rose Magnetic Parfums,روز ماجنتيك,3.81,2.9,2.4,2018,400,عطر روز ماجنتيك,Rose Magnetic Parfums
2973,Etat,ايتات ليبر دي اورانج,Suede Libre d'Orange,ايتا ليبري كلين سويد,3.76,3,2.4,2023,15,عطر ايتا ليبري كلين سويد,Suede Libre d'Orange
2974,Olfattivo,لابوراتوريو,Esvedra Laboratorio,اسفیدرا,3.76,2.7,2.7,2011,485,عطر اسفیدرا,Esvedra Laboratorio
2975,Davidoff,دافيدوف,Horizon,هورايزون الرجالي,3.4,3.1,3,2016,210,عطر هورايزون الرجالي,Horizon
2976,Essential,ايسينشيال بيرفيوم,Velvet Iris Parfums,فيلفيت ايريس من اسنشيال,3.6,3.2,2.5,2025,330,عطر فيلفيت ايريس من اسنشيال,Velvet Iris Parfums
2977,Guerlain,غيرلان,Nerolia Vetiver,نيروليا فيتيفر,3.8,2.9,2.4,2022,370,عطر نيروليا فيتيفر,Nerolia Vetiver
2978,Hugo Boss,هوغو بوس,Energise,انرجيس الرجالي,3.4,3.1,3,2005,230,عطر انرجيس الرجالي,Energise
2979,Hugo Boss,هوغو بوس,The Scent,ذا سنت النسائي,3.4,3.1,3,2015,220,عطر ذا سنت النسائي,The Scent
2980,Michael Kors,مايكل كورس,White Luminous Gold,وايت لومينوس جولد,3,3.5,3.4,2015,285,عطر وايت لومينوس جولد,White Luminous Gold
2981,BYREDO,بيريدو,Sunday,صانداي,3.8,2.8,2.5,2011,16,عطر صانداي,Sunday
2982,Chanel,شانيل,GABRIELLE L'EAU,غابرييل ليو,3.9,2.8,2.3,2024,560,عطر غابرييل ليو,GABRIELLE L'EAU
2983,Demeter,ديمتير,FRANKINCENSE Fragrance,ديميتر فرانكنسنس,3.85,2.5,2.7,2015,60,عطر ديميتر فرانكنسنس,FRANKINCENSE Fragrance
2984,Dolce Gabbana,دولتشي غابانا,& Rosa Excelsa,دولسي وردة روزا اكسلسا,3.55,3,2.8,2016,340,عطر دولسي وردة روزا اكسلسا,& Rosa Excelsa
2985,Essential,ايسينشيال بيرفيوم,The Musc Parfums,ذا مسك,3.75,3.1,2.3,2018,400,عطر ذا مسك,The Musc Parfums
2986,Floris,فلوريس,Mulberry Fig,ميليبيري فج,3.85,2.9,2.3,2022,750,عطر ميليبيري فج,Mulberry Fig
2987,Guerlain,غيرلان,orites Le Parfum,ميتيريتس لي,3.55,3,2.8,2018,250,عطر ميتيريتس لي,orites Le Parfum
2988,Nautica,نوتيكا,Voyage,فوياج,3.9,2.8,2.3,2006,160,عطر فوياج,Voyage
2989,Yves Saint Laur,ايف سان لوران,LAURENT Libre Hair,ليبر للشعر,4.05,2.6,2.2,2021,260,عطر ليبر للشعر,LAURENT Libre Hair
2990,Juliette HAG,جولييت,Has A Gun,هاز اجن للنساء،,3.64,3.1,2.5,2019,390,عطر هاز اجن للنساء،,Has A Gun
2991,Juliette HAG,جولييت,Vanilla Vibes Has A Gun,هاز اجن فانيلا فايبس,3.64,3.1,2.5,2019,320,عطر هاز اجن فانيلا فايبس,Vanilla Vibes Has A Gun
2992,Parfums de Marly,مارلي,Darcy,دارسي النسائي,3.39,3.2,2.9,2014,500,عطر دارسي النسائي,Darcy
2993,Provenzano,بروفينزانو,Oud Signature Christian Parfums,كريستيان بروفنزانو عود سيجنيتشر,3.29,3.5,2.8,2018,16,عطر كريستيان بروفنزانو عود سيجنيتشر,Oud Signature Christian Parfums
2994,ATELIER DES ORS,اتيليه دي اورس,Blue Madeleine,ديس بلو مادلين,3.83,3,2.2,2024,240,عطر ديس بلو مادلين,Blue Madeleine
2995,BVLGARI,بولغاري,Petits et Mamans,بيتيت أيه مامان أطفال,3.98,2.6,2.3,1997,290,عطر بيتيت أيه مامان أطفال,Petits et Mamans
2996,Carolina Herra,كارولينا هيريرا,Herrera Hair 212,في آي بي روز للشعر,3.83,2.7,2.5,2021,225,عطر في آي بي روز للشعر,Herrera Hair 212
2997,CnR Create,سي ان ار كريات,Aquarius,اكواريوس الرجالي,3.28,3.2,3.1,2008,425,عطر اكواريوس الرجالي,Aquarius
2998,Demeter,ديمتير,Myrrh Fragrance,ديميتر المر,3.88,2.6,2.5,2015,60,عطر ديميتر المر,Myrrh Fragrance
2999,Demeter,ديمتير,THIS IS NOT A PIPE Fragrance,ديميتر إنه ليس غليوناً,3.78,2.7,2.6,,60,عطر ديميتر إنه ليس غليوناً,THIS IS NOT A PIPE Fragrance
3000,Etat,ايتات ليبر دي اورانج,Jasmin et Cigarette Libre d'Orange,ايتا ليبري جاسمين ات سيجاريت,3.73,2.9,2.5,2006,550,عطر ايتا ليبري جاسمين ات سيجاريت,Jasmin et Cigarette Libre d'Orange
3001,Juliette HAG,جولييت,Sunny Side Up Has A Gun,هاز اجن صني سايد اب,3.68,3,2.5,2017,320,عطر هاز اجن صني سايد اب,Sunny Side Up Has A Gun
3002,NarcisoRodriguez,نرسيسو رودريغز,All Of Me Intense Narciso Rodriguez,نارسيسو ال اوف مى اودى بيرفيوم انتنس,3.63,3.1,2.5,2024,360,عطر نارسيسو ال اوف مى اودى بيرفيوم انتنس,All Of Me Intense Narciso Rodriguez
3003,Viktor Rolf,فيكتور اند رولف,Good Fortune,قود فورتشن من,3.53,3.1,2.7,2022,510,عطر قود فورتشن من,Good Fortune
3004,Etro,ايترو,Musk,مسك,3.87,2.7,2.4,2004,430,عطر مسك,Musk
3005,Etat,ايتات ليبر دي اورانج,Libre d'Orange,ايتا ليبري كولجين,3.82,2.7,2.5,2014,490,عطر ايتا ليبري كولجين,Libre d'Orange
3006,Guerlain,غيرلان,Aqua Allegoria Bergamote Calabria,أكوا أليغوريا برغموت كالابريا,4.02,2.5,2.3,2017,360,عطر أكوا أليغوريا برغموت كالابريا,Aqua Allegoria Bergamote Calabria
3007,Mont Blanc,مونت بلانك,Legend Red,ليجند ريد,3.77,2.9,2.4,2022,250,عطر ليجند ريد,Legend Red
3008,Organ Tale,اورجان تيل,Fleur de Bonbon,فلور بونبون,3.72,2.9,2.5,2024,521,عطر فلور بونبون,Fleur de Bonbon
3009,Vilhelm,فيلهلم,opus KoRE Parfumerie,اوبوس كور,3.67,2.9,2.6,2015,175,عطر اوبوس كور,opus KoRE Parfumerie
3010,Demeter,ديمتير,Brume du Matin Parfum,فريقرانس بويس بروم متين,3.86,2.7,2.4,2016,340,عطر فريقرانس بويس بروم متين,Brume du Matin Parfum
3011,Du Bois,دو بوا,Brume du Matin Parfum,فراغرنس بروم متين,3.86,2.7,2.4,2016,19,عطر فراغرنس بروم متين,Brume du Matin Parfum
3012,Du Bois,دو بوا,Minuit et Demi Fragrance,فراغرنس مينوت ات ديمي,3.91,2.9,2.1,2020,1300,عطر فراغرنس مينوت ات ديمي,Minuit et Demi Fragrance
3013,Min New York,مين نيويورك,Hall of Fame,هول اوف فيم,3.11,3.6,3,2022,650,عطر هول اوف فيم,Hall of Fame
3014,Nasomatto,ناسوماتو,Sadonaso,سادوناسو من,3.01,3.8,3,2023,470,عطر سادوناسو من,Sadonaso
3015,Vilhelm,فيلهلم,Purple Fig Parfumerie,بيربيل فيج,3.56,3,2.7,2016,175,عطر بيربيل فيج,Purple Fig Parfumerie
3016,LAURA MERCIER,لورا مارسيه,Ambre Vanille,امبري فانيليا,4.01,2.7,2.1,2022,275,عطر امبري فانيليا,Ambre Vanille
3017,BYREDO,بيريدو,Blanche,بلانش,3.7,2.9,2.5,2009,850,عطر بلانش,Blanche
3018,Burberry,بربري,Brit Rhythm Floral,بريت ريثم فلورال النسائي,3.3,3.2,3,2015,210,عطر بريت ريثم فلورال النسائي,Brit Rhythm Floral
3019,Etat,ايتات ليبر دي اورانج,Don't Get Me Wrong Baby Libre d'Orange,ايتا ليبري يس ديو دونت جيت مي,3.65,2.6,2.9,2007,490,عطر ايتا ليبري يس ديو دونت جيت مي,Don't Get Me Wrong Baby Libre d'Orange
3020,Mont Blanc,مونت بلانك,Montblanc Exceptionnel,اكسبشنال البرتقالي,3.6,3,2.6,2008,190,عطر اكسبشنال البرتقالي,Montblanc Exceptionnel
3021,Calvin Klein,كالفن كلاين,Women,كالفين ومن,3.54,3,2.7,2018,270,عطر كالفين ومن,Women
3022,Essential,ايسينشيال بيرفيوم,Nice Bergamote Parfums,نايس برغموت,3.99,2.6,2.2,2018,12,عطر نايس برغموت,Nice Bergamote Parfums
3023,Tiffany,تيفاني,& Co,آند كو,3.64,2.9,2.6,2017,460,عطر آند كو,& Co
3024,Alghabra,الغبرا,Kaliningrad Mystery Parfums,كالينينجراد ميستري,3.33,3.2,2.9,2022,650,عطر كالينينجراد ميستري,Kaliningrad Mystery Parfums
3025,Armand Basi,ارماند باسي,In Red,الابيض ان رد,3.73,2.8,2.5,2003,130,عطر الابيض ان رد,In Red
3026,Cartier,كارتير,Pasha Noire Absolu Parfum,باشا نوار ابسولو,3.18,3.5,2.9,2023,475,عطر باشا نوار ابسولو,Pasha Noire Absolu Parfum
3027,Tom Daxon,توم داكسون,Vachetta,فاشيتا,3.98,2.4,2.4,2013,500,عطر فاشيتا,Vachetta
3028,Lalique,لاليك,Azalee,ازالي,3.47,3.1,2.7,2014,210,عطر ازالي,Azalee
3029,Etat,ايتات ليبر دي اورانج,Sous Le Pont Mirabeau Libre d'Orang,ايتا ليبري سو لو بون ميرابو,3.67,3,2.4,2023,390,عطر ايتا ليبري سو لو بون ميرابو,Sous Le Pont Mirabeau Libre d'Orang
3030,Etat,ايتات ليبر دي اورانج,Sous Le Pont Mirabeau Libre d'Orange,ايتا ليبري سو لو بون ميرابو,3.67,3,2.4,2023,150,عطر ايتا ليبري سو لو بون ميرابو,Sous Le Pont Mirabeau Libre d'Orange
3031,Gucci,قوتشي,Guilty Elixir de Parfum pour Homme,غيلتي بور اوم الكسير,3.72,2.9,2.4,2011,20,عطر غيلتي بور اوم الكسير,Guilty Elixir de Parfum pour Homme
3032,Gucci,قوتشي,Guilty Pour Homme Parfum,غليتي بور هوم,3.72,2.9,2.4,2011,450,عطر غليتي بور هوم,Guilty Pour Homme Parfum
3033,Jo Malone,جو مالون,English Pear & Freesia Jo London,انجليش بير أند فريسيا,3.82,2.7,2.4,2010,560,عطر انجليش بير أند فريسيا,English Pear & Freesia Jo London
3034,Mercedes Benz,مرسيدس بنز,- Sea -,سي,3.52,3.2,2.5,2023,240,عطر سي,- Sea -
3035,Mont Blanc,مونت بلانك,Explorer Ultra Blue Montblanc,اكسبلورر ألترا بلو من,3.67,3,2.4,2021,290,عطر اكسبلورر ألترا بلو من,Explorer Ultra Blue Montblanc
3036,BYREDO,بيريدو,Super Cedar,سوبر سيدار,3.77,2.9,2.3,2016,750,عطر سوبر سيدار,Super Cedar
3037,Boadicea,بوديسيا ذا فيكتوريوس,Opal THE VICTORIOUS and men,اوبال,3.42,3.1,2.8,2025,2350,عطر اوبال,Opal THE VICTORIOUS and men
3038,Diptyque,ديبتيك,Florabellio,فلورا بيلو,3.46,2.9,2.9,2015,600,عطر فلورا بيلو,Florabellio
3039,Jeroboam,جيروبوم,Floro,جيروبام فلورو,3.61,3.1,2.4,2021,380,عطر جيروبام فلورو,Floro
3040,Guess,قيس,Seductive,جس سيدكتف,3.76,2.7,2.5,2010,175,عطر جس سيدكتف,Seductive
3041,Mercedes Benz,مرسيدس بنز,- Air -,اير,3.51,3,2.7,2023,240,عطر اير,- Air -
3042,Demeter,ديمتير,Cardamom Fragrance,ديميتر كاردموم,4.15,2.3,2.1,2015,60,عطر ديميتر كاردموم,Cardamom Fragrance
3043,TOM FORD,توم فورد,Electric Cherry,الكتريك تشيري,3.7,2.9,2.4,2023,750,عطر الكتريك تشيري,Electric Cherry
3044,BVLGARI,بولغاري,Au The Rouge,ذا روج كوليجن,3.55,3,2.6,2005,260,عطر ذا روج كوليجن,Au The Rouge
3045,BVLGARI,بولغاري,Omnia Pink Sapphire,اومنيا بينك سافير,3.25,3.2,3,2018,190,عطر اومنيا بينك سافير,Omnia Pink Sapphire
3046,Cartier,كارتير,Lune,لون,3.5,3.2,2.5,2011,250,عطر لون,Lune
3047,Hugo Boss,هوغو بوس,Woman,وومن,3.25,3.2,3,1997,150,عطر وومن,Woman
3048,Hugo Boss,هوغو بوس,Woman Extreme,وومن اكستريم النسائي,3.25,3.2,3,2016,230,عطر وومن اكستريم النسائي,Woman Extreme
3049,Lalique,لاليك,Fleur de Cristal,فلور كريستال,3.25,3.2,3,2010,220,عطر فلور كريستال,Fleur de Cristal
3050,Lalique,لاليك,Nilang,نيلانج,3.05,3.4,3.2,2011,150,عطر نيلانج,Nilang
3051,Ralph Lauren,رالف لورين,Polo Black,بولو بلاك,3.35,3,3,2005,310,عطر بولو بلاك,Polo Black
3052,Emanuel Ungaro,انغارو,Lll,,3.49,3.2,2.5,2025,175,,Lll
3053,Gucci,قوتشي,Flora Gorgeous,فلورا جورجوس ماغنوليا,3.94,2.6,2.2,2021,470,عطر فلورا جورجوس ماغنوليا,Flora Gorgeous
3054,Gucci,قوتشي,Flora Gorgeous Gardenia,فلورا جورجيوس جاردينيا,3.94,2.6,2.2,2021,400,عطر فلورا جورجيوس جاردينيا,Flora Gorgeous Gardenia
3055,Gucci,قوتشي,Flora Gorgeous Gardenia Gucc,فلورا جورجيوس جاردينيا النسائي,3.94,2.6,2.2,2021,12,عطر فلورا جورجيوس جاردينيا النسائي,Flora Gorgeous Gardenia Gucc
3056,Guerlain,غيرلان,Habit Rouge L'Instinct,هابيت روج لانستان انتنس,3.44,3.2,2.6,2022,280,عطر هابيت روج لانستان انتنس,Habit Rouge L'Instinct
3057,Jimmy Choo,جيمي شوو,Urban Hero Gold Edition,اوربان هيرو قولد ايديشن,3.69,2.9,2.4,2021,330,عطر اوربان هيرو قولد ايديشن,Urban Hero Gold Edition
3058,Tom Daxon,توم داكسون,Laconia by,لاكونيا,4.04,2.3,2.3,2018,500,عطر لاكونيا,Laconia by
3059,BVLGARI,بولغاري,au The Vert Eau Parfume,ذا فيرت,4.03,2.4,2.2,1992,370,عطر ذا فيرت,au The Vert Eau Parfume
3060,BYREDO,بيريدو,Gypsy Water,جيبسي ووتر,3.98,2.6,2.1,2008,820,عطر جيبسي ووتر,Gypsy Water
3061,Escada,اسكادا,ESPECIALLY,سبيشال من,3.77,2.7,2.4,2011,260,عطر سبيشال من,ESPECIALLY
3062,Jo Malone,جو مالون,Wood Sage & Sea Salt Jo London,وود ساج آند سي سولت,4.22,2.3,1.9,2014,660,عطر وود ساج آند سي سولت,Wood Sage & Sea Salt Jo London
3063,Demeter,ديمتير,baby powder Fragrance,ديميتر بيبي بودر,3.91,2.4,2.4,,60,عطر ديميتر بيبي بودر,baby powder Fragrance
3064,Clinique,كلينيك,Happy,هابي,3.56,2.9,2.6,1998,7,عطر هابي,Happy
3065,Etat,ايتات ليبر دي اورانج,Chet,ايتا ليبري أي آم تراش,3.76,2.7,2.4,2018,500,عطر ايتا ليبري أي آم تراش,Chet
3066,jar,رامون بيجار,Holy Oud Ramon Bejar,هولي عود,3.76,2.7,2.4,2023,2000,عطر هولي عود,Holy Oud Ramon Bejar
3067,jar,رامون بيجار,Oud Ramon Bejar,هولي عود,3.76,2.7,2.4,2023,30,عطر هولي عود,Oud Ramon Bejar
3068,Amado,امادو,Desirable,ديسيرابل من أمادو,3.25,3.3,2.8,2020,17,عطر ديسيرابل من أمادو,Desirable
3069,Givenchy,جيفنشي,Dahlia Divin Eau Initiale,داليا ديفين ايو انيشيال,3.2,3.2,3,2018,350,عطر داليا ديفين ايو انيشيال,Dahlia Divin Eau Initiale
3070,Prada,برادا,Luna Rossa Eau Sport,لونا روسا سبورت,3.5,2.8,2.8,2016,250,عطر لونا روسا سبورت,Luna Rossa Eau Sport
3071,Prada,برادا,Luna Rossa Sport,لونا روسا سبورت,3.5,2.8,2.8,2016,450,عطر لونا روسا سبورت,Luna Rossa Sport
3072,Gucci,قوتشي,Flora By Eau Fraiche,فلورا فريش النسائي,3.35,3,2.9,2011,210,عطر فلورا فريش النسائي,Flora By Eau Fraiche
3073,Gucci,قوتشي,Guilty Black,غيلتي بلاك النسائي,3.35,3,2.9,2013,380,عطر غيلتي بلاك النسائي,Guilty Black
3074,Prada,برادا,Candy Florale,كاندي فلورال,3.3,3.1,2.9,2014,340,عطر كاندي فلورال,Candy Florale
3075,Atelier Cologne,اتيليه كولون,Pomelo Paradis,أتيليه بوميلو بارادايس,4.05,2.3,2.2,2015,450,عطر أتيليه بوميلو بارادايس,Pomelo Paradis
3076,BDK Parfums,بي دي كي,Bouquet de Hongrie,بوكيه هونجري من,3.79,2.6,2.4,2016,500,عطر بوكيه هونجري من,Bouquet de Hongrie
3077,Bon Parfumeur,بون بارفيومور,Bergamote,بارفومير,3.89,2.7,2.1,2017,450,عطر بارفومير,Bergamote
3078,Ferrari,فيراري,Scuderia Racing Red,سكوديريا ريد,3.59,2.8,2.6,2013,175,عطر سكوديريا ريد,Scuderia Racing Red
3079,Essential,ايسينشيال بيرفيوم,Orange X Santal Parfums,أورانج سانتال,3.79,2.8,2.2,2018,280,عطر أورانج سانتال,Orange X Santal Parfums
3080,Tous,توس,Baby,بيبي خالي من الكحول,4.04,2.3,2.2,2007,185,عطر بيبي خالي من الكحول,Baby
3081,Tous,توس,Baby Pink Friends,بيبي بينك فريندس للاطفال,4.04,2.3,2.2,2007,200,عطر بيبي بينك فريندس للاطفال,Baby Pink Friends
3082,Guerlain,غيرلان,Aqua Allegoria Rosa Rossa,روزا روسا,3.88,2.4,2.4,2018,370,عطر روزا روسا,Aqua Allegoria Rosa Rossa
3083,Juliette HAG,جولييت,Musc Invisible Has A Gun,هاز اجن مسك انفيزابل,3.83,2.8,2.1,2020,480,عطر هاز اجن مسك انفيزابل,Musc Invisible Has A Gun
3084,MEMO PARIS,ميمو باريس,Corfu,كورفو,3.68,2.9,2.3,2021,550,عطر كورفو,Corfu
3085,Akro,اكرو,Malt by,مالت من أكرو,3.07,3.5,2.9,2018,385,عطر مالت من أكرو,Malt by
3086,Justin Bieber,جاستن بيبر,Someday,صام داي,3.62,2.7,2.6,2011,280,عطر صام داي,Someday
3087,Dior,كريستيان ديور,New Look 1947,نيو لوك من,3.22,3.3,2.8,2024,15,عطر نيو لوك من,New Look 1947
3088,Maison,مايسون فرانسيس كركدجيان,Lazy Sunday Morning Martin Margiela,ميزون مارجيلا ريبليكا ليزي صنداي مورنينج,3.82,2.8,2.1,2013,200,عطر ميزون مارجيلا ريبليكا ليزي صنداي مورنينج,Lazy Sunday Morning Martin Margiela
3089,Maison,مايسون فرانسيس كركدجيان,Lazy Sunday Morning Martin Margiela Lazy Sunday Morning Martin Margiela,ميزون مارجيلا ريبليكا ليزي صنداي مورنينج,3.82,2.8,2.1,2013,14,عطر ميزون مارجيلا ريبليكا ليزي صنداي مورنينج,Lazy Sunday Morning Martin Margiela Lazy Sunday Morning Martin Margiela
3090,Mercedes Benz,مرسيدس بنز,- Land -,لاند,3.52,3,2.5,2023,240,عطر لاند,- Land -
3091,Jo Malone,جو مالون,Jo lime basil & mandarin,ليم باسيل أند ماندرين,3.66,2.8,2.4,1999,650,عطر ليم باسيل أند ماندرين,Jo lime basil & mandarin
3092,CnR Create,سي ان ار كريات,Leo,ليو الرجالي,3.46,2.9,2.7,2008,425,عطر ليو الرجالي,Leo
3093,El Ganso,الجنسو,El Like Son,لايك فاذر سون,3.96,2.5,2.1,2023,220,عطر لايك فاذر سون,El Like Son
3094,Amado,امادو,Vogue,فوج,3,4,2.5,2023,15,عطر فوج,Vogue
3095,Davidoff,دافيدوف,Champion,شامبيون,3.5,2.9,2.6,2010,160,عطر شامبيون,Champion
3096,Gucci,قوتشي,By,باي النسائي البني,3.45,2.8,2.8,2008,350,عطر باي النسائي البني,By
3097,John Varvatos,جون فارفاتوس,Artisan,فرفتوس أرتيسان,3.95,2.4,2.2,2009,295,عطر فرفتوس أرتيسان,Artisan
3098,Maison Crivelli,مايزون كريفيلي,Fleur Diamantine,فلور ديمانتين,3.55,2.9,2.5,2018,1000,عطر فلور ديمانتين,Fleur Diamantine
3099,inme In,انمي ان,In luck,لوك للسيدات,3.25,3.5,2.5,2023,220,عطر لوك للسيدات,In luck
3100,BDK Parfums,بي دي كي,Sel d'Argent,ارجينت,3.44,3.1,2.5,2020,665,عطر ارجينت,Sel d'Argent
3101,Demeter,ديمتير,PATCHOULI Fragrance,ديميتر باتشولي,3.69,2.7,2.4,,11,عطر ديميتر باتشولي,PATCHOULI Fragrance
3102,Maison Crivelli,مايزون كريفيلي,Citrus Batikanga,سيتروس باتيكانغا,3.59,2.9,2.4,2019,750,عطر سيتروس باتيكانغا,Citrus Batikanga
3103,ATELIER DES ORS,اتيليه دي اورس,Villa Primerose,ديس فيلا بريمروز,3.58,2.9,2.4,2024,240,عطر ديس فيلا بريمروز,Villa Primerose
3104,Acqua Di Parma,اكوا دي بارما,di Blu Mediterraneo Bergamotto di Calabria di unisex,بلو ميديتيرانيو برجاموتو كالابريا,4.13,2.2,2,2010,14,عطر بلو ميديتيرانيو برجاموتو كالابريا,di Blu Mediterraneo Bergamotto di Calabria di unisex
3105,Chopard,شوبارد,Happy Lemon Dulci,هابي ليمون دولتشي,3.83,2.5,2.3,2018,200,عطر هابي ليمون دولتشي,Happy Lemon Dulci
3106,Essential,ايسينشيال بيرفيوم,Mon Vetiver Parfums,مون فيتيفر,3.73,2.8,2.2,2018,400,عطر مون فيتيفر,Mon Vetiver Parfums
3107,House of Oud,هاوس اوف عود,Eau,وابيسابي من ذا,3.38,3.1,2.6,2023,660,عطر وابيسابي من ذا,Eau
3108,Calvin Klein,كالفن كلاين,CK One,كالفين سي كيه ون,3.82,2.6,2.2,1994,185,عطر كالفين سي كيه ون,CK One
3109,Demeter,ديمتير,Fresh Brewed Coffee Fragrance,ديميتر القهوة الطازجة,4.22,1.9,2.1,2013,60,عطر ديميتر القهوة الطازجة,Fresh Brewed Coffee Fragrance
3110,Jo Malone,جو مالون,Wild Bluebell Jo London,وايلد بلوبيل,3.97,2.4,2.1,2011,600,عطر وايلد بلوبيل,Wild Bluebell Jo London
3111,Calvin Klein,كالفن كلاين,CK One Red Edition,كالفين سي كيه ون ريد إيديشن,3.66,2.6,2.5,2014,195,عطر كالفين سي كيه ون ريد إيديشن,CK One Red Edition
3112,Tous,توس,Love Me,لوف مي,3.7,2.7,2.3,2020,270,عطر لوف مي,Love Me
3113,Juliette HAG,جولييت,Not A Has A Gun,هاز اجن نوت اي بيرفيوم,3.75,2.9,2,2010,11,عطر هاز اجن نوت اي بيرفيوم,Not A Has A Gun
3114,CnR Create,سي ان ار كريات,Scorpio,سكوربيو الرجالي,3.85,3.5,1.2,2008,425,عطر سكوربيو الرجالي,Scorpio
3115,Imaginaires,ليكويد اماجينيرز,Tumultu Les Liquides,تومولتو,3.55,2.8,2.5,,550,عطر تومولتو,Tumultu Les Liquides
3116,Valentino,فالنتينو,Valentina Acqua Floreale,فالنتينا اكوا فلوريل,3.3,3,2.8,2013,310,عطر فالنتينا اكوا فلوريل,Valentina Acqua Floreale
3117,Issey Miyake,ايسي مياكي,L'Eau d' pour Homme Solar Lavender,سولر لافندر,3.79,2.7,2.1,2024,300,عطر سولر لافندر,L'Eau d' pour Homme Solar Lavender
3118,Parfums de Marly,مارلي,Palatine,بلاتين,3.64,2.8,2.3,2024,255,عطر بلاتين,Palatine
3119,Chopard,شوبارد,Wish Pink,ويش بنك,3.63,2.5,2.6,2005,150,عطر ويش بنك,Wish Pink
3120,Demeter,ديمتير,Pure Soap Fragrance,ديميتر بيور سوب,3.78,2.4,2.4,2009,60,عطر ديميتر بيور سوب,Pure Soap Fragrance
3121,Calvin Klein,كالفن كلاين,Sheer Beauty,كالفين سي كيه شير بيوتي,3.77,2.5,2.3,2012,160,عطر كالفين سي كيه شير بيوتي,Sheer Beauty
3122,Juliette HAG,جولييت,Lipstick Fever Has A Gun,هاز اجن ليبستيك فيفير,3.52,2.8,2.5,2020,320,عطر هاز اجن ليبستيك فيفير,Lipstick Fever Has A Gun
3123,El Ganso,الجنسو,El Senorita Mon Amour,سينوريتا مون امور,3.51,2.9,2.4,2022,230,عطر سينوريتا مون امور,El Senorita Mon Amour
3124,Hugo Boss,هوغو بوس,Pure,بيور الرجالي,3.25,3,2.8,2006,150,عطر بيور الرجالي,Pure
3125,Prudence Paris,برودنس باريس,Petr,بيتر,3,3.3,3,2015,290,عطر بيتر,Petr
3126,Davidoff,دافيدوف,The Brilliant Game,بريليانت ذا غيم,3,3.2,3.1,2014,160,عطر بريليانت ذا غيم,The Brilliant Game
3127,Tory Burch,توري بورش,Electric Sky,اليكتريك سكاي,3.85,2.5,2.1,2022,550,عطر اليكتريك سكاي,Electric Sky
3128,Tom Daxon,توم داكسون,Reverie,ريفيري,3.64,2.5,2.5,2013,500,عطر ريفيري,Reverie
3129,Giardini,جاردن دي توسكانا,Rosso Radice di Toscana,جيارديني روسو راديكا,3.28,3.1,2.6,,230,عطر جيارديني روسو راديكا,Rosso Radice di Toscana
3130,Ferrari,فيراري,Scuderia Black,سكوديريا بلاك,3.78,2.5,2.2,2013,175,عطر سكوديريا بلاك,Scuderia Black
3131,Giardini,جاردن دي توسكانا,Colonia Nobile di Toscana,جيارديني نوبيل,3.62,2.8,2.2,2023,16,عطر جيارديني نوبيل,Colonia Nobile di Toscana
3132,Vilhelm,فيلهلم,Don't Tell Jasmine Parfumerie,لا تخبر الياسمين,3.16,3,2.9,2017,175,عطر لا تخبر الياسمين,Don't Tell Jasmine Parfumerie
3133,Diesel,ديزل,Spirit Of The Brave,سبيريت أوف ذا بريف,3.51,2.7,2.5,2019,340,عطر سبيريت أوف ذا بريف,Spirit Of The Brave
3134,Estee Lauder,استي لودر,Beautiful Magnolia,پيوتيفل ماغنوليا,3.71,2.6,2.2,2021,420,عطر پيوتيفل ماغنوليا,Beautiful Magnolia
3135,Maison Crivelli,مايزون كريفيلي,Absinthe Boreale,ابسنث بوريالي,3.61,2.8,2.2,2019,1000,عطر ابسنث بوريالي,Absinthe Boreale
3136,Davidoff,دافيدوف,Echo,ايكو الرجالي الفضي,3.15,3,2.9,2003,160,عطر ايكو الرجالي الفضي,Echo
3137,Giardini,جاردن دي توسكانا,Shabby Chic Di Toscana,جيارديني شابي شيك,3.55,2.8,2.3,,230,عطر جيارديني شابي شيك,Shabby Chic Di Toscana
3138,Moschino,موسكينو,Toy 2 Bubble Gum,بابل جام,3.62,2.6,2.3,2021,330,عطر بابل جام,Toy 2 Bubble Gum
3139,Organ Tale,اورجان تيل,Printemps,برنتومبس,3.42,3.1,2.2,2024,479,عطر برنتومبس,Printemps
3140,Atelier Cologne,اتيليه كولون,Oolang Infini,أتيليه أولانج إنفيني,3.86,2.4,2,2011,450,عطر أتيليه أولانج إنفيني,Oolang Infini
3141,Olfattivo,لابوراتوريو,need u Laboratorio,نید يو ادو بارفیوم,3.76,2.5,2.1,2018,190,عطر نید يو ادو بارفیوم,need u Laboratorio
3142,inme In,انمي ان,In Contrast,كونترس,3.75,2.3,2.3,2023,220,عطر كونترس,In Contrast
3143,Davidoff,دافيدوف,The Game,ذا غيم الرجالي,3.1,3,2.9,2013,170,عطر ذا غيم الرجالي,The Game
3144,Donna Karan,دونا كاران,DKNY Be Delicious,كيه ان واي بي ديليشس,3.35,2.8,2.6,2009,215,عطر كيه ان واي بي ديليشس,DKNY Be Delicious
3145,inme In,انمي ان,In Abundance,ابانديس,3.6,3,1.9,2023,10,عطر ابانديس,In Abundance
3146,CnR Create,سي ان ار كريات,Cancer,كانسر الرجالي,2.89,2.5,3.8,2008,425,عطر كانسر الرجالي,Cancer
3147,Elizabeth Arden,اليزابيث اردن,Green Tea Tropical,إليزابيث أردن جرين تي تروبيكال,3.68,2.4,2.3,2007,115,عطر إليزابيث أردن جرين تي تروبيكال,Green Tea Tropical
3148,inme In,انمي ان,In Gear,قيرد,3.33,2.6,2.8,2023,220,عطر قيرد,In Gear
3149,Giardini,جاردن دي توسكانا,Scintilla di Toscana,سانتيال جيارديني,3.32,3,2.4,2023,650,عطر سانتيال جيارديني,Scintilla di Toscana
3150,inme In,انمي ان,In Bloom,بلوم للسيدات,3.57,2.8,2.1,2023,220,عطر بلوم للسيدات,In Bloom
3151,Demeter,ديمتير,Linen Fragrance,ديميتر لينين,3.66,2.3,2.4,2015,60,عطر ديميتر لينين,Linen Fragrance
3152,Amado,امادو,Persuasive,برسويسف انتنس,3.75,2,2.5,2026,500,عطر برسويسف انتنس,Persuasive
3153,Issey Miyake,ايسي مياكي,L’Eau D’ Eau & Cedre Intense 100m,ليو دايسي ايو اند سيدار انتنس,3.75,2.6,1.9,2022,350,عطر ليو دايسي ايو اند سيدار انتنس,L’Eau D’ Eau & Cedre Intense 100m
3154,Yves Saint Laur,ايف سان لوران,Laurent Kouros Silver,كوروس سلفر,2.7,3.4,3.2,2015,350,عطر كوروس سلفر,Laurent Kouros Silver
3155,Etat,ايتات ليبر دي اورانج,She Was An Anomaly Libre d'Orange and men,ايتا ليبري شي واز ان انملي,3.69,2.7,1.9,2019,500,عطر ايتا ليبري شي واز ان انملي,She Was An Anomaly Libre d'Orange and men
3156,Calvin Klein,كالفن كلاين,CK be,كالفين سي كيه بي,3.82,2.4,1.9,1996,185,عطر كالفين سي كيه بي,CK be
3157,Alghabra,الغبرا,Peruvian Tobacco,بيروفيان توباكو اكسترايت,3.56,2.6,2.2,2024,520,عطر بيروفيان توباكو اكسترايت,Peruvian Tobacco
3158,BVLGARI,بولغاري,Blv II,بلو النسائي,3.25,2.8,2.6,2009,190,عطر بلو النسائي,Blv II
3159,Cartier,كارتير,Roadster Sport,رودستر سبورت,3.2,3,2.4,2009,265,عطر رودستر سبورت,Roadster Sport
3160,Gucci,قوتشي,Premiere,بريمير النسائي,3.1,3,2.6,2012,280,عطر بريمير النسائي,Premiere
3161,inme In,انمي ان,In,طقم عينات,3.33,3,2.1,2023,60,عطر طقم عينات,In
3162,inme In,انمي ان,In Tune,تون,3.33,3,2.1,2023,220,عطر تون,In Tune
3163,Dolce Gabbana,دولتشي غابانا,& Floral Drops,دولسي وردة فلورال دوربز,3.25,2.6,2.6,2015,330,عطر دولسي وردة فلورال دوربز,& Floral Drops
3164,Organ Tale,اورجان تيل,Devenir,ديفنيير,3.59,2.5,2,2024,521,عطر ديفنيير,Devenir
3165,Calvin Klein,كالفن كلاين,Defy,كالفين ديفي,3.38,2.7,2.2,2021,350,عطر كالفين ديفي,Defy
3166,El Ganso,الجنسو,El Sunday Mood Men's,صان داي مود الرجالي,3.58,2.6,1.9,2023,260,عطر صان داي مود الرجالي,El Sunday Mood Men's
3167,Tom Daxon,توم داكسون,Vsop,فسوب,3.36,2.4,2.5,2013,10,عطر فسوب,Vsop
3168,Amado,امادو,Epic Desert,ايبك ديسرت,3.5,2.7,1.9,2023,635,عطر ايبك ديسرت,Epic Desert
3169,Juliette HAG,جولييت,Has a Gun Liquid Illusion,هاز اجن لكيود اليوجن,3.27,,5,2026,15,عطر هاز اجن لكيود اليوجن,Has a Gun Liquid Illusion
3170,Robert Piguet,روبرت بيغيه,Al Ombre,بيجيه العلا,3.12,2.8,2.5,2024,650,عطر بيجيه العلا,Al Ombre
3171,Givenchy,جيفنشي,Very Irresistible Electric Rose,فيري ارزيستيبل الكتريك روز,2.95,2.8,2.8,2012,330,عطر فيري ارزيستيبل الكتريك روز,Very Irresistible Electric Rose
3172,Gucci,قوتشي,Flora by,فلورا,2.9,2.9,2.8,2009,420,عطر فلورا,Flora by
3173,jar,رامون بيجار,Intimo Carisma Ramon Bejar,انتيمو كاريزما,3,3,2.5,2025,1300,عطر انتيمو كاريزما,Intimo Carisma Ramon Bejar
3174,Dolce Gabbana,دولتشي غابانا,& The One Sport,ذا ون سبورت,3.48,2.4,2.1,2012,225,عطر ذا ون سبورت,& The One Sport
3175,BYREDO,بيريدو,Rose Of No Man's Land Hair,روز أوف نو مانز لاند,3.7,2.1,1.9,,340,عطر روز أوف نو مانز لاند,Rose Of No Man's Land Hair
3176,Hugo Boss,هوغو بوس,Orange Sunset,اورانج صنسيت النسائي,2.9,3,2.6,2010,190,عطر اورانج صنسيت النسائي,Orange Sunset
3177,Hugo Boss,هوغو بوس,Nuit Pour Femme,نوت النسائي,3.1,2.6,2.5,2012,210,عطر نوت النسائي,Nuit Pour Femme
3178,Yves Saint Laur,ايف سان لوران,Laurent L'Homme Bleue,ال هوم كولجن بليو,3,2.7,2.6,2018,250,عطر ال هوم كولجن بليو,Laurent L'Homme Bleue
3179,CnR Create,سي ان ار كريات,Libra,ليبرا الرجالي,2.78,2.5,3.2,2008,425,عطر ليبرا الرجالي,Libra
3180,Olfattivo,لابوراتوريو,Bargamotto - Labratorio Olfattiv,برغموتو,3.67,2,1.8,2021,190,عطر برغموتو,Bargamotto - Labratorio Olfattiv
3181,CnR Create,سي ان ار كريات,Aries,اريس الرجالي,3.42,2,2.2,2008,425,عطر اريس الرجالي,Aries
3182,Amado,امادو,Amber Royal,عنبر رويال,3.08,2.6,2.2,2017,240,عطر عنبر رويال,Amber Royal
3183,Demeter,ديمتير,FROZEN MARGARITA Fragrance,ديميتر فروزن مارجريتا,3.38,1.7,2.5,,11,عطر ديميتر فروزن مارجريتا,FROZEN MARGARITA Fragrance
3184,Juliette HAG,جولييت,Oil Fiction Has A Gun,هاز اجن اويل فيكشن,2.12,4,2.5,2026,415,عطر هاز اجن اويل فيكشن,Oil Fiction Has A Gun
3185,Amado,امادو,Nuit de Rave,نوي ريف,3,2,2.5,2023,270,عطر نوي ريف,Nuit de Rave
3186,CnR Create,سي ان ار كريات,Gemini,جيمناي الرجالي,2.83,2.3,2.5,2010,425,عطر جيمناي الرجالي,Gemini
3187,Amado,امادو,Spice Tobacco,سبايس توباكو,3.25,2,1.9,2023,400,عطر سبايس توباكو,Spice Tobacco
3188,Lola Mood,لولا مود,Red Carpet Attitude Jennifer,ريد كاربت اتيتيود جنيفر,,5,5,2013,300,عطر ريد كاربت اتيتيود جنيفر,Red Carpet Attitude Jennifer
3189,Amado,امادو,Professor,بروفيسور,2.88,2,2.2,2023,550,عطر بروفيسور,Professor
3190,Dior,كريستيان ديور,Sauvage Eau Forte,سوفاج فروتي,2.44,2.7,2.1,2024,15,عطر سوفاج فروتي,Sauvage Eau Forte
3191,Hugo Boss,هوغو بوس,Jour Pour Femme,جور,2.65,2.2,2.1,2013,150,عطر جور,Jour Pour Femme
3192,Givenchy,جيفنشي,Dahlia Divin Le Nectar Collector Edition Intense,داليا ديفين كوليكتور ايديشن انتنس,4.45,,,,370,عطر داليا ديفين كوليكتور ايديشن انتنس,Dahlia Divin Le Nectar Collector Edition Intense
3193,AMOUAGE,امواج,mouage Jubilation XXV,جوبليشن الرجالي,4.38,,,,1100,عطر جوبليشن الرجالي,mouage Jubilation XXV
3194,YSL,ايف سان لوران,Yves Saint Laurent M7 Oud Absolu,عود ابسولو,4.31,,,,395,عطر عود ابسولو,Yves Saint Laurent M7 Oud Absolu
3195,Givenchy,جيفنشي,Gentleman White,جنتلمان الابيض,4.27,,,,320,عطر جنتلمان الابيض,Gentleman White
3196,Lancome,لانكوم,Oud Bouquet,,4.26,,,,650,,Oud Bouquet
3197,Van Cleef,فان كليف اند اربلز,Iris Parfum,,4.25,,,,445,,Iris Parfum
3198,Chanel,شانيل,N.22,نمبر,4.24,,,,930,عطر نمبر,N.22
3199,Versace,فرزاتشي,Pour Homme Oud Noir Eau de Parfume,عود نوار الاسود الرجالي,4.21,,,,380,عطر عود نوار الاسود الرجالي,Pour Homme Oud Noir Eau de Parfume
3200,Lancome,لانكوم,Parfait De Roses,,4.2,,,,620,,Parfait De Roses
3201,Van Cleef,فان كليف اند اربلز,& Arpels Collection Extraordinaire California Reverie Parfum,,4.16,,,,520,,& Arpels Collection Extraordinaire California Reverie Parfum
3202,Coach,كوتش,New York Platinum,نيويورك بلاتينيوم,4.14,,,,250,عطر نيويورك بلاتينيوم,New York Platinum
3203,Coach,كوتش,New York,نيويورك الرجالي,4.13,,,,250,عطر نيويورك الرجالي,New York
3204,Davidoff,دافيدوف,Cool Water Sea Rose Pacific Summer Edition de Toilette,كول ووتر سي روز باسيفيك ايديشن النسائي,4.12,,,,290,عطر كول ووتر سي روز باسيفيك ايديشن النسائي,Cool Water Sea Rose Pacific Summer Edition de Toilette
3205,Paco Rabanne,باكو رابان,a Onyx Collector Edition,اولمبيا اونيكس كولكتور اديشن,4.12,,,,320,عطر اولمبيا اونيكس كولكتور اديشن,a Onyx Collector Edition
3206,Trussardi,تروساردي,Donna Intense,دونا انتنس,4.12,,,,295,عطر دونا انتنس,Donna Intense
3207,Van Cleef,فان كليف اند اربلز,& Arpels Collection Extraordinaire Rose Rouge,,4.12,,,,490,,& Arpels Collection Extraordinaire Rose Rouge
3208,Paco Rabanne,باكو رابان,Invictus Onyx Collector Edition,انفكتوس اونيكس كولكتر ايديشن,4.11,,,,320,عطر انفكتوس اونيكس كولكتر ايديشن,Invictus Onyx Collector Edition
3209,Parfums de Marly,مارلي,Delina Exclusif Parfum,ديلينا اكسكلوسيف,4.11,,,,830,عطر ديلينا اكسكلوسيف,Delina Exclusif Parfum
3210,Lalique,لاليك,White Pour Homme,اميثيست,4.08,,,,190,عطر اميثيست,White Pour Homme
3211,Hermes,هيرمس,Jour d' Absolu,جور ابسولو,4.07,,,,460,عطر جور ابسولو,Jour d' Absolu
3212,Mancera,مانسيرا,Gold Intensive Aoud,قولد انتنسف عود,4.07,,,,350,عطر قولد انتنسف عود,Gold Intensive Aoud
3213,Carolina Herrera,كارولينا,212 VIP Rose,هيريرا روز,4.05,,,,280,عطر هيريرا روز,212 VIP Rose
3214,Giorgio Armani,ارماني,Mes,اروميس,4.05,,,,520,عطر اروميس,Mes
3215,Lancome,لانكوم,L’Autre Oud,,4.05,,,,620,,L’Autre Oud
3216,Carolina Herrera,كارولينا,Good Girl Dot Drama,هيريرا قود غيرل دوت دراما,4.04,,,,380,عطر هيريرا قود غيرل دوت دراما,Good Girl Dot Drama
3217,Giorgio Armani,ارماني,Si Rose Signature,روز سيقنتشير,4.02,,,,450,عطر روز سيقنتشير,Si Rose Signature
3218,Lancome,لانكوم,Roses Berberanza,,4.02,,,,620,,Roses Berberanza
3219,NarcisoRodriguez,نرسيسو رودريغز,Narciso Rodriguez Oud Musc Intense,نارسيسو عود مسك انتنس,3.99,,,,440,عطر نارسيسو عود مسك انتنس,Narciso Rodriguez Oud Musc Intense
3220,Coach,كوتش,New York Floral,نيويورك فلورال,3.98,,,,250,عطر نيويورك فلورال,New York Floral
3221,Carolina Herrera,كارولينا,212 VIP Party Fever Limited Edition,هيريرا بارتي فيفر ليميتد ايديشن النسائي,3.97,,,,350,عطر هيريرا بارتي فيفر ليميتد ايديشن النسائي,212 VIP Party Fever Limited Edition
3222,Carolina Herrera,كارولينا,CH Limited Edition,هيريرا ليميتد ايديشن النسائي,3.94,,,,370,عطر هيريرا ليميتد ايديشن النسائي,CH Limited Edition
3223,Coach,كوتش,New York Blue,نيويورك بلو الرجالي,3.94,,,,250,عطر نيويورك بلو الرجالي,New York Blue
3224,Coach,كوتش,New York Dreams,دريمز,3.94,,,,290,عطر دريمز,New York Dreams
3225,Gucci,قوتشي,Bloom Ambrosia di Fiori Intense,بلوم امبروسيا فيوري انتنس,3.94,,,,345,عطر بلوم امبروسيا فيوري انتنس,Bloom Ambrosia di Fiori Intense
3226,Hugo Boss,هوغو بوس,No.1,نمبر ون كلاسيك الرجالي,3.94,,,,210,عطر نمبر ون كلاسيك الرجالي,No.1
3227,Giorgio Armani,ارماني,Acqua Di Gioia,اكوا جيو النسائي,3.93,,,,450,عطر اكوا جيو النسائي,Acqua Di Gioia
3228,Mancera,مانسيرا,Roses Aoud & Musk,روز عود مسك,3.92,,,,350,عطر روز عود مسك,Roses Aoud & Musk
3229,Paco Rabanne,باكو رابان,Black XS Parfum,بلاك اكس اس النسائي,3.92,,,,290,عطر بلاك اكس اس النسائي,Black XS Parfum
3230,Carolina Herrera,كارولينا,CH Privee,هيريرا برايفي النسائي,3.91,,,,310,عطر هيريرا برايفي النسائي,CH Privee
3231,Amado,امادو,Pure Saffron,بيور سافرون,,4,3.8,2023,635,عطر بيور سافرون,Pure Saffron
3232,Paco Rabanne,باكو رابان,Ultraviolet,الترا فيوليت الموف النسائي,3.9,,,,220,عطر الترا فيوليت الموف النسائي,Ultraviolet
3233,Coach,كوتش,New York Floral Blush,نيويورك فلورال بلش,3.89,,,,280,عطر نيويورك فلورال بلش,New York Floral Blush
3234,Davidoff,دافيدوف,Cool Water Sea Rose de Toilette,كول ووتر سي روز النسائي,3.86,,,,190,عطر كول ووتر سي روز النسائي,Cool Water Sea Rose de Toilette
3235,Mancera,مانسيرا,Oud Line,عود لاين,3.84,,,,360,عطر عود لاين,Oud Line
3236,Dolce Gabbana,دولتشي غابانا,& Inteso,انتيسو الرجالي,3.83,,,,300,عطر انتيسو الرجالي,& Inteso
3237,Dior,كريستيان ديور,Joy by Intense,جوي انتنس,3.82,,,,590,عطر جوي انتنس,Joy by Intense
3238,Giorgio Armani,ارماني,Passione,باشن,3.82,,,,460,عطر باشن,Passione
3239,Carolina Herrera,كارولينا,CH L'Eau,هيريرا ليو,3.81,,,,310,عطر هيريرا ليو,CH L'Eau
3240,Mancera,مانسيرا,Black Intensive Aoud,بلاك انتنسف عود,3.77,,,,350,عطر بلاك انتنسف عود,Black Intensive Aoud
3241,AMOUAGE,امواج,Reflection,رفلكشن النسائي,3.73,,,,30,عطر رفلكشن النسائي,Reflection
3242,Hermes,هيرمس,s Eau Poivree,تويلي ايو بويفيري,3.72,,,,430,عطر تويلي ايو بويفيري,s Eau Poivree
3243,MEMO PARIS,ميمو باريس,Morrocan Leather,موروكان ليذر اوديو,3.7,,,,650,عطر موروكان ليذر اوديو,Morrocan Leather
3244,Dolce Gabbana,دولتشي غابانا,& K,,3.66,,,,290,,& K
3245,Paradis,باردايس,MEMORIES,اوشال ميموريس برديس,3.5,,,2024,432,عطر اوشال ميموريس برديس,MEMORIES
3246,Mancera,مانسيرا,Aoud S,عود,3.49,,,,360,عطر عود,Aoud S
3247,The Woods,ذا وودز كوليكشن,Dancing Leaves Collection,وود كولكشن دانسينج ليفز,3.15,,,2016,10,عطر وود كولكشن دانسينج ليفز,Dancing Leaves Collection
3248,Givenchy,جيفنشي,Cieux,سونج بريسيو,3.05,,,2017,200,عطر سونج بريسيو,Cieux
3249,AMOUAGE,امواج,Men Discovery Set,أمواج الرجالية أشهر عطور رجالية من الدار,,,,,79,عطر أمواج الرجالية أشهر عطور رجالية من الدار,Men Discovery Set
3250,AMOUAGE,امواج,Secret Garden Miniature Set,عطور ميني بوكس لوف سكرت جاردن,,,,,465,عطر عطور ميني بوكس لوف سكرت جاردن,Secret Garden Miniature Set
3251,AMOUAGE,امواج,The Library Collection Opus III,اوبس الثالث,,,,,730,عطر اوبس الثالث,The Library Collection Opus III
3252,AMOUAGE,امواج,Women Discovery Set,أمواج النسائية أشهر عطور نسائية من الدار,,,,,81,عطر أمواج النسائية أشهر عطور نسائية من الدار,Women Discovery Set
3253,Alghabra,الغبرا,Discovery Set,ديسكفري من,,,,,320,عطر ديسكفري من,Discovery Set
3254,Alghabra,الغبرا,Jamaican Tobacco Parfums,جامايكان توباكو,,,,,800,عطر جامايكان توباكو,Jamaican Tobacco Parfums
3255,Atelier Cologne,اتيليه كولون,Love Osmanthus and men,اتيلير اوسمانثوس,,,,,550,عطر اتيلير اوسمانثوس,Love Osmanthus and men
3256,BDK Parfums,بي دي كي,Discovery Set,أشهر عطور من الدار,,,,,77,عطر أشهر عطور من الدار,Discovery Set
3257,BVLGARI,بولغاري,Eau Parfumee Au The Blue,ايو بارفيومي يو ذا بلو كوليجن,,,,,350,عطر ايو بارفيومي يو ذا بلو كوليجن,Eau Parfumee Au The Blue
3258,BVLGARI,بولغاري,Gemme Lillaia,لو جيم ليلايا,,,,,600,عطر لو جيم ليلايا,Gemme Lillaia
3259,BYREDO,بيريدو,Icons Discovery Set,أيقونات أشهر عطور من الدار,,,,,80,عطر أيقونات أشهر عطور من الدار,Icons Discovery Set
3260,Boucheron,بوشرون,Quater Pour Homme Intense,كواتر انتنس,,,,,180,عطر كواتر انتنس,Quater Pour Homme Intense
3261,Boucheron,بوشرون,u de Parfum,مس ِِِ,,,,,200,عطر مس ِِِ,u de Parfum
3262,Burberry,بربري,My Black Limited Edition,ماي بلاك ليميتد ايديشن,,,,,300,عطر ماي بلاك ليميتد ايديشن,My Black Limited Edition
3263,Burberry,بربري,My Limited Edition,ماي ليميتد إيديشن,,,,,250,عطر ماي ليميتد إيديشن,My Limited Edition
3264,CREED,كريد,Icons Discovery Set,أيقونات أشهر عطور من الدار,,,,,88,عطر أيقونات أشهر عطور من الدار,Icons Discovery Set
3265,Carolina Herra,كارولينا هيريرا,Herrera 212 VIP Black Extra Limted Edition,بلاك ليميتد ايديشن الرجالي,,,,,360,عطر بلاك ليميتد ايديشن الرجالي,Herrera 212 VIP Black Extra Limted Edition
3266,Carolina Herra,كارولينا هيريرا,Herrera 212 VIP Men Party Fever Limited Edition,بارتي فيفر ليميتد ايديشن الرجالي,,,,,360,عطر بارتي فيفر ليميتد ايديشن الرجالي,Herrera 212 VIP Men Party Fever Limited Edition
3267,Carolina Herra,كارولينا هيريرا,Herrera CH Kings Limited Edition,كينجز ليميتد ايديشن الرجالي,,,,,390,عطر كينجز ليميتد ايديشن الرجالي,Herrera CH Kings Limited Edition
3268,Carolina Herra,كارولينا هيريرا,Herrera CH Limited Edition,ليميتد ايديشن الرجالي,,,,2012,420,عطر ليميتد ايديشن الرجالي,Herrera CH Limited Edition
3269,Carolina Herra,كارولينا هيريرا,Herrera CH Queens Limited Edition,كوينز ليميتد ايديشن النسائي,,,,,300,عطر كوينز ليميتد ايديشن النسائي,Herrera CH Queens Limited Edition
3270,Carolina Herra,كارولينا هيريرا,Herrera Good Girl Collector Edition Parfum,قود غيرل كوليكتور اديشن,,,,,400,عطر قود غيرل كوليكتور اديشن,Herrera Good Girl Collector Edition Parfum
3271,Carolina Herra,كارولينا هيريرا,Herrera Good Girl Velvet Fatale Parfum,قود غيرل فلفيت فاتال,,,,,400,عطر قود غيرل فلفيت فاتال,Herrera Good Girl Velvet Fatale Parfum
3272,Carolina Herra,كارولينا هيريرا,Herrera VIP 212 Wild Party Toilette,وايلد بارتي الفضي,,,,,320,عطر وايلد بارتي الفضي,Herrera VIP 212 Wild Party Toilette
3273,Carolina Herra,كارولينا هيريرا,Herrera VIP Woman Club Edition,كلوب اديشن النسائي,,,,,360,عطر كلوب اديشن النسائي,Herrera VIP Woman Club Edition
3274,Cartier,كارتير,Baiser Vole Lys Rose Fraiche,بيزى فوليه لي روز فريش,,,,,250,عطر بيزى فوليه لي روز فريش,Baiser Vole Lys Rose Fraiche
3275,Chanel,شانيل,Chance Eau Tendre Hair,شانس تندر للشعر,,,,,320,عطر شانس تندر للشعر,Chance Eau Tendre Hair
3276,Chanel,شانيل,Coco Mademoiselle Hair Mist,كوكو مودموزيل فريش للشعر,,,,,340,عطر كوكو مودموزيل فريش للشعر,Coco Mademoiselle Hair Mist
3277,Chanel,شانيل,Men Discovery Set,الرجالية أشهر عطور رجالية من الدار,,,,,72,عطر الرجالية أشهر عطور رجالية من الدار,Men Discovery Set
3278,Chanel,شانيل,No 5 Hair Mist,رذاذ للشعر,,,,,350,عطر رذاذ للشعر,No 5 Hair Mist
3279,Chanel,شانيل,No.5 Leau,نمبر ليو,,,,,450,عطر نمبر ليو,No.5 Leau
3280,Chanel,شانيل,e Eau Pour La Nuit,كوكو مودموزيل ليو برايف,,,,,630,عطر كوكو مودموزيل ليو برايف,e Eau Pour La Nuit
3281,Chloe,كلوي,Fleur,ربطة فلور,,,,,290,عطر ربطة فلور,Fleur
3282,Chloe,كلوي,See By,سي باي,,,,,360,عطر سي باي,See By
3283,Dior,كريستيان ديور,Discovery Set,المميزة أشهر عطور من الدار,,,,,73,عطر المميزة أشهر عطور من الدار,Discovery Set
3284,Dior,كريستيان ديور,Doir Miss Rose N ’ Roses,مس روز ني,,,,,475,عطر مس روز ني,Doir Miss Rose N ’ Roses
3285,Dior,كريستيان ديور,Doir Poison,بويزن الاخضر,,,,,460,عطر بويزن الاخضر,Doir Poison
3286,Dior,كريستيان ديور,Joy by,جوي,,,,,590,عطر جوي,Joy by
3287,Dior,كريستيان ديور,Sauvage Very Cool Fresh,سوفاج فيري كول فريش,,,,,450,عطر سوفاج فيري كول فريش,Sauvage Very Cool Fresh
3288,Diptyque,ديبتيك,Discovery Set,أشهر عطور من الدار,,,,,83,عطر أشهر عطور من الدار,Discovery Set
3289,Dolce Gabbana,دولتشي غابانا,&,الاحمر النسائي كلاسيك,,,,,280,عطر الاحمر النسائي كلاسيك,&
3290,Dolce Gabbana,دولتشي غابانا,& The One Collector Eua de Parfum,ذا ون كلكتر الاحمر النسائي,,,,,260,عطر ذا ون كلكتر الاحمر النسائي,& The One Collector Eua de Parfum
3291,ELIE SAAB,ايلي ساب,Cuir Absolu Essence de Parfum,صعب كيور ابسولو ايسنس,,,,,420,عطر صعب كيور ابسولو ايسنس,Cuir Absolu Essence de Parfum
3292,ELIE SAAB,ايلي ساب,Cuir Patchouli Essence de Parfum,صعب كيور باتشولي ايسنس,,,,,420,عطر صعب كيور باتشولي ايسنس,Cuir Patchouli Essence de Parfum
3293,ELIE SAAB,ايلي ساب,Cuir Ylang Essence de Parfum,صعب كيور يلانج ايسنس,,,,,420,عطر صعب كيور يلانج ايسنس,Cuir Ylang Essence de Parfum
3294,ELIE SAAB,ايلي ساب,Essence No 1 Rose de Parfum,صعب ايسنس نمبر ون روز,,,,,390,عطر صعب ايسنس نمبر ون روز,Essence No 1 Rose de Parfum
3295,ELIE SAAB,ايلي ساب,Essence No 2 Gardenia de Parfum,صعب ايسنس نمبر غاردينيا,,,,,400,عطر صعب ايسنس نمبر غاردينيا,Essence No 2 Gardenia de Parfum
3296,ELIE SAAB,ايلي ساب,Essence No 6 Vetiver de Parfum,صعب ايسنس نمبر فتيفر,,,,,390,عطر صعب ايسنس نمبر فتيفر,Essence No 6 Vetiver de Parfum
3297,ELIE SAAB,ايلي ساب,Essence No. 10 Amande Tonka de Parfum,صعب ايسنس نمبر أماند تونكا,,,,,400,عطر صعب ايسنس نمبر أماند تونكا,Essence No. 10 Amande Tonka de Parfum
3298,ELIE SAAB,ايلي ساب,Essence No. 3 Ambre de Parfum,صعب ايسنس نمبر عنبر,,,,,400,عطر صعب ايسنس نمبر عنبر,Essence No. 3 Ambre de Parfum
3299,ELIE SAAB,ايلي ساب,Essence No. 7 Neroli de Parfum,صعب ايسنس نمبر نيرولي,,,,,400,عطر صعب ايسنس نمبر نيرولي,Essence No. 7 Neroli de Parfum
3300,ELIE SAAB,ايلي ساب,Essence No. 8 Santal de Parfum,صعب ايسنس نمبر سانتال,,,,,390,عطر صعب ايسنس نمبر سانتال,Essence No. 8 Santal de Parfum
3301,ELIE SAAB,ايلي ساب,Essence No. 9 Tuberose de Parfum,صعب ايسنس نمبر تيوبروز,,,,,400,عطر صعب ايسنس نمبر تيوبروز,Essence No. 9 Tuberose de Parfum
3302,FREDERIC MALLE,فريدريك مال,Discovery Set,أشهر عطور من الدار,,,,,117,عطر أشهر عطور من الدار,Discovery Set
3303,Floris,فلوريس,LONDON VIOLET CONCENTRATED MOUTHWASH,غسول للفم لندن فويلت كونسنتريتد,,,,1919,450,عطر غسول للفم لندن فويلت كونسنتريتد,LONDON VIOLET CONCENTRATED MOUTHWASH
3304,Floris,فلوريس,London Rose Concentrated Mouthwash,غسول للفم لندن روز كونسنتريتد,,,,,550,عطر غسول للفم لندن روز كونسنتريتد,London Rose Concentrated Mouthwash
3305,Francesca Bia,فرانشيسكا بيانكي,Bianchi Discovery Set,أعمق عطور من الدار,,,,,142,عطر أعمق عطور من الدار,Bianchi Discovery Set
3306,Giorgio Armani,ارماني,Air di Gioia,اير جويا النسائي,,,,,250,عطر اير جويا النسائي,Air di Gioia
3307,Giorgio Armani,ارماني,Aqua Di Gio Essenza,اكوا جيو اسينزا النسائي,,,,,250,عطر اكوا جيو اسينزا النسائي,Aqua Di Gio Essenza
3308,Giorgio Armani,ارماني,Emporio Diamonds Rockes Pour Homme,امبوريو دايموندز روكس الرجالي,,,,,250,عطر امبوريو دايموندز روكس الرجالي,Emporio Diamonds Rockes Pour Homme
3309,Giorgio Armani,ارماني,Light di Gioia,لايت جويا النسائي,,,,,250,عطر لايت جويا النسائي,Light di Gioia
3310,Giorgio Armani,ارماني,Men Discovery Set,أرماني الرجالية أشهر عطور من الدار,,,,,59,عطر أرماني الرجالية أشهر عطور من الدار,Men Discovery Set
3311,Giorgio Armani,ارماني,Nacre Edition,ناكر اديشن,,,,,250,عطر ناكر اديشن,Nacre Edition
3312,Giorgio Armani,ارماني,Ocean di Gioia,اوشين جويا النسائي,,,,,250,عطر اوشين جويا النسائي,Ocean di Gioia
3313,Giorgio Armani,ارماني,Sky Di Gioia,سكاي جيو النسائي,,,,,250,عطر سكاي جيو النسائي,Sky Di Gioia
3314,Giorgio Armani,ارماني,Sun di Gioia,صن جويا النسائي,,,,,250,عطر صن جويا النسائي,Sun di Gioia
3315,Givenchy,جيفنشي,Eau 2018,,,,,,200,,Eau 2018
3316,Givenchy,جيفنشي,Eaudemoiselle de Absolu d’Oranger,اوودوموازيل البرتقالي ابسولو اورانجر,,,,,300,عطر اوودوموازيل البرتقالي ابسولو اورانجر,Eaudemoiselle de Absolu d’Oranger
3317,Givenchy,جيفنشي,Eaudemoiselle de Rose a La Folie Toilette,اوودوموازيل جينفشي روز اي لا فولي,,,,,200,عطر اوودوموازيل جينفشي روز اي لا فولي,Eaudemoiselle de Rose a La Folie Toilette
3318,Givenchy,جيفنشي,Pi NeoEau de Toilette,باي نيو,,,,,200,عطر باي نيو,Pi NeoEau de Toilette
3319,Gucci,قوتشي,Flora Gorgeous gassmen,فلورا غورجيوس جاسمين,,,,,12,عطر فلورا غورجيوس جاسمين,Flora Gorgeous gassmen
3320,Gucci,قوتشي,Guilty Eau,غليتي النسائي,,,,,330,عطر غليتي النسائي,Guilty Eau
3321,Gucci,قوتشي,Guilty Stud Pour Homme,غيلتي ستود الرجالي الاصدار المحدود,,,,,290,عطر غيلتي ستود الرجالي الاصدار المحدود,Guilty Stud Pour Homme
3322,Gucci,قوتشي,Made To Measure Pour Homme,ميد تو ميجر بور اوم,,,,,250,عطر ميد تو ميجر بور اوم,Made To Measure Pour Homme
3323,Guerlain,غيرلان,Men Discovery Set,الرجالية أشهر عطور رجالية من الدار,,,,,53,عطر الرجالية أشهر عطور رجالية من الدار,Men Discovery Set
3324,Guerlain,غيرلان,Voile De Poudre,فويل بودر,,,,,290,عطر فويل بودر,Voile De Poudre
3325,Hermes,هيرمس,Terre Dhermes Eau Intense Vetiver,تيري انتنس فيتفير,,,,,420,عطر تيري انتنس فيتفير,Terre Dhermes Eau Intense Vetiver
3326,Initio,انيشيو,Blessed Baraka Parfums Prives,بليسد باراكا,,,,,770,عطر بليسد باراكا,Blessed Baraka Parfums Prives
3327,Initio,انيشيو,Discovery Set,إنيشيو أشهر عطور من الدار,,,,,88,عطر إنيشيو أشهر عطور من الدار,Discovery Set
3328,Initio,انيشيو,Mystic Experience Parfums Prives,ميستك اكسبرينس,,,,,770,عطر ميستك اكسبرينس,Mystic Experience Parfums Prives
3329,JeanPaulGaultie,جان بول غولتير,JPG Men Discovery Set,غولتييه الرجالية أشهر عطور من الدار,,,,,57,عطر غولتييه الرجالية أشهر عطور من الدار,JPG Men Discovery Set
3330,JeanPaulGaultie,جان بول غولتير,JPG Scandal Le Parfum Intense,غوتييه سكاندال لو إنتنس,,,,,500,عطر غوتييه سكاندال لو إنتنس,JPG Scandal Le Parfum Intense
3331,JeanPaulGaultie,جان بول غولتير,Jean Paul Gaultier I Love Gaultier Classique Eau Fraiche,اي لوف كلاسيك النسائي فريش,,,,,300,عطر اي لوف كلاسيك النسائي فريش,Jean Paul Gaultier I Love Gaultier Classique Eau Fraiche
3332,Kilian,كيليان,Discovery Set,أشهر عطور من الدار,,,,,110,عطر أشهر عطور من الدار,Discovery Set
3333,Kilian,كيليان,Good Girl Gone Bad Extreme BY,قود قيرل اكستريم,,,,,1050,عطر قود قيرل اكستريم,Good Girl Gone Bad Extreme BY
3334,Kilian,كيليان,x7. Paris Holiday Discovery,الاكتشاف من,,,,,650,عطر الاكتشاف من,x7. Paris Holiday Discovery
3335,Korloff,كورلوف,L’Extase Sensuelle,لوكشير سينسويل,,,,,295,عطر لوكشير سينسويل,L’Extase Sensuelle
3336,Lalique,لاليك,Linsoumis,لينسومي الرجالي,,,,,130,عطر لينسومي الرجالي,Linsoumis
3337,Lalique,لاليك,Linsoumis My Force,لينسومي ما فورس,,,,,190,عطر لينسومي ما فورس,Linsoumis My Force
3338,Lalique,لاليك,L’Origine Or Intemporel Noir Premier,لا اورجاين اور إنتمبرِل نوار بريمير,,,,,480,عطر لا اورجاين اور إنتمبرِل نوار بريمير,L’Origine Or Intemporel Noir Premier
3339,Lalique,لاليك,Pour Homme Horse,بور هوم الحصان,,,,,220,عطر بور هوم الحصان,Pour Homme Horse
3340,Lancome,لانكوم,Vie Est Belle L'Eau Intense,لافي اي بل انتنس,,,,,320,عطر لافي اي بل انتنس,Vie Est Belle L'Eau Intense
3341,Laurent Mazzone,لورنت مازون,Oud Anthology Gift Set - 5 Pcs,طقم لورين عود انثولوجي قطع,,,,,650,عطر طقم لورين عود انثولوجي قطع,Oud Anthology Gift Set - 5 Pcs
3342,Les Indemodables,ليه إنديمودابل,sie Escale En Haiti,ايسكال ان هايتي,,,,,770,عطر ايسكال ان هايتي,sie Escale En Haiti
3343,Lola Mood,لولا مود,Red Carpet Attitude Kate,ريد كاربت اتيتيود كايت,,,,,350,عطر ريد كاربت اتيتيود كايت,Red Carpet Attitude Kate
3344,Louis Vuitton,لويس فيتون,Discovery Set,أشهر عطور من الدار,,,,,108,عطر أشهر عطور من الدار,Discovery Set
3345,Mont Blanc,مونت بلانك,Explorer,اكسبلورر,,,,,250,عطر اكسبلورر,Explorer
3346,Mont Blanc,مونت بلانك,Legend Intense,ليجند انتنس,,,,,150,عطر ليجند انتنس,Legend Intense
3347,Mont Blanc,مونت بلانك,Starwalker,ستاروكر,,,,,160,عطر ستاروكر,Starwalker
3348,Mugler,موغلر,Alien Hair Mist,تيري ألين للشعر,,,,,250,عطر تيري ألين للشعر,Alien Hair Mist
3349,NarcisoRodriguez,نرسيسو رودريغز,Narciso Rodriguez Patchouli Musc,نارسيسو باتشولي مسك,,,,,450,عطر نارسيسو باتشولي مسك,Narciso Rodriguez Patchouli Musc
3350,NarcisoRodriguez,نرسيسو رودريغز,Narciso Rodriguez Santal Musc Intense,نارسيسو سانتال مسك انتنس,,,,,440,عطر نارسيسو سانتال مسك انتنس,Narciso Rodriguez Santal Musc Intense
3351,Nasomatto,ناسوماتو,Discovery Set,أقوى عطور من الدار,,,,,137,عطر أقوى عطور من الدار,Discovery Set
3352,Nishane,نيشاني,Icons Discovery Set,أيقونات أشهر عطور من الدار,,,,,78,عطر أيقونات أشهر عطور من الدار,Icons Discovery Set
3353,Olfattivo,لابوراتوريو,Mandarino - Labratorio,ماندرينو ادو,,,,,480,عطر ماندرينو ادو,Mandarino - Labratorio
3354,Ormonde Jayne,اورموند جين,Discovery Set,أورموند أشهر عطور من الدار,,,,,83,عطر أورموند أشهر عطور من الدار,Discovery Set
3355,Orto Parisi,اورتو باريسي,Discovery Set,باريزي أقوى عطور من الدار,,,,,95,عطر باريزي أقوى عطور من الدار,Discovery Set
3356,PENHALIGONS,بنهاليغونز,Discovery Set,أشهر عطور من الدار,,,,,83,عطر أشهر عطور من الدار,Discovery Set
3357,Paco Rabanne,باكو رابان,One Million Lucky,ون مليون لاكي,,,,,420,عطر ون مليون لاكي,One Million Lucky
3358,Parfums de Marly,مارلي,Connoisseur Discovery Set,الأكثر تفرداً أعمق عطور من الدار,,,,,85,عطر الأكثر تفرداً أعمق عطور من الدار,Connoisseur Discovery Set
3359,Parfums de Marly,مارلي,Icons Discovery Set,أيقونات أشهر عطور من الدار,,,,,80,عطر أيقونات أشهر عطور من الدار,Icons Discovery Set
3360,Parfums de Marly,مارلي,Lipizzan,ليبزان,,,,,650,عطر ليبزان,Lipizzan
3361,Roja Parfums,روجا بارفيومز,Discovery Set,الرجالية أفخم عطور من الدار,,,,,81,عطر الرجالية أفخم عطور من الدار,Discovery Set
3362,Roja Parfums,روجا بارفيومز,Manhattan Dove,مانهاتن,,,,,990,عطر مانهاتن,Manhattan Dove
3363,Sospiro,سوسبيرو,Discovery Set,أشهر عطور من الدار,,,,,77,عطر أشهر عطور من الدار,Discovery Set
3364,TOM FORD,توم فورد,Icons Discovery Set,أيقونات أشهر عطور من الدار,,,,,96,عطر أيقونات أشهر عطور من الدار,Icons Discovery Set
3365,TizianaTerenzi,تيزيانا تيرينزي,Paolo Terenzi. Tiziana Terenzi Saiph,سايف اكسترايت,,,,,600,عطر سايف اكسترايت,Paolo Terenzi. Tiziana Terenzi Saiph
3366,TizianaTerenzi,تيزيانا تيرينزي,Tiziana Terenzi Discovery Set,أشهر عطور من الدار,,,,,66,عطر أشهر عطور من الدار,Tiziana Terenzi Discovery Set
3367,Tory Burch,توري بورش,Luminous Musk,لومينيوس مسك,,,,2024,550,عطر لومينيوس مسك,Luminous Musk
3368,Unique'e Luxury,يونيك لاكجري,DISCOVERY,طقم ديسكوفري ست من لكجري,,,,,560,عطر طقم ديسكوفري ست من لكجري,DISCOVERY
3369,Valentino,فالنتينو,Uomo Edition Noir,اومو اديشن نوار,,,,,470,عطر اومو اديشن نوار,Uomo Edition Noir
3370,Valentino,فالنتينو,Valentina Assoluto Intense,وردة واحدة فالنتينا اسولوتو,,,,,350,عطر وردة واحدة فالنتينا اسولوتو,Valentina Assoluto Intense
3371,Van Cleef,فان كليف اند اربلز,& Arpels In NewYork,ان نيويورك,,,,,150,عطر ان نيويورك,& Arpels In NewYork
3372,Versace,فرزاتشي,Yellow Diamond Intense Eau,يلو دياموند انتنس,,,,,290,عطر يلو دياموند انتنس,Yellow Diamond Intense Eau
3373,Vilhelm,فيلهلم,DO NOOT DESTPRP Parfumerie,فيليهلم نوت ديستيرب,,,,,175,عطر فيليهلم نوت ديستيرب,DO NOOT DESTPRP Parfumerie
3374,XERJOFF,زيرجوف,Icons Discovery Set,أيقونات أشهر عطور من الدار,,,,,85,عطر أيقونات أشهر عطور من الدار,Icons Discovery Set
3375,XERJOFF,زيرجوف,Knots40,عقدة,,,,,17,عطر عقدة,Knots40
3376,Yves Saint Laur,ايف سان لوران,Laurent Sharienne,سهارين,,,,,500,عطر سهارين,Laurent Sharienne
3377,Yves Saint Laur,ايف سان لوران,Laurent Y Live Intense,واي لايف انتنس,,,,,375,عطر واي لايف انتنس,Laurent Y Live Intense
3378,Yves Saint Laur,ايف سان لوران,Santal Accord Daim,رو لونيفيرسيتي سانتال اكورد دايم,,,,,1050,عطر رو لونيفيرسيتي سانتال اكورد دايم,Santal Accord Daim
3379,Yves Saint Laur,ايف سان لوران,YSL Men Discovery Set,الرجالية أشهر عطور رجالية من الدار,,,,,61,عطر الرجالية أشهر عطور رجالية من الدار,YSL Men Discovery Set
3380,nasamat najd,نسمات نجد,NOIR,نوار,,,,,366,عطر نوار,NOIR
